scenario_id,epsilon,trial,mode,player,info_set,action,probability
1,0.0,0,range_scaled,Batter,1,Swing,0.6314727606618026
1,0.0,0,range_scaled,Batter,1,Take,0.3685272393381974
1,0.0,0,range_scaled,Batter,2,Swing,1.0
1,0.0,0,range_scaled,Batter,2,Take,0.0
1,0.0,0,range_scaled,Batter,3,Swing,0.0
1,0.0,0,range_scaled,Batter,3,Take,1.0
1,0.0,0,range_scaled,Batter,4,Swing,1.0
1,0.0,0,range_scaled,Batter,4,Take,0.0
1,0.0,0,range_scaled,Batter,5,Swing,0.0
1,0.0,0,range_scaled,Batter,5,Take,1.0
1,0.0,0,range_scaled,Batter,6,Swing,1.0
1,0.0,0,range_scaled,Batter,6,Take,0.0
1,0.0,0,range_scaled,Batter,7,Swing,0.8317295052344474
1,0.0,0,range_scaled,Batter,7,Take,0.16827049476555278
1,0.0,0,range_scaled,Batter,8,Swing,1.0
1,0.0,0,range_scaled,Batter,8,Take,0.0
1,0.0,0,range_scaled,Batter,9,Swing,0.6490493057443412
1,0.0,0,range_scaled,Batter,9,Take,0.35095069425565883
1,0.0,0,range_scaled,Batter,10,Swing,1.0
1,0.0,0,range_scaled,Batter,10,Take,0.0
1,0.0,0,range_scaled,Batter,11,Swing,0.0
1,0.0,0,range_scaled,Batter,11,Take,1.0
1,0.0,0,range_scaled,Batter,12,Swing,1.0
1,0.0,0,range_scaled,Batter,12,Take,0.0
1,0.0,0,range_scaled,Batter,13,Swing,0.0
1,0.0,0,range_scaled,Batter,13,Take,1.0
1,0.0,0,range_scaled,Batter,14,Swing,1.0
1,0.0,0,range_scaled,Batter,14,Take,0.0
1,0.0,0,range_scaled,Batter,15,Swing,0.35459983739423045
1,0.0,0,range_scaled,Batter,15,Take,0.6454001626057696
1,0.0,0,range_scaled,Batter,16,Swing,1.0
1,0.0,0,range_scaled,Batter,16,Take,0.0
1,0.0,0,range_scaled,Batter,17,Swing,0.8317295052344472
1,0.0,0,range_scaled,Batter,17,Take,0.16827049476555275
1,0.0,0,range_scaled,Pitcher,1,Fastball_Bottom,0.0
1,0.0,0,range_scaled,Pitcher,1,Fastball_Middle,0.0
1,0.0,0,range_scaled,Pitcher,1,Fastball_Top,0.25454412422147665
1,0.0,0,range_scaled,Pitcher,1,Fastball_Chase,-0.0
1,0.0,0,range_scaled,Pitcher,1,Offspeed_Bottom,0.0
1,0.0,0,range_scaled,Pitcher,1,Offspeed_Middle,0.0
1,0.0,0,range_scaled,Pitcher,1,Offspeed_Top,-0.0
1,0.0,0,range_scaled,Pitcher,1,Offspeed_Chase,0.7454558757785233
1,0.0,0,range_scaled,Pitcher,2,Fastball_Bottom,0.125
1,0.0,0,range_scaled,Pitcher,2,Fastball_Middle,0.125
1,0.0,0,range_scaled,Pitcher,2,Fastball_Top,0.125
1,0.0,0,range_scaled,Pitcher,2,Fastball_Chase,0.125
1,0.0,0,range_scaled,Pitcher,2,Offspeed_Bottom,0.125
1,0.0,0,range_scaled,Pitcher,2,Offspeed_Middle,0.125
1,0.0,0,range_scaled,Pitcher,2,Offspeed_Top,0.125
1,0.0,0,range_scaled,Pitcher,2,Offspeed_Chase,0.125
1,0.0,0,range_scaled,Pitcher,3,Fastball_Bottom,0.125
1,0.0,0,range_scaled,Pitcher,3,Fastball_Middle,0.125
1,0.0,0,range_scaled,Pitcher,3,Fastball_Top,0.125
1,0.0,0,range_scaled,Pitcher,3,Fastball_Chase,0.125
1,0.0,0,range_scaled,Pitcher,3,Offspeed_Bottom,0.125
1,0.0,0,range_scaled,Pitcher,3,Offspeed_Middle,0.125
1,0.0,0,range_scaled,Pitcher,3,Offspeed_Top,0.125
1,0.0,0,range_scaled,Pitcher,3,Offspeed_Chase,0.125
1,0.0,0,range_scaled,Pitcher,4,Fastball_Bottom,0.125
1,0.0,0,range_scaled,Pitcher,4,Fastball_Middle,0.125
1,0.0,0,range_scaled,Pitcher,4,Fastball_Top,0.125
1,0.0,0,range_scaled,Pitcher,4,Fastball_Chase,0.125
1,0.0,0,range_scaled,Pitcher,4,Offspeed_Bottom,0.125
1,0.0,0,range_scaled,Pitcher,4,Offspeed_Middle,0.125
1,0.0,0,range_scaled,Pitcher,4,Offspeed_Top,0.125
1,0.0,0,range_scaled,Pitcher,4,Offspeed_Chase,0.125
1,0.0,0,range_scaled,Pitcher,5,Fastball_Bottom,0.125
1,0.0,0,range_scaled,Pitcher,5,Fastball_Middle,0.125
1,0.0,0,range_scaled,Pitcher,5,Fastball_Top,0.125
1,0.0,0,range_scaled,Pitcher,5,Fastball_Chase,0.125
1,0.0,0,range_scaled,Pitcher,5,Offspeed_Bottom,0.125
1,0.0,0,range_scaled,Pitcher,5,Offspeed_Middle,0.125
1,0.0,0,range_scaled,Pitcher,5,Offspeed_Top,0.125
1,0.0,0,range_scaled,Pitcher,5,Offspeed_Chase,0.125
1,0.0,0,range_scaled,Pitcher,6,Fastball_Bottom,1.0
1,0.0,0,range_scaled,Pitcher,6,Fastball_Middle,0.0
1,0.0,0,range_scaled,Pitcher,6,Fastball_Top,0.0
1,0.0,0,range_scaled,Pitcher,6,Fastball_Chase,0.0
1,0.0,0,range_scaled,Pitcher,6,Offspeed_Bottom,0.0
1,0.0,0,range_scaled,Pitcher,6,Offspeed_Middle,0.0
1,0.0,0,range_scaled,Pitcher,6,Offspeed_Top,0.0
1,0.0,0,range_scaled,Pitcher,6,Offspeed_Chase,0.0
1,0.0,0,range_scaled,Pitcher,7,Fastball_Bottom,0.0
1,0.0,0,range_scaled,Pitcher,7,Fastball_Middle,0.0
1,0.0,0,range_scaled,Pitcher,7,Fastball_Top,0.8331429766919339
1,0.0,0,range_scaled,Pitcher,7,Fastball_Chase,0.0
1,0.0,0,range_scaled,Pitcher,7,Offspeed_Bottom,0.0
1,0.0,0,range_scaled,Pitcher,7,Offspeed_Middle,0.0
1,0.0,0,range_scaled,Pitcher,7,Offspeed_Top,0.0
1,0.0,0,range_scaled,Pitcher,7,Offspeed_Chase,0.16685702330806562
1,0.0,0,range_scaled,Pitcher,8,Fastball_Bottom,0.125
1,0.0,0,range_scaled,Pitcher,8,Fastball_Middle,0.125
1,0.0,0,range_scaled,Pitcher,8,Fastball_Top,0.125
1,0.0,0,range_scaled,Pitcher,8,Fastball_Chase,0.125
1,0.0,0,range_scaled,Pitcher,8,Offspeed_Bottom,0.125
1,0.0,0,range_scaled,Pitcher,8,Offspeed_Middle,0.125
1,0.0,0,range_scaled,Pitcher,8,Offspeed_Top,0.125
1,0.0,0,range_scaled,Pitcher,8,Offspeed_Chase,0.125
1,0.0,0,range_scaled,Pitcher,9,Fastball_Bottom,0.125
1,0.0,0,range_scaled,Pitcher,9,Fastball_Middle,0.125
1,0.0,0,range_scaled,Pitcher,9,Fastball_Top,0.125
1,0.0,0,range_scaled,Pitcher,9,Fastball_Chase,0.125
1,0.0,0,range_scaled,Pitcher,9,Offspeed_Bottom,0.125
1,0.0,0,range_scaled,Pitcher,9,Offspeed_Middle,0.125
1,0.0,0,range_scaled,Pitcher,9,Offspeed_Top,0.125
1,0.0,0,range_scaled,Pitcher,9,Offspeed_Chase,0.125
1,0.0,0,range_scaled,Pitcher,10,Fastball_Bottom,0.125
1,0.0,0,range_scaled,Pitcher,10,Fastball_Middle,0.125
1,0.0,0,range_scaled,Pitcher,10,Fastball_Top,0.125
1,0.0,0,range_scaled,Pitcher,10,Fastball_Chase,0.125
1,0.0,0,range_scaled,Pitcher,10,Offspeed_Bottom,0.125
1,0.0,0,range_scaled,Pitcher,10,Offspeed_Middle,0.125
1,0.0,0,range_scaled,Pitcher,10,Offspeed_Top,0.125
1,0.0,0,range_scaled,Pitcher,10,Offspeed_Chase,0.125
1,0.0,0,range_scaled,Pitcher,11,Fastball_Bottom,0.125
1,0.0,0,range_scaled,Pitcher,11,Fastball_Middle,0.125
1,0.0,0,range_scaled,Pitcher,11,Fastball_Top,0.125
1,0.0,0,range_scaled,Pitcher,11,Fastball_Chase,0.125
1,0.0,0,range_scaled,Pitcher,11,Offspeed_Bottom,0.125
1,0.0,0,range_scaled,Pitcher,11,Offspeed_Middle,0.125
1,0.0,0,range_scaled,Pitcher,11,Offspeed_Top,0.125
1,0.0,0,range_scaled,Pitcher,11,Offspeed_Chase,0.125
1,0.0,0,range_scaled,Pitcher,12,Fastball_Bottom,0.125
1,0.0,0,range_scaled,Pitcher,12,Fastball_Middle,0.125
1,0.0,0,range_scaled,Pitcher,12,Fastball_Top,0.125
1,0.0,0,range_scaled,Pitcher,12,Fastball_Chase,0.125
1,0.0,0,range_scaled,Pitcher,12,Offspeed_Bottom,0.125
1,0.0,0,range_scaled,Pitcher,12,Offspeed_Middle,0.125
1,0.0,0,range_scaled,Pitcher,12,Offspeed_Top,0.125
1,0.0,0,range_scaled,Pitcher,12,Offspeed_Chase,0.125
1,0.0,0,range_scaled,Pitcher,13,Fastball_Bottom,0.125
1,0.0,0,range_scaled,Pitcher,13,Fastball_Middle,0.125
1,0.0,0,range_scaled,Pitcher,13,Fastball_Top,0.125
1,0.0,0,range_scaled,Pitcher,13,Fastball_Chase,0.125
1,0.0,0,range_scaled,Pitcher,13,Offspeed_Bottom,0.125
1,0.0,0,range_scaled,Pitcher,13,Offspeed_Middle,0.125
1,0.0,0,range_scaled,Pitcher,13,Offspeed_Top,0.125
1,0.0,0,range_scaled,Pitcher,13,Offspeed_Chase,0.125
1,0.0,0,range_scaled,Pitcher,14,Fastball_Bottom,0.125
1,0.0,0,range_scaled,Pitcher,14,Fastball_Middle,0.125
1,0.0,0,range_scaled,Pitcher,14,Fastball_Top,0.125
1,0.0,0,range_scaled,Pitcher,14,Fastball_Chase,0.125
1,0.0,0,range_scaled,Pitcher,14,Offspeed_Bottom,0.125
1,0.0,0,range_scaled,Pitcher,14,Offspeed_Middle,0.125
1,0.0,0,range_scaled,Pitcher,14,Offspeed_Top,0.125
1,0.0,0,range_scaled,Pitcher,14,Offspeed_Chase,0.125
1,0.0,0,range_scaled,Pitcher,15,Fastball_Bottom,0.125
1,0.0,0,range_scaled,Pitcher,15,Fastball_Middle,0.125
1,0.0,0,range_scaled,Pitcher,15,Fastball_Top,0.125
1,0.0,0,range_scaled,Pitcher,15,Fastball_Chase,0.125
1,0.0,0,range_scaled,Pitcher,15,Offspeed_Bottom,0.125
1,0.0,0,range_scaled,Pitcher,15,Offspeed_Middle,0.125
1,0.0,0,range_scaled,Pitcher,15,Offspeed_Top,0.125
1,0.0,0,range_scaled,Pitcher,15,Offspeed_Chase,0.125
1,0.0,0,range_scaled,Pitcher,16,Fastball_Bottom,1.0
1,0.0,0,range_scaled,Pitcher,16,Fastball_Middle,0.0
1,0.0,0,range_scaled,Pitcher,16,Fastball_Top,0.0
1,0.0,0,range_scaled,Pitcher,16,Fastball_Chase,0.0
1,0.0,0,range_scaled,Pitcher,16,Offspeed_Bottom,0.0
1,0.0,0,range_scaled,Pitcher,16,Offspeed_Middle,0.0
1,0.0,0,range_scaled,Pitcher,16,Offspeed_Top,0.0
1,0.0,0,range_scaled,Pitcher,16,Offspeed_Chase,0.0
1,0.0,0,range_scaled,Pitcher,17,Fastball_Bottom,0.0
1,0.0,0,range_scaled,Pitcher,17,Fastball_Middle,0.0
1,0.0,0,range_scaled,Pitcher,17,Fastball_Top,0.8331429766919344
1,0.0,0,range_scaled,Pitcher,17,Fastball_Chase,0.0
1,0.0,0,range_scaled,Pitcher,17,Offspeed_Bottom,0.0
1,0.0,0,range_scaled,Pitcher,17,Offspeed_Middle,0.0
1,0.0,0,range_scaled,Pitcher,17,Offspeed_Top,0.0
1,0.0,0,range_scaled,Pitcher,17,Offspeed_Chase,0.16685702330806568
2,0.01,0,range_scaled,Batter,1,Swing,0.7100096394216145
2,0.01,0,range_scaled,Batter,1,Take,0.28999036057838545
2,0.01,0,range_scaled,Batter,2,Swing,1.0
2,0.01,0,range_scaled,Batter,2,Take,0.0
2,0.01,0,range_scaled,Batter,3,Swing,1.0
2,0.01,0,range_scaled,Batter,3,Take,0.0
2,0.01,0,range_scaled,Batter,4,Swing,1.0
2,0.01,0,range_scaled,Batter,4,Take,0.0
2,0.01,0,range_scaled,Batter,5,Swing,0.0
2,0.01,0,range_scaled,Batter,5,Take,1.0
2,0.01,0,range_scaled,Batter,6,Swing,1.0
2,0.01,0,range_scaled,Batter,6,Take,0.0
2,0.01,0,range_scaled,Batter,7,Swing,0.0
2,0.01,0,range_scaled,Batter,7,Take,1.0
2,0.01,0,range_scaled,Batter,8,Swing,1.0
2,0.01,0,range_scaled,Batter,8,Take,0.0
2,0.01,0,range_scaled,Batter,9,Swing,0.40044536231364136
2,0.01,0,range_scaled,Batter,9,Take,0.5995546376863587
2,0.01,0,range_scaled,Batter,10,Swing,1.0
2,0.01,0,range_scaled,Batter,10,Take,0.0
2,0.01,0,range_scaled,Batter,11,Swing,0.0
2,0.01,0,range_scaled,Batter,11,Take,1.0
2,0.01,0,range_scaled,Batter,12,Swing,1.0
2,0.01,0,range_scaled,Batter,12,Take,0.0
2,0.01,0,range_scaled,Batter,13,Swing,1.0
2,0.01,0,range_scaled,Batter,13,Take,0.0
2,0.01,0,range_scaled,Batter,14,Swing,1.0
2,0.01,0,range_scaled,Batter,14,Take,0.0
2,0.01,0,range_scaled,Batter,15,Swing,0.9072608106205499
2,0.01,0,range_scaled,Batter,15,Take,0.09273918937945003
2,0.01,0,range_scaled,Batter,16,Swing,1.0
2,0.01,0,range_scaled,Batter,16,Take,0.0
2,0.01,0,range_scaled,Batter,17,Swing,0.832066021772514
2,0.01,0,range_scaled,Batter,17,Take,0.1679339782274861
2,0.01,0,range_scaled,Pitcher,1,Fastball_Bottom,0.0
2,0.01,0,range_scaled,Pitcher,1,Fastball_Middle,0.0
2,0.01,0,range_scaled,Pitcher,1,Fastball_Top,0.0
2,0.01,0,range_scaled,Pitcher,1,Fastball_Chase,0.0
2,0.01,0,range_scaled,Pitcher,1,Offspeed_Bottom,0.0
2,0.01,0,range_scaled,Pitcher,1,Offspeed_Middle,0.0
2,0.01,0,range_scaled,Pitcher,1,Offspeed_Top,0.3219333931002001
2,0.01,0,range_scaled,Pitcher,1,Offspeed_Chase,0.6780666068997999
2,0.01,0,range_scaled,Pitcher,2,Fastball_Bottom,0.125
2,0.01,0,range_scaled,Pitcher,2,Fastball_Middle,0.125
2,0.01,0,range_scaled,Pitcher,2,Fastball_Top,0.125
2,0.01,0,range_scaled,Pitcher,2,Fastball_Chase,0.125
2,0.01,0,range_scaled,Pitcher,2,Offspeed_Bottom,0.125
2,0.01,0,range_scaled,Pitcher,2,Offspeed_Middle,0.125
2,0.01,0,range_scaled,Pitcher,2,Offspeed_Top,0.125
2,0.01,0,range_scaled,Pitcher,2,Offspeed_Chase,0.125
2,0.01,0,range_scaled,Pitcher,3,Fastball_Bottom,0.125
2,0.01,0,range_scaled,Pitcher,3,Fastball_Middle,0.125
2,0.01,0,range_scaled,Pitcher,3,Fastball_Top,0.125
2,0.01,0,range_scaled,Pitcher,3,Fastball_Chase,0.125
2,0.01,0,range_scaled,Pitcher,3,Offspeed_Bottom,0.125
2,0.01,0,range_scaled,Pitcher,3,Offspeed_Middle,0.125
2,0.01,0,range_scaled,Pitcher,3,Offspeed_Top,0.125
2,0.01,0,range_scaled,Pitcher,3,Offspeed_Chase,0.125
2,0.01,0,range_scaled,Pitcher,4,Fastball_Bottom,0.125
2,0.01,0,range_scaled,Pitcher,4,Fastball_Middle,0.125
2,0.01,0,range_scaled,Pitcher,4,Fastball_Top,0.125
2,0.01,0,range_scaled,Pitcher,4,Fastball_Chase,0.125
2,0.01,0,range_scaled,Pitcher,4,Offspeed_Bottom,0.125
2,0.01,0,range_scaled,Pitcher,4,Offspeed_Middle,0.125
2,0.01,0,range_scaled,Pitcher,4,Offspeed_Top,0.125
2,0.01,0,range_scaled,Pitcher,4,Offspeed_Chase,0.125
2,0.01,0,range_scaled,Pitcher,5,Fastball_Bottom,0.125
2,0.01,0,range_scaled,Pitcher,5,Fastball_Middle,0.125
2,0.01,0,range_scaled,Pitcher,5,Fastball_Top,0.125
2,0.01,0,range_scaled,Pitcher,5,Fastball_Chase,0.125
2,0.01,0,range_scaled,Pitcher,5,Offspeed_Bottom,0.125
2,0.01,0,range_scaled,Pitcher,5,Offspeed_Middle,0.125
2,0.01,0,range_scaled,Pitcher,5,Offspeed_Top,0.125
2,0.01,0,range_scaled,Pitcher,5,Offspeed_Chase,0.125
2,0.01,0,range_scaled,Pitcher,6,Fastball_Bottom,0.125
2,0.01,0,range_scaled,Pitcher,6,Fastball_Middle,0.125
2,0.01,0,range_scaled,Pitcher,6,Fastball_Top,0.125
2,0.01,0,range_scaled,Pitcher,6,Fastball_Chase,0.125
2,0.01,0,range_scaled,Pitcher,6,Offspeed_Bottom,0.125
2,0.01,0,range_scaled,Pitcher,6,Offspeed_Middle,0.125
2,0.01,0,range_scaled,Pitcher,6,Offspeed_Top,0.125
2,0.01,0,range_scaled,Pitcher,6,Offspeed_Chase,0.125
2,0.01,0,range_scaled,Pitcher,7,Fastball_Bottom,0.125
2,0.01,0,range_scaled,Pitcher,7,Fastball_Middle,0.125
2,0.01,0,range_scaled,Pitcher,7,Fastball_Top,0.125
2,0.01,0,range_scaled,Pitcher,7,Fastball_Chase,0.125
2,0.01,0,range_scaled,Pitcher,7,Offspeed_Bottom,0.125
2,0.01,0,range_scaled,Pitcher,7,Offspeed_Middle,0.125
2,0.01,0,range_scaled,Pitcher,7,Offspeed_Top,0.125
2,0.01,0,range_scaled,Pitcher,7,Offspeed_Chase,0.125
2,0.01,0,range_scaled,Pitcher,8,Fastball_Bottom,0.125
2,0.01,0,range_scaled,Pitcher,8,Fastball_Middle,0.125
2,0.01,0,range_scaled,Pitcher,8,Fastball_Top,0.125
2,0.01,0,range_scaled,Pitcher,8,Fastball_Chase,0.125
2,0.01,0,range_scaled,Pitcher,8,Offspeed_Bottom,0.125
2,0.01,0,range_scaled,Pitcher,8,Offspeed_Middle,0.125
2,0.01,0,range_scaled,Pitcher,8,Offspeed_Top,0.125
2,0.01,0,range_scaled,Pitcher,8,Offspeed_Chase,0.125
2,0.01,0,range_scaled,Pitcher,9,Fastball_Bottom,0.125
2,0.01,0,range_scaled,Pitcher,9,Fastball_Middle,0.125
2,0.01,0,range_scaled,Pitcher,9,Fastball_Top,0.125
2,0.01,0,range_scaled,Pitcher,9,Fastball_Chase,0.125
2,0.01,0,range_scaled,Pitcher,9,Offspeed_Bottom,0.125
2,0.01,0,range_scaled,Pitcher,9,Offspeed_Middle,0.125
2,0.01,0,range_scaled,Pitcher,9,Offspeed_Top,0.125
2,0.01,0,range_scaled,Pitcher,9,Offspeed_Chase,0.125
2,0.01,0,range_scaled,Pitcher,10,Fastball_Bottom,0.125
2,0.01,0,range_scaled,Pitcher,10,Fastball_Middle,0.125
2,0.01,0,range_scaled,Pitcher,10,Fastball_Top,0.125
2,0.01,0,range_scaled,Pitcher,10,Fastball_Chase,0.125
2,0.01,0,range_scaled,Pitcher,10,Offspeed_Bottom,0.125
2,0.01,0,range_scaled,Pitcher,10,Offspeed_Middle,0.125
2,0.01,0,range_scaled,Pitcher,10,Offspeed_Top,0.125
2,0.01,0,range_scaled,Pitcher,10,Offspeed_Chase,0.125
2,0.01,0,range_scaled,Pitcher,11,Fastball_Bottom,0.125
2,0.01,0,range_scaled,Pitcher,11,Fastball_Middle,0.125
2,0.01,0,range_scaled,Pitcher,11,Fastball_Top,0.125
2,0.01,0,range_scaled,Pitcher,11,Fastball_Chase,0.125
2,0.01,0,range_scaled,Pitcher,11,Offspeed_Bottom,0.125
2,0.01,0,range_scaled,Pitcher,11,Offspeed_Middle,0.125
2,0.01,0,range_scaled,Pitcher,11,Offspeed_Top,0.125
2,0.01,0,range_scaled,Pitcher,11,Offspeed_Chase,0.125
2,0.01,0,range_scaled,Pitcher,12,Fastball_Bottom,0.125
2,0.01,0,range_scaled,Pitcher,12,Fastball_Middle,0.125
2,0.01,0,range_scaled,Pitcher,12,Fastball_Top,0.125
2,0.01,0,range_scaled,Pitcher,12,Fastball_Chase,0.125
2,0.01,0,range_scaled,Pitcher,12,Offspeed_Bottom,0.125
2,0.01,0,range_scaled,Pitcher,12,Offspeed_Middle,0.125
2,0.01,0,range_scaled,Pitcher,12,Offspeed_Top,0.125
2,0.01,0,range_scaled,Pitcher,12,Offspeed_Chase,0.125
2,0.01,0,range_scaled,Pitcher,13,Fastball_Bottom,0.125
2,0.01,0,range_scaled,Pitcher,13,Fastball_Middle,0.125
2,0.01,0,range_scaled,Pitcher,13,Fastball_Top,0.125
2,0.01,0,range_scaled,Pitcher,13,Fastball_Chase,0.125
2,0.01,0,range_scaled,Pitcher,13,Offspeed_Bottom,0.125
2,0.01,0,range_scaled,Pitcher,13,Offspeed_Middle,0.125
2,0.01,0,range_scaled,Pitcher,13,Offspeed_Top,0.125
2,0.01,0,range_scaled,Pitcher,13,Offspeed_Chase,0.125
2,0.01,0,range_scaled,Pitcher,14,Fastball_Bottom,1.0
2,0.01,0,range_scaled,Pitcher,14,Fastball_Middle,0.0
2,0.01,0,range_scaled,Pitcher,14,Fastball_Top,0.0
2,0.01,0,range_scaled,Pitcher,14,Fastball_Chase,0.0
2,0.01,0,range_scaled,Pitcher,14,Offspeed_Bottom,0.0
2,0.01,0,range_scaled,Pitcher,14,Offspeed_Middle,0.0
2,0.01,0,range_scaled,Pitcher,14,Offspeed_Top,0.0
2,0.01,0,range_scaled,Pitcher,14,Offspeed_Chase,0.0
2,0.01,0,range_scaled,Pitcher,15,Fastball_Bottom,0.0
2,0.01,0,range_scaled,Pitcher,15,Fastball_Middle,0.0
2,0.01,0,range_scaled,Pitcher,15,Fastball_Top,0.0
2,0.01,0,range_scaled,Pitcher,15,Fastball_Chase,0.0
2,0.01,0,range_scaled,Pitcher,15,Offspeed_Bottom,0.0
2,0.01,0,range_scaled,Pitcher,15,Offspeed_Middle,0.0
2,0.01,0,range_scaled,Pitcher,15,Offspeed_Top,0.8441034233192686
2,0.01,0,range_scaled,Pitcher,15,Offspeed_Chase,0.15589657668073165
2,0.01,0,range_scaled,Pitcher,16,Fastball_Bottom,1.0
2,0.01,0,range_scaled,Pitcher,16,Fastball_Middle,0.0
2,0.01,0,range_scaled,Pitcher,16,Fastball_Top,0.0
2,0.01,0,range_scaled,Pitcher,16,Fastball_Chase,0.0
2,0.01,0,range_scaled,Pitcher,16,Offspeed_Bottom,0.0
2,0.01,0,range_scaled,Pitcher,16,Offspeed_Middle,0.0
2,0.01,0,range_scaled,Pitcher,16,Offspeed_Top,0.0
2,0.01,0,range_scaled,Pitcher,16,Offspeed_Chase,0.0
2,0.01,0,range_scaled,Pitcher,17,Fastball_Bottom,0.0
2,0.01,0,range_scaled,Pitcher,17,Fastball_Middle,0.0
2,0.01,0,range_scaled,Pitcher,17,Fastball_Top,0.0
2,0.01,0,range_scaled,Pitcher,17,Fastball_Chase,0.09930280584069225
2,0.01,0,range_scaled,Pitcher,17,Offspeed_Bottom,0.0
2,0.01,0,range_scaled,Pitcher,17,Offspeed_Middle,0.0
2,0.01,0,range_scaled,Pitcher,17,Offspeed_Top,0.9006971941593078
2,0.01,0,range_scaled,Pitcher,17,Offspeed_Chase,0.0
3,0.01,1,range_scaled,Batter,1,Swing,0.6413565324598876
3,0.01,1,range_scaled,Batter,1,Take,0.35864346754011245
3,0.01,1,range_scaled,Batter,2,Swing,1.0
3,0.01,1,range_scaled,Batter,2,Take,0.0
3,0.01,1,range_scaled,Batter,3,Swing,0.0
3,0.01,1,range_scaled,Batter,3,Take,1.0
3,0.01,1,range_scaled,Batter,4,Swing,1.0
3,0.01,1,range_scaled,Batter,4,Take,0.0
3,0.01,1,range_scaled,Batter,5,Swing,0.0
3,0.01,1,range_scaled,Batter,5,Take,1.0
3,0.01,1,range_scaled,Batter,6,Swing,1.0
3,0.01,1,range_scaled,Batter,6,Take,0.0
3,0.01,1,range_scaled,Batter,7,Swing,0.7865642674439096
3,0.01,1,range_scaled,Batter,7,Take,0.21343573255609027
3,0.01,1,range_scaled,Batter,8,Swing,1.0
3,0.01,1,range_scaled,Batter,8,Take,0.0
3,0.01,1,range_scaled,Batter,9,Swing,0.30650437538412945
3,0.01,1,range_scaled,Batter,9,Take,0.6934956246158706
3,0.01,1,range_scaled,Batter,10,Swing,1.0
3,0.01,1,range_scaled,Batter,10,Take,0.0
3,0.01,1,range_scaled,Batter,11,Swing,1.0
3,0.01,1,range_scaled,Batter,11,Take,0.0
3,0.01,1,range_scaled,Batter,12,Swing,1.0
3,0.01,1,range_scaled,Batter,12,Take,0.0
3,0.01,1,range_scaled,Batter,13,Swing,1.0
3,0.01,1,range_scaled,Batter,13,Take,0.0
3,0.01,1,range_scaled,Batter,14,Swing,1.0
3,0.01,1,range_scaled,Batter,14,Take,0.0
3,0.01,1,range_scaled,Batter,15,Swing,0.0
3,0.01,1,range_scaled,Batter,15,Take,1.0
3,0.01,1,range_scaled,Batter,16,Swing,1.0
3,0.01,1,range_scaled,Batter,16,Take,0.0
3,0.01,1,range_scaled,Batter,17,Swing,0.7644448886340318
3,0.01,1,range_scaled,Batter,17,Take,0.23555511136596818
3,0.01,1,range_scaled,Pitcher,1,Fastball_Bottom,0.0
3,0.01,1,range_scaled,Pitcher,1,Fastball_Middle,0.0
3,0.01,1,range_scaled,Pitcher,1,Fastball_Top,0.1928906867393464
3,0.01,1,range_scaled,Pitcher,1,Fastball_Chase,0.0
3,0.01,1,range_scaled,Pitcher,1,Offspeed_Bottom,0.0
3,0.01,1,range_scaled,Pitcher,1,Offspeed_Middle,0.0
3,0.01,1,range_scaled,Pitcher,1,Offspeed_Top,0.0
3,0.01,1,range_scaled,Pitcher,1,Offspeed_Chase,0.8071093132606536
3,0.01,1,range_scaled,Pitcher,2,Fastball_Bottom,0.125
3,0.01,1,range_scaled,Pitcher,2,Fastball_Middle,0.125
3,0.01,1,range_scaled,Pitcher,2,Fastball_Top,0.125
3,0.01,1,range_scaled,Pitcher,2,Fastball_Chase,0.125
3,0.01,1,range_scaled,Pitcher,2,Offspeed_Bottom,0.125
3,0.01,1,range_scaled,Pitcher,2,Offspeed_Middle,0.125
3,0.01,1,range_scaled,Pitcher,2,Offspeed_Top,0.125
3,0.01,1,range_scaled,Pitcher,2,Offspeed_Chase,0.125
3,0.01,1,range_scaled,Pitcher,3,Fastball_Bottom,0.125
3,0.01,1,range_scaled,Pitcher,3,Fastball_Middle,0.125
3,0.01,1,range_scaled,Pitcher,3,Fastball_Top,0.125
3,0.01,1,range_scaled,Pitcher,3,Fastball_Chase,0.125
3,0.01,1,range_scaled,Pitcher,3,Offspeed_Bottom,0.125
3,0.01,1,range_scaled,Pitcher,3,Offspeed_Middle,0.125
3,0.01,1,range_scaled,Pitcher,3,Offspeed_Top,0.125
3,0.01,1,range_scaled,Pitcher,3,Offspeed_Chase,0.125
3,0.01,1,range_scaled,Pitcher,4,Fastball_Bottom,0.125
3,0.01,1,range_scaled,Pitcher,4,Fastball_Middle,0.125
3,0.01,1,range_scaled,Pitcher,4,Fastball_Top,0.125
3,0.01,1,range_scaled,Pitcher,4,Fastball_Chase,0.125
3,0.01,1,range_scaled,Pitcher,4,Offspeed_Bottom,0.125
3,0.01,1,range_scaled,Pitcher,4,Offspeed_Middle,0.125
3,0.01,1,range_scaled,Pitcher,4,Offspeed_Top,0.125
3,0.01,1,range_scaled,Pitcher,4,Offspeed_Chase,0.125
3,0.01,1,range_scaled,Pitcher,5,Fastball_Bottom,0.125
3,0.01,1,range_scaled,Pitcher,5,Fastball_Middle,0.125
3,0.01,1,range_scaled,Pitcher,5,Fastball_Top,0.125
3,0.01,1,range_scaled,Pitcher,5,Fastball_Chase,0.125
3,0.01,1,range_scaled,Pitcher,5,Offspeed_Bottom,0.125
3,0.01,1,range_scaled,Pitcher,5,Offspeed_Middle,0.125
3,0.01,1,range_scaled,Pitcher,5,Offspeed_Top,0.125
3,0.01,1,range_scaled,Pitcher,5,Offspeed_Chase,0.125
3,0.01,1,range_scaled,Pitcher,6,Fastball_Bottom,1.0
3,0.01,1,range_scaled,Pitcher,6,Fastball_Middle,0.0
3,0.01,1,range_scaled,Pitcher,6,Fastball_Top,0.0
3,0.01,1,range_scaled,Pitcher,6,Fastball_Chase,0.0
3,0.01,1,range_scaled,Pitcher,6,Offspeed_Bottom,0.0
3,0.01,1,range_scaled,Pitcher,6,Offspeed_Middle,0.0
3,0.01,1,range_scaled,Pitcher,6,Offspeed_Top,0.0
3,0.01,1,range_scaled,Pitcher,6,Offspeed_Chase,0.0
3,0.01,1,range_scaled,Pitcher,7,Fastball_Bottom,0.0
3,0.01,1,range_scaled,Pitcher,7,Fastball_Middle,0.0
3,0.01,1,range_scaled,Pitcher,7,Fastball_Top,0.8201003681288447
3,0.01,1,range_scaled,Pitcher,7,Fastball_Chase,0.0
3,0.01,1,range_scaled,Pitcher,7,Offspeed_Bottom,0.0
3,0.01,1,range_scaled,Pitcher,7,Offspeed_Middle,0.0
3,0.01,1,range_scaled,Pitcher,7,Offspeed_Top,0.0
3,0.01,1,range_scaled,Pitcher,7,Offspeed_Chase,0.17989963187115496
3,0.01,1,range_scaled,Pitcher,8,Fastball_Bottom,0.125
3,0.01,1,range_scaled,Pitcher,8,Fastball_Middle,0.125
3,0.01,1,range_scaled,Pitcher,8,Fastball_Top,0.125
3,0.01,1,range_scaled,Pitcher,8,Fastball_Chase,0.125
3,0.01,1,range_scaled,Pitcher,8,Offspeed_Bottom,0.125
3,0.01,1,range_scaled,Pitcher,8,Offspeed_Middle,0.125
3,0.01,1,range_scaled,Pitcher,8,Offspeed_Top,0.125
3,0.01,1,range_scaled,Pitcher,8,Offspeed_Chase,0.125
3,0.01,1,range_scaled,Pitcher,9,Fastball_Bottom,0.125
3,0.01,1,range_scaled,Pitcher,9,Fastball_Middle,0.125
3,0.01,1,range_scaled,Pitcher,9,Fastball_Top,0.125
3,0.01,1,range_scaled,Pitcher,9,Fastball_Chase,0.125
3,0.01,1,range_scaled,Pitcher,9,Offspeed_Bottom,0.125
3,0.01,1,range_scaled,Pitcher,9,Offspeed_Middle,0.125
3,0.01,1,range_scaled,Pitcher,9,Offspeed_Top,0.125
3,0.01,1,range_scaled,Pitcher,9,Offspeed_Chase,0.125
3,0.01,1,range_scaled,Pitcher,10,Fastball_Bottom,0.125
3,0.01,1,range_scaled,Pitcher,10,Fastball_Middle,0.125
3,0.01,1,range_scaled,Pitcher,10,Fastball_Top,0.125
3,0.01,1,range_scaled,Pitcher,10,Fastball_Chase,0.125
3,0.01,1,range_scaled,Pitcher,10,Offspeed_Bottom,0.125
3,0.01,1,range_scaled,Pitcher,10,Offspeed_Middle,0.125
3,0.01,1,range_scaled,Pitcher,10,Offspeed_Top,0.125
3,0.01,1,range_scaled,Pitcher,10,Offspeed_Chase,0.125
3,0.01,1,range_scaled,Pitcher,11,Fastball_Bottom,0.125
3,0.01,1,range_scaled,Pitcher,11,Fastball_Middle,0.125
3,0.01,1,range_scaled,Pitcher,11,Fastball_Top,0.125
3,0.01,1,range_scaled,Pitcher,11,Fastball_Chase,0.125
3,0.01,1,range_scaled,Pitcher,11,Offspeed_Bottom,0.125
3,0.01,1,range_scaled,Pitcher,11,Offspeed_Middle,0.125
3,0.01,1,range_scaled,Pitcher,11,Offspeed_Top,0.125
3,0.01,1,range_scaled,Pitcher,11,Offspeed_Chase,0.125
3,0.01,1,range_scaled,Pitcher,12,Fastball_Bottom,0.125
3,0.01,1,range_scaled,Pitcher,12,Fastball_Middle,0.125
3,0.01,1,range_scaled,Pitcher,12,Fastball_Top,0.125
3,0.01,1,range_scaled,Pitcher,12,Fastball_Chase,0.125
3,0.01,1,range_scaled,Pitcher,12,Offspeed_Bottom,0.125
3,0.01,1,range_scaled,Pitcher,12,Offspeed_Middle,0.125
3,0.01,1,range_scaled,Pitcher,12,Offspeed_Top,0.125
3,0.01,1,range_scaled,Pitcher,12,Offspeed_Chase,0.125
3,0.01,1,range_scaled,Pitcher,13,Fastball_Bottom,0.125
3,0.01,1,range_scaled,Pitcher,13,Fastball_Middle,0.125
3,0.01,1,range_scaled,Pitcher,13,Fastball_Top,0.125
3,0.01,1,range_scaled,Pitcher,13,Fastball_Chase,0.125
3,0.01,1,range_scaled,Pitcher,13,Offspeed_Bottom,0.125
3,0.01,1,range_scaled,Pitcher,13,Offspeed_Middle,0.125
3,0.01,1,range_scaled,Pitcher,13,Offspeed_Top,0.125
3,0.01,1,range_scaled,Pitcher,13,Offspeed_Chase,0.125
3,0.01,1,range_scaled,Pitcher,14,Fastball_Bottom,0.125
3,0.01,1,range_scaled,Pitcher,14,Fastball_Middle,0.125
3,0.01,1,range_scaled,Pitcher,14,Fastball_Top,0.125
3,0.01,1,range_scaled,Pitcher,14,Fastball_Chase,0.125
3,0.01,1,range_scaled,Pitcher,14,Offspeed_Bottom,0.125
3,0.01,1,range_scaled,Pitcher,14,Offspeed_Middle,0.125
3,0.01,1,range_scaled,Pitcher,14,Offspeed_Top,0.125
3,0.01,1,range_scaled,Pitcher,14,Offspeed_Chase,0.125
3,0.01,1,range_scaled,Pitcher,15,Fastball_Bottom,0.125
3,0.01,1,range_scaled,Pitcher,15,Fastball_Middle,0.125
3,0.01,1,range_scaled,Pitcher,15,Fastball_Top,0.125
3,0.01,1,range_scaled,Pitcher,15,Fastball_Chase,0.125
3,0.01,1,range_scaled,Pitcher,15,Offspeed_Bottom,0.125
3,0.01,1,range_scaled,Pitcher,15,Offspeed_Middle,0.125
3,0.01,1,range_scaled,Pitcher,15,Offspeed_Top,0.125
3,0.01,1,range_scaled,Pitcher,15,Offspeed_Chase,0.125
3,0.01,1,range_scaled,Pitcher,16,Fastball_Bottom,1.0
3,0.01,1,range_scaled,Pitcher,16,Fastball_Middle,0.0
3,0.01,1,range_scaled,Pitcher,16,Fastball_Top,0.0
3,0.01,1,range_scaled,Pitcher,16,Fastball_Chase,0.0
3,0.01,1,range_scaled,Pitcher,16,Offspeed_Bottom,0.0
3,0.01,1,range_scaled,Pitcher,16,Offspeed_Middle,0.0
3,0.01,1,range_scaled,Pitcher,16,Offspeed_Top,0.0
3,0.01,1,range_scaled,Pitcher,16,Offspeed_Chase,0.0
3,0.01,1,range_scaled,Pitcher,17,Fastball_Bottom,0.7516419813167116
3,0.01,1,range_scaled,Pitcher,17,Fastball_Middle,0.0
3,0.01,1,range_scaled,Pitcher,17,Fastball_Top,0.0
3,0.01,1,range_scaled,Pitcher,17,Fastball_Chase,0.0
3,0.01,1,range_scaled,Pitcher,17,Offspeed_Bottom,0.0
3,0.01,1,range_scaled,Pitcher,17,Offspeed_Middle,0.0
3,0.01,1,range_scaled,Pitcher,17,Offspeed_Top,0.0
3,0.01,1,range_scaled,Pitcher,17,Offspeed_Chase,0.24835801868328844
4,0.01,2,range_scaled,Batter,1,Swing,0.5250884850339794
4,0.01,2,range_scaled,Batter,1,Take,0.4749115149660205
4,0.01,2,range_scaled,Batter,2,Swing,1.0
4,0.01,2,range_scaled,Batter,2,Take,0.0
4,0.01,2,range_scaled,Batter,3,Swing,1.0
4,0.01,2,range_scaled,Batter,3,Take,0.0
4,0.01,2,range_scaled,Batter,4,Swing,1.0
4,0.01,2,range_scaled,Batter,4,Take,0.0
4,0.01,2,range_scaled,Batter,5,Swing,0.0
4,0.01,2,range_scaled,Batter,5,Take,1.0
4,0.01,2,range_scaled,Batter,6,Swing,1.0
4,0.01,2,range_scaled,Batter,6,Take,0.0
4,0.01,2,range_scaled,Batter,7,Swing,0.5736220276235204
4,0.01,2,range_scaled,Batter,7,Take,0.4263779723764795
4,0.01,2,range_scaled,Batter,8,Swing,1.0
4,0.01,2,range_scaled,Batter,8,Take,0.0
4,0.01,2,range_scaled,Batter,9,Swing,0.8888698820608105
4,0.01,2,range_scaled,Batter,9,Take,0.11113011793918949
4,0.01,2,range_scaled,Batter,10,Swing,1.0
4,0.01,2,range_scaled,Batter,10,Take,0.0
4,0.01,2,range_scaled,Batter,11,Swing,0.0
4,0.01,2,range_scaled,Batter,11,Take,1.0
4,0.01,2,range_scaled,Batter,12,Swing,1.0
4,0.01,2,range_scaled,Batter,12,Take,0.0
4,0.01,2,range_scaled,Batter,13,Swing,0.0
4,0.01,2,range_scaled,Batter,13,Take,1.0
4,0.01,2,range_scaled,Batter,14,Swing,1.0
4,0.01,2,range_scaled,Batter,14,Take,0.0
4,0.01,2,range_scaled,Batter,15,Swing,0.7762394273629479
4,0.01,2,range_scaled,Batter,15,Take,0.223760572637052
4,0.01,2,range_scaled,Batter,16,Swing,1.0
4,0.01,2,range_scaled,Batter,16,Take,0.0
4,0.01,2,range_scaled,Batter,17,Swing,0.6882645398410118
4,0.01,2,range_scaled,Batter,17,Take,0.3117354601589882
4,0.01,2,range_scaled,Pitcher,1,Fastball_Bottom,0.0
4,0.01,2,range_scaled,Pitcher,1,Fastball_Middle,0.0
4,0.01,2,range_scaled,Pitcher,1,Fastball_Top,-0.0
4,0.01,2,range_scaled,Pitcher,1,Fastball_Chase,0.7802456637814924
4,0.01,2,range_scaled,Pitcher,1,Offspeed_Bottom,0.0
4,0.01,2,range_scaled,Pitcher,1,Offspeed_Middle,0.0
4,0.01,2,range_scaled,Pitcher,1,Offspeed_Top,0.2197543362185076
4,0.01,2,range_scaled,Pitcher,1,Offspeed_Chase,0.0
4,0.01,2,range_scaled,Pitcher,2,Fastball_Bottom,0.125
4,0.01,2,range_scaled,Pitcher,2,Fastball_Middle,0.125
4,0.01,2,range_scaled,Pitcher,2,Fastball_Top,0.125
4,0.01,2,range_scaled,Pitcher,2,Fastball_Chase,0.125
4,0.01,2,range_scaled,Pitcher,2,Offspeed_Bottom,0.125
4,0.01,2,range_scaled,Pitcher,2,Offspeed_Middle,0.125
4,0.01,2,range_scaled,Pitcher,2,Offspeed_Top,0.125
4,0.01,2,range_scaled,Pitcher,2,Offspeed_Chase,0.125
4,0.01,2,range_scaled,Pitcher,3,Fastball_Bottom,0.125
4,0.01,2,range_scaled,Pitcher,3,Fastball_Middle,0.125
4,0.01,2,range_scaled,Pitcher,3,Fastball_Top,0.125
4,0.01,2,range_scaled,Pitcher,3,Fastball_Chase,0.125
4,0.01,2,range_scaled,Pitcher,3,Offspeed_Bottom,0.125
4,0.01,2,range_scaled,Pitcher,3,Offspeed_Middle,0.125
4,0.01,2,range_scaled,Pitcher,3,Offspeed_Top,0.125
4,0.01,2,range_scaled,Pitcher,3,Offspeed_Chase,0.125
4,0.01,2,range_scaled,Pitcher,4,Fastball_Bottom,0.125
4,0.01,2,range_scaled,Pitcher,4,Fastball_Middle,0.125
4,0.01,2,range_scaled,Pitcher,4,Fastball_Top,0.125
4,0.01,2,range_scaled,Pitcher,4,Fastball_Chase,0.125
4,0.01,2,range_scaled,Pitcher,4,Offspeed_Bottom,0.125
4,0.01,2,range_scaled,Pitcher,4,Offspeed_Middle,0.125
4,0.01,2,range_scaled,Pitcher,4,Offspeed_Top,0.125
4,0.01,2,range_scaled,Pitcher,4,Offspeed_Chase,0.125
4,0.01,2,range_scaled,Pitcher,5,Fastball_Bottom,0.125
4,0.01,2,range_scaled,Pitcher,5,Fastball_Middle,0.125
4,0.01,2,range_scaled,Pitcher,5,Fastball_Top,0.125
4,0.01,2,range_scaled,Pitcher,5,Fastball_Chase,0.125
4,0.01,2,range_scaled,Pitcher,5,Offspeed_Bottom,0.125
4,0.01,2,range_scaled,Pitcher,5,Offspeed_Middle,0.125
4,0.01,2,range_scaled,Pitcher,5,Offspeed_Top,0.125
4,0.01,2,range_scaled,Pitcher,5,Offspeed_Chase,0.125
4,0.01,2,range_scaled,Pitcher,6,Fastball_Bottom,0.125
4,0.01,2,range_scaled,Pitcher,6,Fastball_Middle,0.125
4,0.01,2,range_scaled,Pitcher,6,Fastball_Top,0.125
4,0.01,2,range_scaled,Pitcher,6,Fastball_Chase,0.125
4,0.01,2,range_scaled,Pitcher,6,Offspeed_Bottom,0.125
4,0.01,2,range_scaled,Pitcher,6,Offspeed_Middle,0.125
4,0.01,2,range_scaled,Pitcher,6,Offspeed_Top,0.125
4,0.01,2,range_scaled,Pitcher,6,Offspeed_Chase,0.125
4,0.01,2,range_scaled,Pitcher,7,Fastball_Bottom,0.125
4,0.01,2,range_scaled,Pitcher,7,Fastball_Middle,0.125
4,0.01,2,range_scaled,Pitcher,7,Fastball_Top,0.125
4,0.01,2,range_scaled,Pitcher,7,Fastball_Chase,0.125
4,0.01,2,range_scaled,Pitcher,7,Offspeed_Bottom,0.125
4,0.01,2,range_scaled,Pitcher,7,Offspeed_Middle,0.125
4,0.01,2,range_scaled,Pitcher,7,Offspeed_Top,0.125
4,0.01,2,range_scaled,Pitcher,7,Offspeed_Chase,0.125
4,0.01,2,range_scaled,Pitcher,8,Fastball_Bottom,1.0
4,0.01,2,range_scaled,Pitcher,8,Fastball_Middle,0.0
4,0.01,2,range_scaled,Pitcher,8,Fastball_Top,0.0
4,0.01,2,range_scaled,Pitcher,8,Fastball_Chase,0.0
4,0.01,2,range_scaled,Pitcher,8,Offspeed_Bottom,0.0
4,0.01,2,range_scaled,Pitcher,8,Offspeed_Middle,0.0
4,0.01,2,range_scaled,Pitcher,8,Offspeed_Top,0.0
4,0.01,2,range_scaled,Pitcher,8,Offspeed_Chase,0.0
4,0.01,2,range_scaled,Pitcher,9,Fastball_Bottom,0.0
4,0.01,2,range_scaled,Pitcher,9,Fastball_Middle,0.0
4,0.01,2,range_scaled,Pitcher,9,Fastball_Top,0.9757851416046025
4,0.01,2,range_scaled,Pitcher,9,Fastball_Chase,0.024214858395397457
4,0.01,2,range_scaled,Pitcher,9,Offspeed_Bottom,0.0
4,0.01,2,range_scaled,Pitcher,9,Offspeed_Middle,0.0
4,0.01,2,range_scaled,Pitcher,9,Offspeed_Top,0.0
4,0.01,2,range_scaled,Pitcher,9,Offspeed_Chase,0.0
4,0.01,2,range_scaled,Pitcher,10,Fastball_Bottom,0.125
4,0.01,2,range_scaled,Pitcher,10,Fastball_Middle,0.125
4,0.01,2,range_scaled,Pitcher,10,Fastball_Top,0.125
4,0.01,2,range_scaled,Pitcher,10,Fastball_Chase,0.125
4,0.01,2,range_scaled,Pitcher,10,Offspeed_Bottom,0.125
4,0.01,2,range_scaled,Pitcher,10,Offspeed_Middle,0.125
4,0.01,2,range_scaled,Pitcher,10,Offspeed_Top,0.125
4,0.01,2,range_scaled,Pitcher,10,Offspeed_Chase,0.125
4,0.01,2,range_scaled,Pitcher,11,Fastball_Bottom,0.125
4,0.01,2,range_scaled,Pitcher,11,Fastball_Middle,0.125
4,0.01,2,range_scaled,Pitcher,11,Fastball_Top,0.125
4,0.01,2,range_scaled,Pitcher,11,Fastball_Chase,0.125
4,0.01,2,range_scaled,Pitcher,11,Offspeed_Bottom,0.125
4,0.01,2,range_scaled,Pitcher,11,Offspeed_Middle,0.125
4,0.01,2,range_scaled,Pitcher,11,Offspeed_Top,0.125
4,0.01,2,range_scaled,Pitcher,11,Offspeed_Chase,0.125
4,0.01,2,range_scaled,Pitcher,12,Fastball_Bottom,0.125
4,0.01,2,range_scaled,Pitcher,12,Fastball_Middle,0.125
4,0.01,2,range_scaled,Pitcher,12,Fastball_Top,0.125
4,0.01,2,range_scaled,Pitcher,12,Fastball_Chase,0.125
4,0.01,2,range_scaled,Pitcher,12,Offspeed_Bottom,0.125
4,0.01,2,range_scaled,Pitcher,12,Offspeed_Middle,0.125
4,0.01,2,range_scaled,Pitcher,12,Offspeed_Top,0.125
4,0.01,2,range_scaled,Pitcher,12,Offspeed_Chase,0.125
4,0.01,2,range_scaled,Pitcher,13,Fastball_Bottom,0.125
4,0.01,2,range_scaled,Pitcher,13,Fastball_Middle,0.125
4,0.01,2,range_scaled,Pitcher,13,Fastball_Top,0.125
4,0.01,2,range_scaled,Pitcher,13,Fastball_Chase,0.125
4,0.01,2,range_scaled,Pitcher,13,Offspeed_Bottom,0.125
4,0.01,2,range_scaled,Pitcher,13,Offspeed_Middle,0.125
4,0.01,2,range_scaled,Pitcher,13,Offspeed_Top,0.125
4,0.01,2,range_scaled,Pitcher,13,Offspeed_Chase,0.125
4,0.01,2,range_scaled,Pitcher,14,Fastball_Bottom,1.0
4,0.01,2,range_scaled,Pitcher,14,Fastball_Middle,0.0
4,0.01,2,range_scaled,Pitcher,14,Fastball_Top,0.0
4,0.01,2,range_scaled,Pitcher,14,Fastball_Chase,0.0
4,0.01,2,range_scaled,Pitcher,14,Offspeed_Bottom,0.0
4,0.01,2,range_scaled,Pitcher,14,Offspeed_Middle,0.0
4,0.01,2,range_scaled,Pitcher,14,Offspeed_Top,0.0
4,0.01,2,range_scaled,Pitcher,14,Offspeed_Chase,0.0
4,0.01,2,range_scaled,Pitcher,15,Fastball_Bottom,0.0
4,0.01,2,range_scaled,Pitcher,15,Fastball_Middle,0.0
4,0.01,2,range_scaled,Pitcher,15,Fastball_Top,0.0
4,0.01,2,range_scaled,Pitcher,15,Fastball_Chase,0.14398933005123896
4,0.01,2,range_scaled,Pitcher,15,Offspeed_Bottom,0.0
4,0.01,2,range_scaled,Pitcher,15,Offspeed_Middle,0.0
4,0.01,2,range_scaled,Pitcher,15,Offspeed_Top,0.8560106699487611
4,0.01,2,range_scaled,Pitcher,15,Offspeed_Chase,0.0
4,0.01,2,range_scaled,Pitcher,16,Fastball_Bottom,0.125
4,0.01,2,range_scaled,Pitcher,16,Fastball_Middle,0.125
4,0.01,2,range_scaled,Pitcher,16,Fastball_Top,0.125
4,0.01,2,range_scaled,Pitcher,16,Fastball_Chase,0.125
4,0.01,2,range_scaled,Pitcher,16,Offspeed_Bottom,0.125
4,0.01,2,range_scaled,Pitcher,16,Offspeed_Middle,0.125
4,0.01,2,range_scaled,Pitcher,16,Offspeed_Top,0.125
4,0.01,2,range_scaled,Pitcher,16,Offspeed_Chase,0.125
4,0.01,2,range_scaled,Pitcher,17,Fastball_Bottom,0.125
4,0.01,2,range_scaled,Pitcher,17,Fastball_Middle,0.125
4,0.01,2,range_scaled,Pitcher,17,Fastball_Top,0.125
4,0.01,2,range_scaled,Pitcher,17,Fastball_Chase,0.125
4,0.01,2,range_scaled,Pitcher,17,Offspeed_Bottom,0.125
4,0.01,2,range_scaled,Pitcher,17,Offspeed_Middle,0.125
4,0.01,2,range_scaled,Pitcher,17,Offspeed_Top,0.125
4,0.01,2,range_scaled,Pitcher,17,Offspeed_Chase,0.125
5,0.01,3,range_scaled,Batter,1,Swing,0.6121923158341256
5,0.01,3,range_scaled,Batter,1,Take,0.38780768416587436
5,0.01,3,range_scaled,Batter,2,Swing,1.0
5,0.01,3,range_scaled,Batter,2,Take,0.0
5,0.01,3,range_scaled,Batter,3,Swing,0.0
5,0.01,3,range_scaled,Batter,3,Take,1.0
5,0.01,3,range_scaled,Batter,4,Swing,1.0
5,0.01,3,range_scaled,Batter,4,Take,0.0
5,0.01,3,range_scaled,Batter,5,Swing,0.0
5,0.01,3,range_scaled,Batter,5,Take,1.0
5,0.01,3,range_scaled,Batter,6,Swing,1.0
5,0.01,3,range_scaled,Batter,6,Take,0.0
5,0.01,3,range_scaled,Batter,7,Swing,0.0
5,0.01,3,range_scaled,Batter,7,Take,1.0
5,0.01,3,range_scaled,Batter,8,Swing,1.0
5,0.01,3,range_scaled,Batter,8,Take,0.0
5,0.01,3,range_scaled,Batter,9,Swing,0.15208167891168342
5,0.01,3,range_scaled,Batter,9,Take,0.8479183210883166
5,0.01,3,range_scaled,Batter,10,Swing,1.0
5,0.01,3,range_scaled,Batter,10,Take,0.0
5,0.01,3,range_scaled,Batter,11,Swing,0.0
5,0.01,3,range_scaled,Batter,11,Take,1.0
5,0.01,3,range_scaled,Batter,12,Swing,1.0
5,0.01,3,range_scaled,Batter,12,Take,0.0
5,0.01,3,range_scaled,Batter,13,Swing,0.0
5,0.01,3,range_scaled,Batter,13,Take,1.0
5,0.01,3,range_scaled,Batter,14,Swing,1.0
5,0.01,3,range_scaled,Batter,14,Take,0.0
5,0.01,3,range_scaled,Batter,15,Swing,0.8911653235735245
5,0.01,3,range_scaled,Batter,15,Take,0.10883467642647549
5,0.01,3,range_scaled,Batter,16,Swing,1.0
5,0.01,3,range_scaled,Batter,16,Take,0.0
5,0.01,3,range_scaled,Batter,17,Swing,0.8125068860031622
5,0.01,3,range_scaled,Batter,17,Take,0.18749311399683777
5,0.01,3,range_scaled,Pitcher,1,Fastball_Bottom,0.0
5,0.01,3,range_scaled,Pitcher,1,Fastball_Middle,0.0
5,0.01,3,range_scaled,Pitcher,1,Fastball_Top,0.0
5,0.01,3,range_scaled,Pitcher,1,Fastball_Chase,0.0
5,0.01,3,range_scaled,Pitcher,1,Offspeed_Bottom,0.0
5,0.01,3,range_scaled,Pitcher,1,Offspeed_Middle,0.0
5,0.01,3,range_scaled,Pitcher,1,Offspeed_Top,0.30242693452625713
5,0.01,3,range_scaled,Pitcher,1,Offspeed_Chase,0.6975730654737429
5,0.01,3,range_scaled,Pitcher,2,Fastball_Bottom,0.125
5,0.01,3,range_scaled,Pitcher,2,Fastball_Middle,0.125
5,0.01,3,range_scaled,Pitcher,2,Fastball_Top,0.125
5,0.01,3,range_scaled,Pitcher,2,Fastball_Chase,0.125
5,0.01,3,range_scaled,Pitcher,2,Offspeed_Bottom,0.125
5,0.01,3,range_scaled,Pitcher,2,Offspeed_Middle,0.125
5,0.01,3,range_scaled,Pitcher,2,Offspeed_Top,0.125
5,0.01,3,range_scaled,Pitcher,2,Offspeed_Chase,0.125
5,0.01,3,range_scaled,Pitcher,3,Fastball_Bottom,0.125
5,0.01,3,range_scaled,Pitcher,3,Fastball_Middle,0.125
5,0.01,3,range_scaled,Pitcher,3,Fastball_Top,0.125
5,0.01,3,range_scaled,Pitcher,3,Fastball_Chase,0.125
5,0.01,3,range_scaled,Pitcher,3,Offspeed_Bottom,0.125
5,0.01,3,range_scaled,Pitcher,3,Offspeed_Middle,0.125
5,0.01,3,range_scaled,Pitcher,3,Offspeed_Top,0.125
5,0.01,3,range_scaled,Pitcher,3,Offspeed_Chase,0.125
5,0.01,3,range_scaled,Pitcher,4,Fastball_Bottom,0.125
5,0.01,3,range_scaled,Pitcher,4,Fastball_Middle,0.125
5,0.01,3,range_scaled,Pitcher,4,Fastball_Top,0.125
5,0.01,3,range_scaled,Pitcher,4,Fastball_Chase,0.125
5,0.01,3,range_scaled,Pitcher,4,Offspeed_Bottom,0.125
5,0.01,3,range_scaled,Pitcher,4,Offspeed_Middle,0.125
5,0.01,3,range_scaled,Pitcher,4,Offspeed_Top,0.125
5,0.01,3,range_scaled,Pitcher,4,Offspeed_Chase,0.125
5,0.01,3,range_scaled,Pitcher,5,Fastball_Bottom,0.125
5,0.01,3,range_scaled,Pitcher,5,Fastball_Middle,0.125
5,0.01,3,range_scaled,Pitcher,5,Fastball_Top,0.125
5,0.01,3,range_scaled,Pitcher,5,Fastball_Chase,0.125
5,0.01,3,range_scaled,Pitcher,5,Offspeed_Bottom,0.125
5,0.01,3,range_scaled,Pitcher,5,Offspeed_Middle,0.125
5,0.01,3,range_scaled,Pitcher,5,Offspeed_Top,0.125
5,0.01,3,range_scaled,Pitcher,5,Offspeed_Chase,0.125
5,0.01,3,range_scaled,Pitcher,6,Fastball_Bottom,0.125
5,0.01,3,range_scaled,Pitcher,6,Fastball_Middle,0.125
5,0.01,3,range_scaled,Pitcher,6,Fastball_Top,0.125
5,0.01,3,range_scaled,Pitcher,6,Fastball_Chase,0.125
5,0.01,3,range_scaled,Pitcher,6,Offspeed_Bottom,0.125
5,0.01,3,range_scaled,Pitcher,6,Offspeed_Middle,0.125
5,0.01,3,range_scaled,Pitcher,6,Offspeed_Top,0.125
5,0.01,3,range_scaled,Pitcher,6,Offspeed_Chase,0.125
5,0.01,3,range_scaled,Pitcher,7,Fastball_Bottom,0.125
5,0.01,3,range_scaled,Pitcher,7,Fastball_Middle,0.125
5,0.01,3,range_scaled,Pitcher,7,Fastball_Top,0.125
5,0.01,3,range_scaled,Pitcher,7,Fastball_Chase,0.125
5,0.01,3,range_scaled,Pitcher,7,Offspeed_Bottom,0.125
5,0.01,3,range_scaled,Pitcher,7,Offspeed_Middle,0.125
5,0.01,3,range_scaled,Pitcher,7,Offspeed_Top,0.125
5,0.01,3,range_scaled,Pitcher,7,Offspeed_Chase,0.125
5,0.01,3,range_scaled,Pitcher,8,Fastball_Bottom,0.125
5,0.01,3,range_scaled,Pitcher,8,Fastball_Middle,0.125
5,0.01,3,range_scaled,Pitcher,8,Fastball_Top,0.125
5,0.01,3,range_scaled,Pitcher,8,Fastball_Chase,0.125
5,0.01,3,range_scaled,Pitcher,8,Offspeed_Bottom,0.125
5,0.01,3,range_scaled,Pitcher,8,Offspeed_Middle,0.125
5,0.01,3,range_scaled,Pitcher,8,Offspeed_Top,0.125
5,0.01,3,range_scaled,Pitcher,8,Offspeed_Chase,0.125
5,0.01,3,range_scaled,Pitcher,9,Fastball_Bottom,0.125
5,0.01,3,range_scaled,Pitcher,9,Fastball_Middle,0.125
5,0.01,3,range_scaled,Pitcher,9,Fastball_Top,0.125
5,0.01,3,range_scaled,Pitcher,9,Fastball_Chase,0.125
5,0.01,3,range_scaled,Pitcher,9,Offspeed_Bottom,0.125
5,0.01,3,range_scaled,Pitcher,9,Offspeed_Middle,0.125
5,0.01,3,range_scaled,Pitcher,9,Offspeed_Top,0.125
5,0.01,3,range_scaled,Pitcher,9,Offspeed_Chase,0.125
5,0.01,3,range_scaled,Pitcher,10,Fastball_Bottom,0.125
5,0.01,3,range_scaled,Pitcher,10,Fastball_Middle,0.125
5,0.01,3,range_scaled,Pitcher,10,Fastball_Top,0.125
5,0.01,3,range_scaled,Pitcher,10,Fastball_Chase,0.125
5,0.01,3,range_scaled,Pitcher,10,Offspeed_Bottom,0.125
5,0.01,3,range_scaled,Pitcher,10,Offspeed_Middle,0.125
5,0.01,3,range_scaled,Pitcher,10,Offspeed_Top,0.125
5,0.01,3,range_scaled,Pitcher,10,Offspeed_Chase,0.125
5,0.01,3,range_scaled,Pitcher,11,Fastball_Bottom,0.125
5,0.01,3,range_scaled,Pitcher,11,Fastball_Middle,0.125
5,0.01,3,range_scaled,Pitcher,11,Fastball_Top,0.125
5,0.01,3,range_scaled,Pitcher,11,Fastball_Chase,0.125
5,0.01,3,range_scaled,Pitcher,11,Offspeed_Bottom,0.125
5,0.01,3,range_scaled,Pitcher,11,Offspeed_Middle,0.125
5,0.01,3,range_scaled,Pitcher,11,Offspeed_Top,0.125
5,0.01,3,range_scaled,Pitcher,11,Offspeed_Chase,0.125
5,0.01,3,range_scaled,Pitcher,12,Fastball_Bottom,0.125
5,0.01,3,range_scaled,Pitcher,12,Fastball_Middle,0.125
5,0.01,3,range_scaled,Pitcher,12,Fastball_Top,0.125
5,0.01,3,range_scaled,Pitcher,12,Fastball_Chase,0.125
5,0.01,3,range_scaled,Pitcher,12,Offspeed_Bottom,0.125
5,0.01,3,range_scaled,Pitcher,12,Offspeed_Middle,0.125
5,0.01,3,range_scaled,Pitcher,12,Offspeed_Top,0.125
5,0.01,3,range_scaled,Pitcher,12,Offspeed_Chase,0.125
5,0.01,3,range_scaled,Pitcher,13,Fastball_Bottom,0.125
5,0.01,3,range_scaled,Pitcher,13,Fastball_Middle,0.125
5,0.01,3,range_scaled,Pitcher,13,Fastball_Top,0.125
5,0.01,3,range_scaled,Pitcher,13,Fastball_Chase,0.125
5,0.01,3,range_scaled,Pitcher,13,Offspeed_Bottom,0.125
5,0.01,3,range_scaled,Pitcher,13,Offspeed_Middle,0.125
5,0.01,3,range_scaled,Pitcher,13,Offspeed_Top,0.125
5,0.01,3,range_scaled,Pitcher,13,Offspeed_Chase,0.125
5,0.01,3,range_scaled,Pitcher,14,Fastball_Bottom,1.0
5,0.01,3,range_scaled,Pitcher,14,Fastball_Middle,0.0
5,0.01,3,range_scaled,Pitcher,14,Fastball_Top,0.0
5,0.01,3,range_scaled,Pitcher,14,Fastball_Chase,0.0
5,0.01,3,range_scaled,Pitcher,14,Offspeed_Bottom,0.0
5,0.01,3,range_scaled,Pitcher,14,Offspeed_Middle,0.0
5,0.01,3,range_scaled,Pitcher,14,Offspeed_Top,0.0
5,0.01,3,range_scaled,Pitcher,14,Offspeed_Chase,0.0
5,0.01,3,range_scaled,Pitcher,15,Fastball_Bottom,0.0
5,0.01,3,range_scaled,Pitcher,15,Fastball_Middle,0.0
5,0.01,3,range_scaled,Pitcher,15,Fastball_Top,0.9711395570738833
5,0.01,3,range_scaled,Pitcher,15,Fastball_Chase,0.0
5,0.01,3,range_scaled,Pitcher,15,Offspeed_Bottom,0.0
5,0.01,3,range_scaled,Pitcher,15,Offspeed_Middle,0.0
5,0.01,3,range_scaled,Pitcher,15,Offspeed_Top,0.0
5,0.01,3,range_scaled,Pitcher,15,Offspeed_Chase,0.028860442926117
5,0.01,3,range_scaled,Pitcher,16,Fastball_Bottom,1.0
5,0.01,3,range_scaled,Pitcher,16,Fastball_Middle,0.0
5,0.01,3,range_scaled,Pitcher,16,Fastball_Top,0.0
5,0.01,3,range_scaled,Pitcher,16,Fastball_Chase,0.0
5,0.01,3,range_scaled,Pitcher,16,Offspeed_Bottom,0.0
5,0.01,3,range_scaled,Pitcher,16,Offspeed_Middle,0.0
5,0.01,3,range_scaled,Pitcher,16,Offspeed_Top,0.0
5,0.01,3,range_scaled,Pitcher,16,Offspeed_Chase,0.0
5,0.01,3,range_scaled,Pitcher,17,Fastball_Bottom,0.0
5,0.01,3,range_scaled,Pitcher,17,Fastball_Middle,0.0
5,0.01,3,range_scaled,Pitcher,17,Fastball_Top,0.0
5,0.01,3,range_scaled,Pitcher,17,Fastball_Chase,0.10597740746877084
5,0.01,3,range_scaled,Pitcher,17,Offspeed_Bottom,0.0
5,0.01,3,range_scaled,Pitcher,17,Offspeed_Middle,0.0
5,0.01,3,range_scaled,Pitcher,17,Offspeed_Top,0.8940225925312291
5,0.01,3,range_scaled,Pitcher,17,Offspeed_Chase,0.0
6,0.01,4,range_scaled,Batter,1,Swing,0.7022643331460922
6,0.01,4,range_scaled,Batter,1,Take,0.29773566685390784
6,0.01,4,range_scaled,Batter,2,Swing,1.0
6,0.01,4,range_scaled,Batter,2,Take,0.0
6,0.01,4,range_scaled,Batter,3,Swing,0.0
6,0.01,4,range_scaled,Batter,3,Take,1.0
6,0.01,4,range_scaled,Batter,4,Swing,1.0
6,0.01,4,range_scaled,Batter,4,Take,0.0
6,0.01,4,range_scaled,Batter,5,Swing,0.0
6,0.01,4,range_scaled,Batter,5,Take,1.0
6,0.01,4,range_scaled,Batter,6,Swing,1.0
6,0.01,4,range_scaled,Batter,6,Take,0.0
6,0.01,4,range_scaled,Batter,7,Swing,0.8458386761754543
6,0.01,4,range_scaled,Batter,7,Take,0.1541613238245457
6,0.01,4,range_scaled,Batter,8,Swing,1.0
6,0.01,4,range_scaled,Batter,8,Take,0.0
6,0.01,4,range_scaled,Batter,9,Swing,0.9379022360219545
6,0.01,4,range_scaled,Batter,9,Take,0.062097763978045346
6,0.01,4,range_scaled,Batter,10,Swing,1.0
6,0.01,4,range_scaled,Batter,10,Take,0.0
6,0.01,4,range_scaled,Batter,11,Swing,0.0
6,0.01,4,range_scaled,Batter,11,Take,1.0
6,0.01,4,range_scaled,Batter,12,Swing,1.0
6,0.01,4,range_scaled,Batter,12,Take,0.0
6,0.01,4,range_scaled,Batter,13,Swing,0.0
6,0.01,4,range_scaled,Batter,13,Take,1.0
6,0.01,4,range_scaled,Batter,14,Swing,1.0
6,0.01,4,range_scaled,Batter,14,Take,0.0
6,0.01,4,range_scaled,Batter,15,Swing,1.0
6,0.01,4,range_scaled,Batter,15,Take,0.0
6,0.01,4,range_scaled,Batter,16,Swing,1.0
6,0.01,4,range_scaled,Batter,16,Take,0.0
6,0.01,4,range_scaled,Batter,17,Swing,0.052006416190700316
6,0.01,4,range_scaled,Batter,17,Take,0.9479935838092997
6,0.01,4,range_scaled,Pitcher,1,Fastball_Bottom,0.0
6,0.01,4,range_scaled,Pitcher,1,Fastball_Middle,0.0
6,0.01,4,range_scaled,Pitcher,1,Fastball_Top,0.075177565225233
6,0.01,4,range_scaled,Pitcher,1,Fastball_Chase,0.924822434774767
6,0.01,4,range_scaled,Pitcher,1,Offspeed_Bottom,0.0
6,0.01,4,range_scaled,Pitcher,1,Offspeed_Middle,0.0
6,0.01,4,range_scaled,Pitcher,1,Offspeed_Top,0.0
6,0.01,4,range_scaled,Pitcher,1,Offspeed_Chase,0.0
6,0.01,4,range_scaled,Pitcher,2,Fastball_Bottom,0.125
6,0.01,4,range_scaled,Pitcher,2,Fastball_Middle,0.125
6,0.01,4,range_scaled,Pitcher,2,Fastball_Top,0.125
6,0.01,4,range_scaled,Pitcher,2,Fastball_Chase,0.125
6,0.01,4,range_scaled,Pitcher,2,Offspeed_Bottom,0.125
6,0.01,4,range_scaled,Pitcher,2,Offspeed_Middle,0.125
6,0.01,4,range_scaled,Pitcher,2,Offspeed_Top,0.125
6,0.01,4,range_scaled,Pitcher,2,Offspeed_Chase,0.125
6,0.01,4,range_scaled,Pitcher,3,Fastball_Bottom,0.125
6,0.01,4,range_scaled,Pitcher,3,Fastball_Middle,0.125
6,0.01,4,range_scaled,Pitcher,3,Fastball_Top,0.125
6,0.01,4,range_scaled,Pitcher,3,Fastball_Chase,0.125
6,0.01,4,range_scaled,Pitcher,3,Offspeed_Bottom,0.125
6,0.01,4,range_scaled,Pitcher,3,Offspeed_Middle,0.125
6,0.01,4,range_scaled,Pitcher,3,Offspeed_Top,0.125
6,0.01,4,range_scaled,Pitcher,3,Offspeed_Chase,0.125
6,0.01,4,range_scaled,Pitcher,4,Fastball_Bottom,0.125
6,0.01,4,range_scaled,Pitcher,4,Fastball_Middle,0.125
6,0.01,4,range_scaled,Pitcher,4,Fastball_Top,0.125
6,0.01,4,range_scaled,Pitcher,4,Fastball_Chase,0.125
6,0.01,4,range_scaled,Pitcher,4,Offspeed_Bottom,0.125
6,0.01,4,range_scaled,Pitcher,4,Offspeed_Middle,0.125
6,0.01,4,range_scaled,Pitcher,4,Offspeed_Top,0.125
6,0.01,4,range_scaled,Pitcher,4,Offspeed_Chase,0.125
6,0.01,4,range_scaled,Pitcher,5,Fastball_Bottom,0.125
6,0.01,4,range_scaled,Pitcher,5,Fastball_Middle,0.125
6,0.01,4,range_scaled,Pitcher,5,Fastball_Top,0.125
6,0.01,4,range_scaled,Pitcher,5,Fastball_Chase,0.125
6,0.01,4,range_scaled,Pitcher,5,Offspeed_Bottom,0.125
6,0.01,4,range_scaled,Pitcher,5,Offspeed_Middle,0.125
6,0.01,4,range_scaled,Pitcher,5,Offspeed_Top,0.125
6,0.01,4,range_scaled,Pitcher,5,Offspeed_Chase,0.125
6,0.01,4,range_scaled,Pitcher,6,Fastball_Bottom,1.0
6,0.01,4,range_scaled,Pitcher,6,Fastball_Middle,0.0
6,0.01,4,range_scaled,Pitcher,6,Fastball_Top,0.0
6,0.01,4,range_scaled,Pitcher,6,Fastball_Chase,0.0
6,0.01,4,range_scaled,Pitcher,6,Offspeed_Bottom,0.0
6,0.01,4,range_scaled,Pitcher,6,Offspeed_Middle,0.0
6,0.01,4,range_scaled,Pitcher,6,Offspeed_Top,0.0
6,0.01,4,range_scaled,Pitcher,6,Offspeed_Chase,0.0
6,0.01,4,range_scaled,Pitcher,7,Fastball_Bottom,0.0
6,0.01,4,range_scaled,Pitcher,7,Fastball_Middle,0.0
6,0.01,4,range_scaled,Pitcher,7,Fastball_Top,0.9075138224078175
6,0.01,4,range_scaled,Pitcher,7,Fastball_Chase,0.0
6,0.01,4,range_scaled,Pitcher,7,Offspeed_Bottom,0.0
6,0.01,4,range_scaled,Pitcher,7,Offspeed_Middle,0.0
6,0.01,4,range_scaled,Pitcher,7,Offspeed_Top,0.0
6,0.01,4,range_scaled,Pitcher,7,Offspeed_Chase,0.09248617759218307
6,0.01,4,range_scaled,Pitcher,8,Fastball_Bottom,1.0
6,0.01,4,range_scaled,Pitcher,8,Fastball_Middle,0.0
6,0.01,4,range_scaled,Pitcher,8,Fastball_Top,0.0
6,0.01,4,range_scaled,Pitcher,8,Fastball_Chase,0.0
6,0.01,4,range_scaled,Pitcher,8,Offspeed_Bottom,0.0
6,0.01,4,range_scaled,Pitcher,8,Offspeed_Middle,0.0
6,0.01,4,range_scaled,Pitcher,8,Offspeed_Top,0.0
6,0.01,4,range_scaled,Pitcher,8,Offspeed_Chase,0.0
6,0.01,4,range_scaled,Pitcher,9,Fastball_Bottom,0.0
6,0.01,4,range_scaled,Pitcher,9,Fastball_Middle,0.0
6,0.01,4,range_scaled,Pitcher,9,Fastball_Top,0.0
6,0.01,4,range_scaled,Pitcher,9,Fastball_Chase,0.0
6,0.01,4,range_scaled,Pitcher,9,Offspeed_Bottom,0.0
6,0.01,4,range_scaled,Pitcher,9,Offspeed_Middle,0.0
6,0.01,4,range_scaled,Pitcher,9,Offspeed_Top,0.9717290956820485
6,0.01,4,range_scaled,Pitcher,9,Offspeed_Chase,0.028270904317951505
6,0.01,4,range_scaled,Pitcher,10,Fastball_Bottom,0.125
6,0.01,4,range_scaled,Pitcher,10,Fastball_Middle,0.125
6,0.01,4,range_scaled,Pitcher,10,Fastball_Top,0.125
6,0.01,4,range_scaled,Pitcher,10,Fastball_Chase,0.125
6,0.01,4,range_scaled,Pitcher,10,Offspeed_Bottom,0.125
6,0.01,4,range_scaled,Pitcher,10,Offspeed_Middle,0.125
6,0.01,4,range_scaled,Pitcher,10,Offspeed_Top,0.125
6,0.01,4,range_scaled,Pitcher,10,Offspeed_Chase,0.125
6,0.01,4,range_scaled,Pitcher,11,Fastball_Bottom,0.125
6,0.01,4,range_scaled,Pitcher,11,Fastball_Middle,0.125
6,0.01,4,range_scaled,Pitcher,11,Fastball_Top,0.125
6,0.01,4,range_scaled,Pitcher,11,Fastball_Chase,0.125
6,0.01,4,range_scaled,Pitcher,11,Offspeed_Bottom,0.125
6,0.01,4,range_scaled,Pitcher,11,Offspeed_Middle,0.125
6,0.01,4,range_scaled,Pitcher,11,Offspeed_Top,0.125
6,0.01,4,range_scaled,Pitcher,11,Offspeed_Chase,0.125
6,0.01,4,range_scaled,Pitcher,12,Fastball_Bottom,0.125
6,0.01,4,range_scaled,Pitcher,12,Fastball_Middle,0.125
6,0.01,4,range_scaled,Pitcher,12,Fastball_Top,0.125
6,0.01,4,range_scaled,Pitcher,12,Fastball_Chase,0.125
6,0.01,4,range_scaled,Pitcher,12,Offspeed_Bottom,0.125
6,0.01,4,range_scaled,Pitcher,12,Offspeed_Middle,0.125
6,0.01,4,range_scaled,Pitcher,12,Offspeed_Top,0.125
6,0.01,4,range_scaled,Pitcher,12,Offspeed_Chase,0.125
6,0.01,4,range_scaled,Pitcher,13,Fastball_Bottom,0.125
6,0.01,4,range_scaled,Pitcher,13,Fastball_Middle,0.125
6,0.01,4,range_scaled,Pitcher,13,Fastball_Top,0.125
6,0.01,4,range_scaled,Pitcher,13,Fastball_Chase,0.125
6,0.01,4,range_scaled,Pitcher,13,Offspeed_Bottom,0.125
6,0.01,4,range_scaled,Pitcher,13,Offspeed_Middle,0.125
6,0.01,4,range_scaled,Pitcher,13,Offspeed_Top,0.125
6,0.01,4,range_scaled,Pitcher,13,Offspeed_Chase,0.125
6,0.01,4,range_scaled,Pitcher,14,Fastball_Bottom,0.125
6,0.01,4,range_scaled,Pitcher,14,Fastball_Middle,0.125
6,0.01,4,range_scaled,Pitcher,14,Fastball_Top,0.125
6,0.01,4,range_scaled,Pitcher,14,Fastball_Chase,0.125
6,0.01,4,range_scaled,Pitcher,14,Offspeed_Bottom,0.125
6,0.01,4,range_scaled,Pitcher,14,Offspeed_Middle,0.125
6,0.01,4,range_scaled,Pitcher,14,Offspeed_Top,0.125
6,0.01,4,range_scaled,Pitcher,14,Offspeed_Chase,0.125
6,0.01,4,range_scaled,Pitcher,15,Fastball_Bottom,0.125
6,0.01,4,range_scaled,Pitcher,15,Fastball_Middle,0.125
6,0.01,4,range_scaled,Pitcher,15,Fastball_Top,0.125
6,0.01,4,range_scaled,Pitcher,15,Fastball_Chase,0.125
6,0.01,4,range_scaled,Pitcher,15,Offspeed_Bottom,0.125
6,0.01,4,range_scaled,Pitcher,15,Offspeed_Middle,0.125
6,0.01,4,range_scaled,Pitcher,15,Offspeed_Top,0.125
6,0.01,4,range_scaled,Pitcher,15,Offspeed_Chase,0.125
6,0.01,4,range_scaled,Pitcher,16,Fastball_Bottom,0.125
6,0.01,4,range_scaled,Pitcher,16,Fastball_Middle,0.125
6,0.01,4,range_scaled,Pitcher,16,Fastball_Top,0.125
6,0.01,4,range_scaled,Pitcher,16,Fastball_Chase,0.125
6,0.01,4,range_scaled,Pitcher,16,Offspeed_Bottom,0.125
6,0.01,4,range_scaled,Pitcher,16,Offspeed_Middle,0.125
6,0.01,4,range_scaled,Pitcher,16,Offspeed_Top,0.125
6,0.01,4,range_scaled,Pitcher,16,Offspeed_Chase,0.125
6,0.01,4,range_scaled,Pitcher,17,Fastball_Bottom,0.125
6,0.01,4,range_scaled,Pitcher,17,Fastball_Middle,0.125
6,0.01,4,range_scaled,Pitcher,17,Fastball_Top,0.125
6,0.01,4,range_scaled,Pitcher,17,Fastball_Chase,0.125
6,0.01,4,range_scaled,Pitcher,17,Offspeed_Bottom,0.125
6,0.01,4,range_scaled,Pitcher,17,Offspeed_Middle,0.125
6,0.01,4,range_scaled,Pitcher,17,Offspeed_Top,0.125
6,0.01,4,range_scaled,Pitcher,17,Offspeed_Chase,0.125
7,0.01,5,range_scaled,Batter,1,Swing,0.8492048169504481
7,0.01,5,range_scaled,Batter,1,Take,0.1507951830495519
7,0.01,5,range_scaled,Batter,2,Swing,1.0
7,0.01,5,range_scaled,Batter,2,Take,0.0
7,0.01,5,range_scaled,Batter,3,Swing,0.0
7,0.01,5,range_scaled,Batter,3,Take,1.0
7,0.01,5,range_scaled,Batter,4,Swing,1.0
7,0.01,5,range_scaled,Batter,4,Take,0.0
7,0.01,5,range_scaled,Batter,5,Swing,0.0
7,0.01,5,range_scaled,Batter,5,Take,1.0
7,0.01,5,range_scaled,Batter,6,Swing,1.0
7,0.01,5,range_scaled,Batter,6,Take,0.0
7,0.01,5,range_scaled,Batter,7,Swing,0.8650587629569827
7,0.01,5,range_scaled,Batter,7,Take,0.13494123704301703
7,0.01,5,range_scaled,Batter,8,Swing,1.0
7,0.01,5,range_scaled,Batter,8,Take,0.0
7,0.01,5,range_scaled,Batter,9,Swing,0.8257954143026875
7,0.01,5,range_scaled,Batter,9,Take,0.17420458569731256
7,0.01,5,range_scaled,Batter,10,Swing,1.0
7,0.01,5,range_scaled,Batter,10,Take,0.0
7,0.01,5,range_scaled,Batter,11,Swing,0.0
7,0.01,5,range_scaled,Batter,11,Take,1.0
7,0.01,5,range_scaled,Batter,12,Swing,1.0
7,0.01,5,range_scaled,Batter,12,Take,0.0
7,0.01,5,range_scaled,Batter,13,Swing,0.0
7,0.01,5,range_scaled,Batter,13,Take,1.0
7,0.01,5,range_scaled,Batter,14,Swing,1.0
7,0.01,5,range_scaled,Batter,14,Take,0.0
7,0.01,5,range_scaled,Batter,15,Swing,0.0
7,0.01,5,range_scaled,Batter,15,Take,1.0
7,0.01,5,range_scaled,Batter,16,Swing,1.0
7,0.01,5,range_scaled,Batter,16,Take,0.0
7,0.01,5,range_scaled,Batter,17,Swing,0.3186883346208502
7,0.01,5,range_scaled,Batter,17,Take,0.6813116653791498
7,0.01,5,range_scaled,Pitcher,1,Fastball_Bottom,0.0
7,0.01,5,range_scaled,Pitcher,1,Fastball_Middle,0.0
7,0.01,5,range_scaled,Pitcher,1,Fastball_Top,0.037481929605159614
7,0.01,5,range_scaled,Pitcher,1,Fastball_Chase,0.9625180703948404
7,0.01,5,range_scaled,Pitcher,1,Offspeed_Bottom,0.0
7,0.01,5,range_scaled,Pitcher,1,Offspeed_Middle,0.0
7,0.01,5,range_scaled,Pitcher,1,Offspeed_Top,0.0
7,0.01,5,range_scaled,Pitcher,1,Offspeed_Chase,0.0
7,0.01,5,range_scaled,Pitcher,2,Fastball_Bottom,0.125
7,0.01,5,range_scaled,Pitcher,2,Fastball_Middle,0.125
7,0.01,5,range_scaled,Pitcher,2,Fastball_Top,0.125
7,0.01,5,range_scaled,Pitcher,2,Fastball_Chase,0.125
7,0.01,5,range_scaled,Pitcher,2,Offspeed_Bottom,0.125
7,0.01,5,range_scaled,Pitcher,2,Offspeed_Middle,0.125
7,0.01,5,range_scaled,Pitcher,2,Offspeed_Top,0.125
7,0.01,5,range_scaled,Pitcher,2,Offspeed_Chase,0.125
7,0.01,5,range_scaled,Pitcher,3,Fastball_Bottom,0.125
7,0.01,5,range_scaled,Pitcher,3,Fastball_Middle,0.125
7,0.01,5,range_scaled,Pitcher,3,Fastball_Top,0.125
7,0.01,5,range_scaled,Pitcher,3,Fastball_Chase,0.125
7,0.01,5,range_scaled,Pitcher,3,Offspeed_Bottom,0.125
7,0.01,5,range_scaled,Pitcher,3,Offspeed_Middle,0.125
7,0.01,5,range_scaled,Pitcher,3,Offspeed_Top,0.125
7,0.01,5,range_scaled,Pitcher,3,Offspeed_Chase,0.125
7,0.01,5,range_scaled,Pitcher,4,Fastball_Bottom,0.125
7,0.01,5,range_scaled,Pitcher,4,Fastball_Middle,0.125
7,0.01,5,range_scaled,Pitcher,4,Fastball_Top,0.125
7,0.01,5,range_scaled,Pitcher,4,Fastball_Chase,0.125
7,0.01,5,range_scaled,Pitcher,4,Offspeed_Bottom,0.125
7,0.01,5,range_scaled,Pitcher,4,Offspeed_Middle,0.125
7,0.01,5,range_scaled,Pitcher,4,Offspeed_Top,0.125
7,0.01,5,range_scaled,Pitcher,4,Offspeed_Chase,0.125
7,0.01,5,range_scaled,Pitcher,5,Fastball_Bottom,0.125
7,0.01,5,range_scaled,Pitcher,5,Fastball_Middle,0.125
7,0.01,5,range_scaled,Pitcher,5,Fastball_Top,0.125
7,0.01,5,range_scaled,Pitcher,5,Fastball_Chase,0.125
7,0.01,5,range_scaled,Pitcher,5,Offspeed_Bottom,0.125
7,0.01,5,range_scaled,Pitcher,5,Offspeed_Middle,0.125
7,0.01,5,range_scaled,Pitcher,5,Offspeed_Top,0.125
7,0.01,5,range_scaled,Pitcher,5,Offspeed_Chase,0.125
7,0.01,5,range_scaled,Pitcher,6,Fastball_Bottom,1.0
7,0.01,5,range_scaled,Pitcher,6,Fastball_Middle,0.0
7,0.01,5,range_scaled,Pitcher,6,Fastball_Top,0.0
7,0.01,5,range_scaled,Pitcher,6,Fastball_Chase,0.0
7,0.01,5,range_scaled,Pitcher,6,Offspeed_Bottom,0.0
7,0.01,5,range_scaled,Pitcher,6,Offspeed_Middle,0.0
7,0.01,5,range_scaled,Pitcher,6,Offspeed_Top,0.0
7,0.01,5,range_scaled,Pitcher,6,Offspeed_Chase,0.0
7,0.01,5,range_scaled,Pitcher,7,Fastball_Bottom,0.0
7,0.01,5,range_scaled,Pitcher,7,Fastball_Middle,0.0
7,0.01,5,range_scaled,Pitcher,7,Fastball_Top,0.934506485330084
7,0.01,5,range_scaled,Pitcher,7,Fastball_Chase,0.0
7,0.01,5,range_scaled,Pitcher,7,Offspeed_Bottom,0.0
7,0.01,5,range_scaled,Pitcher,7,Offspeed_Middle,0.0
7,0.01,5,range_scaled,Pitcher,7,Offspeed_Top,0.0
7,0.01,5,range_scaled,Pitcher,7,Offspeed_Chase,0.0654935146699174
7,0.01,5,range_scaled,Pitcher,8,Fastball_Bottom,1.0
7,0.01,5,range_scaled,Pitcher,8,Fastball_Middle,0.0
7,0.01,5,range_scaled,Pitcher,8,Fastball_Top,0.0
7,0.01,5,range_scaled,Pitcher,8,Fastball_Chase,0.0
7,0.01,5,range_scaled,Pitcher,8,Offspeed_Bottom,0.0
7,0.01,5,range_scaled,Pitcher,8,Offspeed_Middle,0.0
7,0.01,5,range_scaled,Pitcher,8,Offspeed_Top,0.0
7,0.01,5,range_scaled,Pitcher,8,Offspeed_Chase,0.0
7,0.01,5,range_scaled,Pitcher,9,Fastball_Bottom,0.7377210576509623
7,0.01,5,range_scaled,Pitcher,9,Fastball_Middle,0.0
7,0.01,5,range_scaled,Pitcher,9,Fastball_Top,0.0
7,0.01,5,range_scaled,Pitcher,9,Fastball_Chase,0.0
7,0.01,5,range_scaled,Pitcher,9,Offspeed_Bottom,0.0
7,0.01,5,range_scaled,Pitcher,9,Offspeed_Middle,0.0
7,0.01,5,range_scaled,Pitcher,9,Offspeed_Top,0.0
7,0.01,5,range_scaled,Pitcher,9,Offspeed_Chase,0.2622789423490377
7,0.01,5,range_scaled,Pitcher,10,Fastball_Bottom,0.125
7,0.01,5,range_scaled,Pitcher,10,Fastball_Middle,0.125
7,0.01,5,range_scaled,Pitcher,10,Fastball_Top,0.125
7,0.01,5,range_scaled,Pitcher,10,Fastball_Chase,0.125
7,0.01,5,range_scaled,Pitcher,10,Offspeed_Bottom,0.125
7,0.01,5,range_scaled,Pitcher,10,Offspeed_Middle,0.125
7,0.01,5,range_scaled,Pitcher,10,Offspeed_Top,0.125
7,0.01,5,range_scaled,Pitcher,10,Offspeed_Chase,0.125
7,0.01,5,range_scaled,Pitcher,11,Fastball_Bottom,0.125
7,0.01,5,range_scaled,Pitcher,11,Fastball_Middle,0.125
7,0.01,5,range_scaled,Pitcher,11,Fastball_Top,0.125
7,0.01,5,range_scaled,Pitcher,11,Fastball_Chase,0.125
7,0.01,5,range_scaled,Pitcher,11,Offspeed_Bottom,0.125
7,0.01,5,range_scaled,Pitcher,11,Offspeed_Middle,0.125
7,0.01,5,range_scaled,Pitcher,11,Offspeed_Top,0.125
7,0.01,5,range_scaled,Pitcher,11,Offspeed_Chase,0.125
7,0.01,5,range_scaled,Pitcher,12,Fastball_Bottom,0.125
7,0.01,5,range_scaled,Pitcher,12,Fastball_Middle,0.125
7,0.01,5,range_scaled,Pitcher,12,Fastball_Top,0.125
7,0.01,5,range_scaled,Pitcher,12,Fastball_Chase,0.125
7,0.01,5,range_scaled,Pitcher,12,Offspeed_Bottom,0.125
7,0.01,5,range_scaled,Pitcher,12,Offspeed_Middle,0.125
7,0.01,5,range_scaled,Pitcher,12,Offspeed_Top,0.125
7,0.01,5,range_scaled,Pitcher,12,Offspeed_Chase,0.125
7,0.01,5,range_scaled,Pitcher,13,Fastball_Bottom,0.125
7,0.01,5,range_scaled,Pitcher,13,Fastball_Middle,0.125
7,0.01,5,range_scaled,Pitcher,13,Fastball_Top,0.125
7,0.01,5,range_scaled,Pitcher,13,Fastball_Chase,0.125
7,0.01,5,range_scaled,Pitcher,13,Offspeed_Bottom,0.125
7,0.01,5,range_scaled,Pitcher,13,Offspeed_Middle,0.125
7,0.01,5,range_scaled,Pitcher,13,Offspeed_Top,0.125
7,0.01,5,range_scaled,Pitcher,13,Offspeed_Chase,0.125
7,0.01,5,range_scaled,Pitcher,14,Fastball_Bottom,0.125
7,0.01,5,range_scaled,Pitcher,14,Fastball_Middle,0.125
7,0.01,5,range_scaled,Pitcher,14,Fastball_Top,0.125
7,0.01,5,range_scaled,Pitcher,14,Fastball_Chase,0.125
7,0.01,5,range_scaled,Pitcher,14,Offspeed_Bottom,0.125
7,0.01,5,range_scaled,Pitcher,14,Offspeed_Middle,0.125
7,0.01,5,range_scaled,Pitcher,14,Offspeed_Top,0.125
7,0.01,5,range_scaled,Pitcher,14,Offspeed_Chase,0.125
7,0.01,5,range_scaled,Pitcher,15,Fastball_Bottom,0.125
7,0.01,5,range_scaled,Pitcher,15,Fastball_Middle,0.125
7,0.01,5,range_scaled,Pitcher,15,Fastball_Top,0.125
7,0.01,5,range_scaled,Pitcher,15,Fastball_Chase,0.125
7,0.01,5,range_scaled,Pitcher,15,Offspeed_Bottom,0.125
7,0.01,5,range_scaled,Pitcher,15,Offspeed_Middle,0.125
7,0.01,5,range_scaled,Pitcher,15,Offspeed_Top,0.125
7,0.01,5,range_scaled,Pitcher,15,Offspeed_Chase,0.125
7,0.01,5,range_scaled,Pitcher,16,Fastball_Bottom,0.125
7,0.01,5,range_scaled,Pitcher,16,Fastball_Middle,0.125
7,0.01,5,range_scaled,Pitcher,16,Fastball_Top,0.125
7,0.01,5,range_scaled,Pitcher,16,Fastball_Chase,0.125
7,0.01,5,range_scaled,Pitcher,16,Offspeed_Bottom,0.125
7,0.01,5,range_scaled,Pitcher,16,Offspeed_Middle,0.125
7,0.01,5,range_scaled,Pitcher,16,Offspeed_Top,0.125
7,0.01,5,range_scaled,Pitcher,16,Offspeed_Chase,0.125
7,0.01,5,range_scaled,Pitcher,17,Fastball_Bottom,0.125
7,0.01,5,range_scaled,Pitcher,17,Fastball_Middle,0.125
7,0.01,5,range_scaled,Pitcher,17,Fastball_Top,0.125
7,0.01,5,range_scaled,Pitcher,17,Fastball_Chase,0.125
7,0.01,5,range_scaled,Pitcher,17,Offspeed_Bottom,0.125
7,0.01,5,range_scaled,Pitcher,17,Offspeed_Middle,0.125
7,0.01,5,range_scaled,Pitcher,17,Offspeed_Top,0.125
7,0.01,5,range_scaled,Pitcher,17,Offspeed_Chase,0.125
8,0.01,6,range_scaled,Batter,1,Swing,0.5802408186920873
8,0.01,6,range_scaled,Batter,1,Take,0.4197591813079126
8,0.01,6,range_scaled,Batter,2,Swing,1.0
8,0.01,6,range_scaled,Batter,2,Take,0.0
8,0.01,6,range_scaled,Batter,3,Swing,0.0
8,0.01,6,range_scaled,Batter,3,Take,1.0
8,0.01,6,range_scaled,Batter,4,Swing,1.0
8,0.01,6,range_scaled,Batter,4,Take,0.0
8,0.01,6,range_scaled,Batter,5,Swing,0.0
8,0.01,6,range_scaled,Batter,5,Take,1.0
8,0.01,6,range_scaled,Batter,6,Swing,1.0
8,0.01,6,range_scaled,Batter,6,Take,0.0
8,0.01,6,range_scaled,Batter,7,Swing,0.9106798020061084
8,0.01,6,range_scaled,Batter,7,Take,0.08932019799389168
8,0.01,6,range_scaled,Batter,8,Swing,1.0
8,0.01,6,range_scaled,Batter,8,Take,0.0
8,0.01,6,range_scaled,Batter,9,Swing,0.939467516358923
8,0.01,6,range_scaled,Batter,9,Take,0.06053248364107706
8,0.01,6,range_scaled,Batter,10,Swing,1.0
8,0.01,6,range_scaled,Batter,10,Take,0.0
8,0.01,6,range_scaled,Batter,11,Swing,0.06474697170715847
8,0.01,6,range_scaled,Batter,11,Take,0.9352530282928416
8,0.01,6,range_scaled,Batter,12,Swing,1.0
8,0.01,6,range_scaled,Batter,12,Take,0.0
8,0.01,6,range_scaled,Batter,13,Swing,1.0
8,0.01,6,range_scaled,Batter,13,Take,0.0
8,0.01,6,range_scaled,Batter,14,Swing,1.0
8,0.01,6,range_scaled,Batter,14,Take,0.0
8,0.01,6,range_scaled,Batter,15,Swing,0.0
8,0.01,6,range_scaled,Batter,15,Take,1.0
8,0.01,6,range_scaled,Batter,16,Swing,1.0
8,0.01,6,range_scaled,Batter,16,Take,0.0
8,0.01,6,range_scaled,Batter,17,Swing,0.73069951876862
8,0.01,6,range_scaled,Batter,17,Take,0.26930048123137995
8,0.01,6,range_scaled,Pitcher,1,Fastball_Bottom,0.0
8,0.01,6,range_scaled,Pitcher,1,Fastball_Middle,0.0
8,0.01,6,range_scaled,Pitcher,1,Fastball_Top,0.12837752011399495
8,0.01,6,range_scaled,Pitcher,1,Fastball_Chase,0.871622479886005
8,0.01,6,range_scaled,Pitcher,1,Offspeed_Bottom,-0.0
8,0.01,6,range_scaled,Pitcher,1,Offspeed_Middle,0.0
8,0.01,6,range_scaled,Pitcher,1,Offspeed_Top,0.0
8,0.01,6,range_scaled,Pitcher,1,Offspeed_Chase,-0.0
8,0.01,6,range_scaled,Pitcher,2,Fastball_Bottom,0.125
8,0.01,6,range_scaled,Pitcher,2,Fastball_Middle,0.125
8,0.01,6,range_scaled,Pitcher,2,Fastball_Top,0.125
8,0.01,6,range_scaled,Pitcher,2,Fastball_Chase,0.125
8,0.01,6,range_scaled,Pitcher,2,Offspeed_Bottom,0.125
8,0.01,6,range_scaled,Pitcher,2,Offspeed_Middle,0.125
8,0.01,6,range_scaled,Pitcher,2,Offspeed_Top,0.125
8,0.01,6,range_scaled,Pitcher,2,Offspeed_Chase,0.125
8,0.01,6,range_scaled,Pitcher,3,Fastball_Bottom,0.125
8,0.01,6,range_scaled,Pitcher,3,Fastball_Middle,0.125
8,0.01,6,range_scaled,Pitcher,3,Fastball_Top,0.125
8,0.01,6,range_scaled,Pitcher,3,Fastball_Chase,0.125
8,0.01,6,range_scaled,Pitcher,3,Offspeed_Bottom,0.125
8,0.01,6,range_scaled,Pitcher,3,Offspeed_Middle,0.125
8,0.01,6,range_scaled,Pitcher,3,Offspeed_Top,0.125
8,0.01,6,range_scaled,Pitcher,3,Offspeed_Chase,0.125
8,0.01,6,range_scaled,Pitcher,4,Fastball_Bottom,0.125
8,0.01,6,range_scaled,Pitcher,4,Fastball_Middle,0.125
8,0.01,6,range_scaled,Pitcher,4,Fastball_Top,0.125
8,0.01,6,range_scaled,Pitcher,4,Fastball_Chase,0.125
8,0.01,6,range_scaled,Pitcher,4,Offspeed_Bottom,0.125
8,0.01,6,range_scaled,Pitcher,4,Offspeed_Middle,0.125
8,0.01,6,range_scaled,Pitcher,4,Offspeed_Top,0.125
8,0.01,6,range_scaled,Pitcher,4,Offspeed_Chase,0.125
8,0.01,6,range_scaled,Pitcher,5,Fastball_Bottom,0.125
8,0.01,6,range_scaled,Pitcher,5,Fastball_Middle,0.125
8,0.01,6,range_scaled,Pitcher,5,Fastball_Top,0.125
8,0.01,6,range_scaled,Pitcher,5,Fastball_Chase,0.125
8,0.01,6,range_scaled,Pitcher,5,Offspeed_Bottom,0.125
8,0.01,6,range_scaled,Pitcher,5,Offspeed_Middle,0.125
8,0.01,6,range_scaled,Pitcher,5,Offspeed_Top,0.125
8,0.01,6,range_scaled,Pitcher,5,Offspeed_Chase,0.125
8,0.01,6,range_scaled,Pitcher,6,Fastball_Bottom,1.0
8,0.01,6,range_scaled,Pitcher,6,Fastball_Middle,0.0
8,0.01,6,range_scaled,Pitcher,6,Fastball_Top,0.0
8,0.01,6,range_scaled,Pitcher,6,Fastball_Chase,0.0
8,0.01,6,range_scaled,Pitcher,6,Offspeed_Bottom,0.0
8,0.01,6,range_scaled,Pitcher,6,Offspeed_Middle,0.0
8,0.01,6,range_scaled,Pitcher,6,Offspeed_Top,0.0
8,0.01,6,range_scaled,Pitcher,6,Offspeed_Chase,0.0
8,0.01,6,range_scaled,Pitcher,7,Fastball_Bottom,0.0
8,0.01,6,range_scaled,Pitcher,7,Fastball_Middle,0.0
8,0.01,6,range_scaled,Pitcher,7,Fastball_Top,0.0
8,0.01,6,range_scaled,Pitcher,7,Fastball_Chase,0.0
8,0.01,6,range_scaled,Pitcher,7,Offspeed_Bottom,0.0
8,0.01,6,range_scaled,Pitcher,7,Offspeed_Middle,0.0
8,0.01,6,range_scaled,Pitcher,7,Offspeed_Top,0.8723616412406622
8,0.01,6,range_scaled,Pitcher,7,Offspeed_Chase,0.12763835875933874
8,0.01,6,range_scaled,Pitcher,8,Fastball_Bottom,1.0
8,0.01,6,range_scaled,Pitcher,8,Fastball_Middle,0.0
8,0.01,6,range_scaled,Pitcher,8,Fastball_Top,0.0
8,0.01,6,range_scaled,Pitcher,8,Fastball_Chase,0.0
8,0.01,6,range_scaled,Pitcher,8,Offspeed_Bottom,0.0
8,0.01,6,range_scaled,Pitcher,8,Offspeed_Middle,0.0
8,0.01,6,range_scaled,Pitcher,8,Offspeed_Top,0.0
8,0.01,6,range_scaled,Pitcher,8,Offspeed_Chase,0.0
8,0.01,6,range_scaled,Pitcher,9,Fastball_Bottom,0.0
8,0.01,6,range_scaled,Pitcher,9,Fastball_Middle,0.0
8,0.01,6,range_scaled,Pitcher,9,Fastball_Top,0.7446512889814374
8,0.01,6,range_scaled,Pitcher,9,Fastball_Chase,0.0
8,0.01,6,range_scaled,Pitcher,9,Offspeed_Bottom,0.0
8,0.01,6,range_scaled,Pitcher,9,Offspeed_Middle,0.0
8,0.01,6,range_scaled,Pitcher,9,Offspeed_Top,0.0
8,0.01,6,range_scaled,Pitcher,9,Offspeed_Chase,0.25534871101856255
8,0.01,6,range_scaled,Pitcher,10,Fastball_Bottom,0.125
8,0.01,6,range_scaled,Pitcher,10,Fastball_Middle,0.125
8,0.01,6,range_scaled,Pitcher,10,Fastball_Top,0.125
8,0.01,6,range_scaled,Pitcher,10,Fastball_Chase,0.125
8,0.01,6,range_scaled,Pitcher,10,Offspeed_Bottom,0.125
8,0.01,6,range_scaled,Pitcher,10,Offspeed_Middle,0.125
8,0.01,6,range_scaled,Pitcher,10,Offspeed_Top,0.125
8,0.01,6,range_scaled,Pitcher,10,Offspeed_Chase,0.125
8,0.01,6,range_scaled,Pitcher,11,Fastball_Bottom,0.125
8,0.01,6,range_scaled,Pitcher,11,Fastball_Middle,0.125
8,0.01,6,range_scaled,Pitcher,11,Fastball_Top,0.125
8,0.01,6,range_scaled,Pitcher,11,Fastball_Chase,0.125
8,0.01,6,range_scaled,Pitcher,11,Offspeed_Bottom,0.125
8,0.01,6,range_scaled,Pitcher,11,Offspeed_Middle,0.125
8,0.01,6,range_scaled,Pitcher,11,Offspeed_Top,0.125
8,0.01,6,range_scaled,Pitcher,11,Offspeed_Chase,0.125
8,0.01,6,range_scaled,Pitcher,12,Fastball_Bottom,0.125
8,0.01,6,range_scaled,Pitcher,12,Fastball_Middle,0.125
8,0.01,6,range_scaled,Pitcher,12,Fastball_Top,0.125
8,0.01,6,range_scaled,Pitcher,12,Fastball_Chase,0.125
8,0.01,6,range_scaled,Pitcher,12,Offspeed_Bottom,0.125
8,0.01,6,range_scaled,Pitcher,12,Offspeed_Middle,0.125
8,0.01,6,range_scaled,Pitcher,12,Offspeed_Top,0.125
8,0.01,6,range_scaled,Pitcher,12,Offspeed_Chase,0.125
8,0.01,6,range_scaled,Pitcher,13,Fastball_Bottom,0.125
8,0.01,6,range_scaled,Pitcher,13,Fastball_Middle,0.125
8,0.01,6,range_scaled,Pitcher,13,Fastball_Top,0.125
8,0.01,6,range_scaled,Pitcher,13,Fastball_Chase,0.125
8,0.01,6,range_scaled,Pitcher,13,Offspeed_Bottom,0.125
8,0.01,6,range_scaled,Pitcher,13,Offspeed_Middle,0.125
8,0.01,6,range_scaled,Pitcher,13,Offspeed_Top,0.125
8,0.01,6,range_scaled,Pitcher,13,Offspeed_Chase,0.125
8,0.01,6,range_scaled,Pitcher,14,Fastball_Bottom,0.125
8,0.01,6,range_scaled,Pitcher,14,Fastball_Middle,0.125
8,0.01,6,range_scaled,Pitcher,14,Fastball_Top,0.125
8,0.01,6,range_scaled,Pitcher,14,Fastball_Chase,0.125
8,0.01,6,range_scaled,Pitcher,14,Offspeed_Bottom,0.125
8,0.01,6,range_scaled,Pitcher,14,Offspeed_Middle,0.125
8,0.01,6,range_scaled,Pitcher,14,Offspeed_Top,0.125
8,0.01,6,range_scaled,Pitcher,14,Offspeed_Chase,0.125
8,0.01,6,range_scaled,Pitcher,15,Fastball_Bottom,0.125
8,0.01,6,range_scaled,Pitcher,15,Fastball_Middle,0.125
8,0.01,6,range_scaled,Pitcher,15,Fastball_Top,0.125
8,0.01,6,range_scaled,Pitcher,15,Fastball_Chase,0.125
8,0.01,6,range_scaled,Pitcher,15,Offspeed_Bottom,0.125
8,0.01,6,range_scaled,Pitcher,15,Offspeed_Middle,0.125
8,0.01,6,range_scaled,Pitcher,15,Offspeed_Top,0.125
8,0.01,6,range_scaled,Pitcher,15,Offspeed_Chase,0.125
8,0.01,6,range_scaled,Pitcher,16,Fastball_Bottom,0.125
8,0.01,6,range_scaled,Pitcher,16,Fastball_Middle,0.125
8,0.01,6,range_scaled,Pitcher,16,Fastball_Top,0.125
8,0.01,6,range_scaled,Pitcher,16,Fastball_Chase,0.125
8,0.01,6,range_scaled,Pitcher,16,Offspeed_Bottom,0.125
8,0.01,6,range_scaled,Pitcher,16,Offspeed_Middle,0.125
8,0.01,6,range_scaled,Pitcher,16,Offspeed_Top,0.125
8,0.01,6,range_scaled,Pitcher,16,Offspeed_Chase,0.125
8,0.01,6,range_scaled,Pitcher,17,Fastball_Bottom,0.125
8,0.01,6,range_scaled,Pitcher,17,Fastball_Middle,0.125
8,0.01,6,range_scaled,Pitcher,17,Fastball_Top,0.125
8,0.01,6,range_scaled,Pitcher,17,Fastball_Chase,0.125
8,0.01,6,range_scaled,Pitcher,17,Offspeed_Bottom,0.125
8,0.01,6,range_scaled,Pitcher,17,Offspeed_Middle,0.125
8,0.01,6,range_scaled,Pitcher,17,Offspeed_Top,0.125
8,0.01,6,range_scaled,Pitcher,17,Offspeed_Chase,0.125
9,0.01,7,range_scaled,Batter,1,Swing,0.6304055853569244
9,0.01,7,range_scaled,Batter,1,Take,0.36959441464307563
9,0.01,7,range_scaled,Batter,2,Swing,1.0
9,0.01,7,range_scaled,Batter,2,Take,0.0
9,0.01,7,range_scaled,Batter,3,Swing,0.0
9,0.01,7,range_scaled,Batter,3,Take,1.0
9,0.01,7,range_scaled,Batter,4,Swing,1.0
9,0.01,7,range_scaled,Batter,4,Take,0.0
9,0.01,7,range_scaled,Batter,5,Swing,0.0
9,0.01,7,range_scaled,Batter,5,Take,1.0
9,0.01,7,range_scaled,Batter,6,Swing,1.0
9,0.01,7,range_scaled,Batter,6,Take,0.0
9,0.01,7,range_scaled,Batter,7,Swing,0.8805535536486105
9,0.01,7,range_scaled,Batter,7,Take,0.1194464463513894
9,0.01,7,range_scaled,Batter,8,Swing,1.0
9,0.01,7,range_scaled,Batter,8,Take,0.0
9,0.01,7,range_scaled,Batter,9,Swing,0.31023038714399814
9,0.01,7,range_scaled,Batter,9,Take,0.6897696128560019
9,0.01,7,range_scaled,Batter,10,Swing,1.0
9,0.01,7,range_scaled,Batter,10,Take,0.0
9,0.01,7,range_scaled,Batter,11,Swing,0.0
9,0.01,7,range_scaled,Batter,11,Take,1.0
9,0.01,7,range_scaled,Batter,12,Swing,1.0
9,0.01,7,range_scaled,Batter,12,Take,0.0
9,0.01,7,range_scaled,Batter,13,Swing,1.0
9,0.01,7,range_scaled,Batter,13,Take,0.0
9,0.01,7,range_scaled,Batter,14,Swing,1.0
9,0.01,7,range_scaled,Batter,14,Take,0.0
9,0.01,7,range_scaled,Batter,15,Swing,1.0
9,0.01,7,range_scaled,Batter,15,Take,0.0
9,0.01,7,range_scaled,Batter,16,Swing,1.0
9,0.01,7,range_scaled,Batter,16,Take,0.0
9,0.01,7,range_scaled,Batter,17,Swing,0.8133504569553871
9,0.01,7,range_scaled,Batter,17,Take,0.18664954304461276
9,0.01,7,range_scaled,Pitcher,1,Fastball_Bottom,0.0
9,0.01,7,range_scaled,Pitcher,1,Fastball_Middle,0.0
9,0.01,7,range_scaled,Pitcher,1,Fastball_Top,0.34283779890304955
9,0.01,7,range_scaled,Pitcher,1,Fastball_Chase,0.0
9,0.01,7,range_scaled,Pitcher,1,Offspeed_Bottom,0.0
9,0.01,7,range_scaled,Pitcher,1,Offspeed_Middle,0.0
9,0.01,7,range_scaled,Pitcher,1,Offspeed_Top,0.0
9,0.01,7,range_scaled,Pitcher,1,Offspeed_Chase,0.6571622010969504
9,0.01,7,range_scaled,Pitcher,2,Fastball_Bottom,0.125
9,0.01,7,range_scaled,Pitcher,2,Fastball_Middle,0.125
9,0.01,7,range_scaled,Pitcher,2,Fastball_Top,0.125
9,0.01,7,range_scaled,Pitcher,2,Fastball_Chase,0.125
9,0.01,7,range_scaled,Pitcher,2,Offspeed_Bottom,0.125
9,0.01,7,range_scaled,Pitcher,2,Offspeed_Middle,0.125
9,0.01,7,range_scaled,Pitcher,2,Offspeed_Top,0.125
9,0.01,7,range_scaled,Pitcher,2,Offspeed_Chase,0.125
9,0.01,7,range_scaled,Pitcher,3,Fastball_Bottom,0.125
9,0.01,7,range_scaled,Pitcher,3,Fastball_Middle,0.125
9,0.01,7,range_scaled,Pitcher,3,Fastball_Top,0.125
9,0.01,7,range_scaled,Pitcher,3,Fastball_Chase,0.125
9,0.01,7,range_scaled,Pitcher,3,Offspeed_Bottom,0.125
9,0.01,7,range_scaled,Pitcher,3,Offspeed_Middle,0.125
9,0.01,7,range_scaled,Pitcher,3,Offspeed_Top,0.125
9,0.01,7,range_scaled,Pitcher,3,Offspeed_Chase,0.125
9,0.01,7,range_scaled,Pitcher,4,Fastball_Bottom,0.125
9,0.01,7,range_scaled,Pitcher,4,Fastball_Middle,0.125
9,0.01,7,range_scaled,Pitcher,4,Fastball_Top,0.125
9,0.01,7,range_scaled,Pitcher,4,Fastball_Chase,0.125
9,0.01,7,range_scaled,Pitcher,4,Offspeed_Bottom,0.125
9,0.01,7,range_scaled,Pitcher,4,Offspeed_Middle,0.125
9,0.01,7,range_scaled,Pitcher,4,Offspeed_Top,0.125
9,0.01,7,range_scaled,Pitcher,4,Offspeed_Chase,0.125
9,0.01,7,range_scaled,Pitcher,5,Fastball_Bottom,0.125
9,0.01,7,range_scaled,Pitcher,5,Fastball_Middle,0.125
9,0.01,7,range_scaled,Pitcher,5,Fastball_Top,0.125
9,0.01,7,range_scaled,Pitcher,5,Fastball_Chase,0.125
9,0.01,7,range_scaled,Pitcher,5,Offspeed_Bottom,0.125
9,0.01,7,range_scaled,Pitcher,5,Offspeed_Middle,0.125
9,0.01,7,range_scaled,Pitcher,5,Offspeed_Top,0.125
9,0.01,7,range_scaled,Pitcher,5,Offspeed_Chase,0.125
9,0.01,7,range_scaled,Pitcher,6,Fastball_Bottom,1.0
9,0.01,7,range_scaled,Pitcher,6,Fastball_Middle,0.0
9,0.01,7,range_scaled,Pitcher,6,Fastball_Top,0.0
9,0.01,7,range_scaled,Pitcher,6,Fastball_Chase,0.0
9,0.01,7,range_scaled,Pitcher,6,Offspeed_Bottom,0.0
9,0.01,7,range_scaled,Pitcher,6,Offspeed_Middle,0.0
9,0.01,7,range_scaled,Pitcher,6,Offspeed_Top,0.0
9,0.01,7,range_scaled,Pitcher,6,Offspeed_Chase,0.0
9,0.01,7,range_scaled,Pitcher,7,Fastball_Bottom,0.0
9,0.01,7,range_scaled,Pitcher,7,Fastball_Middle,0.0
9,0.01,7,range_scaled,Pitcher,7,Fastball_Top,0.0
9,0.01,7,range_scaled,Pitcher,7,Fastball_Chase,0.0
9,0.01,7,range_scaled,Pitcher,7,Offspeed_Bottom,0.0
9,0.01,7,range_scaled,Pitcher,7,Offspeed_Middle,0.0
9,0.01,7,range_scaled,Pitcher,7,Offspeed_Top,0.8884519618607909
9,0.01,7,range_scaled,Pitcher,7,Offspeed_Chase,0.11154803813920885
9,0.01,7,range_scaled,Pitcher,8,Fastball_Bottom,0.125
9,0.01,7,range_scaled,Pitcher,8,Fastball_Middle,0.125
9,0.01,7,range_scaled,Pitcher,8,Fastball_Top,0.125
9,0.01,7,range_scaled,Pitcher,8,Fastball_Chase,0.125
9,0.01,7,range_scaled,Pitcher,8,Offspeed_Bottom,0.125
9,0.01,7,range_scaled,Pitcher,8,Offspeed_Middle,0.125
9,0.01,7,range_scaled,Pitcher,8,Offspeed_Top,0.125
9,0.01,7,range_scaled,Pitcher,8,Offspeed_Chase,0.125
9,0.01,7,range_scaled,Pitcher,9,Fastball_Bottom,0.125
9,0.01,7,range_scaled,Pitcher,9,Fastball_Middle,0.125
9,0.01,7,range_scaled,Pitcher,9,Fastball_Top,0.125
9,0.01,7,range_scaled,Pitcher,9,Fastball_Chase,0.125
9,0.01,7,range_scaled,Pitcher,9,Offspeed_Bottom,0.125
9,0.01,7,range_scaled,Pitcher,9,Offspeed_Middle,0.125
9,0.01,7,range_scaled,Pitcher,9,Offspeed_Top,0.125
9,0.01,7,range_scaled,Pitcher,9,Offspeed_Chase,0.125
9,0.01,7,range_scaled,Pitcher,10,Fastball_Bottom,0.125
9,0.01,7,range_scaled,Pitcher,10,Fastball_Middle,0.125
9,0.01,7,range_scaled,Pitcher,10,Fastball_Top,0.125
9,0.01,7,range_scaled,Pitcher,10,Fastball_Chase,0.125
9,0.01,7,range_scaled,Pitcher,10,Offspeed_Bottom,0.125
9,0.01,7,range_scaled,Pitcher,10,Offspeed_Middle,0.125
9,0.01,7,range_scaled,Pitcher,10,Offspeed_Top,0.125
9,0.01,7,range_scaled,Pitcher,10,Offspeed_Chase,0.125
9,0.01,7,range_scaled,Pitcher,11,Fastball_Bottom,0.125
9,0.01,7,range_scaled,Pitcher,11,Fastball_Middle,0.125
9,0.01,7,range_scaled,Pitcher,11,Fastball_Top,0.125
9,0.01,7,range_scaled,Pitcher,11,Fastball_Chase,0.125
9,0.01,7,range_scaled,Pitcher,11,Offspeed_Bottom,0.125
9,0.01,7,range_scaled,Pitcher,11,Offspeed_Middle,0.125
9,0.01,7,range_scaled,Pitcher,11,Offspeed_Top,0.125
9,0.01,7,range_scaled,Pitcher,11,Offspeed_Chase,0.125
9,0.01,7,range_scaled,Pitcher,12,Fastball_Bottom,0.125
9,0.01,7,range_scaled,Pitcher,12,Fastball_Middle,0.125
9,0.01,7,range_scaled,Pitcher,12,Fastball_Top,0.125
9,0.01,7,range_scaled,Pitcher,12,Fastball_Chase,0.125
9,0.01,7,range_scaled,Pitcher,12,Offspeed_Bottom,0.125
9,0.01,7,range_scaled,Pitcher,12,Offspeed_Middle,0.125
9,0.01,7,range_scaled,Pitcher,12,Offspeed_Top,0.125
9,0.01,7,range_scaled,Pitcher,12,Offspeed_Chase,0.125
9,0.01,7,range_scaled,Pitcher,13,Fastball_Bottom,0.125
9,0.01,7,range_scaled,Pitcher,13,Fastball_Middle,0.125
9,0.01,7,range_scaled,Pitcher,13,Fastball_Top,0.125
9,0.01,7,range_scaled,Pitcher,13,Fastball_Chase,0.125
9,0.01,7,range_scaled,Pitcher,13,Offspeed_Bottom,0.125
9,0.01,7,range_scaled,Pitcher,13,Offspeed_Middle,0.125
9,0.01,7,range_scaled,Pitcher,13,Offspeed_Top,0.125
9,0.01,7,range_scaled,Pitcher,13,Offspeed_Chase,0.125
9,0.01,7,range_scaled,Pitcher,14,Fastball_Bottom,0.125
9,0.01,7,range_scaled,Pitcher,14,Fastball_Middle,0.125
9,0.01,7,range_scaled,Pitcher,14,Fastball_Top,0.125
9,0.01,7,range_scaled,Pitcher,14,Fastball_Chase,0.125
9,0.01,7,range_scaled,Pitcher,14,Offspeed_Bottom,0.125
9,0.01,7,range_scaled,Pitcher,14,Offspeed_Middle,0.125
9,0.01,7,range_scaled,Pitcher,14,Offspeed_Top,0.125
9,0.01,7,range_scaled,Pitcher,14,Offspeed_Chase,0.125
9,0.01,7,range_scaled,Pitcher,15,Fastball_Bottom,0.125
9,0.01,7,range_scaled,Pitcher,15,Fastball_Middle,0.125
9,0.01,7,range_scaled,Pitcher,15,Fastball_Top,0.125
9,0.01,7,range_scaled,Pitcher,15,Fastball_Chase,0.125
9,0.01,7,range_scaled,Pitcher,15,Offspeed_Bottom,0.125
9,0.01,7,range_scaled,Pitcher,15,Offspeed_Middle,0.125
9,0.01,7,range_scaled,Pitcher,15,Offspeed_Top,0.125
9,0.01,7,range_scaled,Pitcher,15,Offspeed_Chase,0.125
9,0.01,7,range_scaled,Pitcher,16,Fastball_Bottom,1.0
9,0.01,7,range_scaled,Pitcher,16,Fastball_Middle,0.0
9,0.01,7,range_scaled,Pitcher,16,Fastball_Top,0.0
9,0.01,7,range_scaled,Pitcher,16,Fastball_Chase,0.0
9,0.01,7,range_scaled,Pitcher,16,Offspeed_Bottom,0.0
9,0.01,7,range_scaled,Pitcher,16,Offspeed_Middle,0.0
9,0.01,7,range_scaled,Pitcher,16,Offspeed_Top,0.0
9,0.01,7,range_scaled,Pitcher,16,Offspeed_Chase,0.0
9,0.01,7,range_scaled,Pitcher,17,Fastball_Bottom,0.0
9,0.01,7,range_scaled,Pitcher,17,Fastball_Middle,0.0
9,0.01,7,range_scaled,Pitcher,17,Fastball_Top,0.8736013717855209
9,0.01,7,range_scaled,Pitcher,17,Fastball_Chase,0.0
9,0.01,7,range_scaled,Pitcher,17,Offspeed_Bottom,0.0
9,0.01,7,range_scaled,Pitcher,17,Offspeed_Middle,0.0
9,0.01,7,range_scaled,Pitcher,17,Offspeed_Top,0.0
9,0.01,7,range_scaled,Pitcher,17,Offspeed_Chase,0.12639862821447911
10,0.01,8,range_scaled,Batter,1,Swing,0.8019516706817084
10,0.01,8,range_scaled,Batter,1,Take,0.1980483293182916
10,0.01,8,range_scaled,Batter,2,Swing,1.0
10,0.01,8,range_scaled,Batter,2,Take,0.0
10,0.01,8,range_scaled,Batter,3,Swing,0.0
10,0.01,8,range_scaled,Batter,3,Take,1.0
10,0.01,8,range_scaled,Batter,4,Swing,1.0
10,0.01,8,range_scaled,Batter,4,Take,0.0
10,0.01,8,range_scaled,Batter,5,Swing,0.0
10,0.01,8,range_scaled,Batter,5,Take,1.0
10,0.01,8,range_scaled,Batter,6,Swing,1.0
10,0.01,8,range_scaled,Batter,6,Take,0.0
10,0.01,8,range_scaled,Batter,7,Swing,0.0
10,0.01,8,range_scaled,Batter,7,Take,1.0
10,0.01,8,range_scaled,Batter,8,Swing,1.0
10,0.01,8,range_scaled,Batter,8,Take,0.0
10,0.01,8,range_scaled,Batter,9,Swing,0.8733468904787525
10,0.01,8,range_scaled,Batter,9,Take,0.12665310952124748
10,0.01,8,range_scaled,Batter,10,Swing,1.0
10,0.01,8,range_scaled,Batter,10,Take,0.0
10,0.01,8,range_scaled,Batter,11,Swing,0.0
10,0.01,8,range_scaled,Batter,11,Take,1.0
10,0.01,8,range_scaled,Batter,12,Swing,1.0
10,0.01,8,range_scaled,Batter,12,Take,0.0
10,0.01,8,range_scaled,Batter,13,Swing,1.0
10,0.01,8,range_scaled,Batter,13,Take,0.0
10,0.01,8,range_scaled,Batter,14,Swing,1.0
10,0.01,8,range_scaled,Batter,14,Take,0.0
10,0.01,8,range_scaled,Batter,15,Swing,0.8175546171639808
10,0.01,8,range_scaled,Batter,15,Take,0.18244538283601902
10,0.01,8,range_scaled,Batter,16,Swing,1.0
10,0.01,8,range_scaled,Batter,16,Take,0.0
10,0.01,8,range_scaled,Batter,17,Swing,0.23334485870619776
10,0.01,8,range_scaled,Batter,17,Take,0.7666551412938023
10,0.01,8,range_scaled,Pitcher,1,Fastball_Bottom,0.0
10,0.01,8,range_scaled,Pitcher,1,Fastball_Middle,0.0
10,0.01,8,range_scaled,Pitcher,1,Fastball_Top,0.0
10,0.01,8,range_scaled,Pitcher,1,Fastball_Chase,0.9874709396139637
10,0.01,8,range_scaled,Pitcher,1,Offspeed_Bottom,0.0
10,0.01,8,range_scaled,Pitcher,1,Offspeed_Middle,0.0
10,0.01,8,range_scaled,Pitcher,1,Offspeed_Top,0.012529060386036277
10,0.01,8,range_scaled,Pitcher,1,Offspeed_Chase,0.0
10,0.01,8,range_scaled,Pitcher,2,Fastball_Bottom,0.125
10,0.01,8,range_scaled,Pitcher,2,Fastball_Middle,0.125
10,0.01,8,range_scaled,Pitcher,2,Fastball_Top,0.125
10,0.01,8,range_scaled,Pitcher,2,Fastball_Chase,0.125
10,0.01,8,range_scaled,Pitcher,2,Offspeed_Bottom,0.125
10,0.01,8,range_scaled,Pitcher,2,Offspeed_Middle,0.125
10,0.01,8,range_scaled,Pitcher,2,Offspeed_Top,0.125
10,0.01,8,range_scaled,Pitcher,2,Offspeed_Chase,0.125
10,0.01,8,range_scaled,Pitcher,3,Fastball_Bottom,0.125
10,0.01,8,range_scaled,Pitcher,3,Fastball_Middle,0.125
10,0.01,8,range_scaled,Pitcher,3,Fastball_Top,0.125
10,0.01,8,range_scaled,Pitcher,3,Fastball_Chase,0.125
10,0.01,8,range_scaled,Pitcher,3,Offspeed_Bottom,0.125
10,0.01,8,range_scaled,Pitcher,3,Offspeed_Middle,0.125
10,0.01,8,range_scaled,Pitcher,3,Offspeed_Top,0.125
10,0.01,8,range_scaled,Pitcher,3,Offspeed_Chase,0.125
10,0.01,8,range_scaled,Pitcher,4,Fastball_Bottom,0.125
10,0.01,8,range_scaled,Pitcher,4,Fastball_Middle,0.125
10,0.01,8,range_scaled,Pitcher,4,Fastball_Top,0.125
10,0.01,8,range_scaled,Pitcher,4,Fastball_Chase,0.125
10,0.01,8,range_scaled,Pitcher,4,Offspeed_Bottom,0.125
10,0.01,8,range_scaled,Pitcher,4,Offspeed_Middle,0.125
10,0.01,8,range_scaled,Pitcher,4,Offspeed_Top,0.125
10,0.01,8,range_scaled,Pitcher,4,Offspeed_Chase,0.125
10,0.01,8,range_scaled,Pitcher,5,Fastball_Bottom,0.125
10,0.01,8,range_scaled,Pitcher,5,Fastball_Middle,0.125
10,0.01,8,range_scaled,Pitcher,5,Fastball_Top,0.125
10,0.01,8,range_scaled,Pitcher,5,Fastball_Chase,0.125
10,0.01,8,range_scaled,Pitcher,5,Offspeed_Bottom,0.125
10,0.01,8,range_scaled,Pitcher,5,Offspeed_Middle,0.125
10,0.01,8,range_scaled,Pitcher,5,Offspeed_Top,0.125
10,0.01,8,range_scaled,Pitcher,5,Offspeed_Chase,0.125
10,0.01,8,range_scaled,Pitcher,6,Fastball_Bottom,0.125
10,0.01,8,range_scaled,Pitcher,6,Fastball_Middle,0.125
10,0.01,8,range_scaled,Pitcher,6,Fastball_Top,0.125
10,0.01,8,range_scaled,Pitcher,6,Fastball_Chase,0.125
10,0.01,8,range_scaled,Pitcher,6,Offspeed_Bottom,0.125
10,0.01,8,range_scaled,Pitcher,6,Offspeed_Middle,0.125
10,0.01,8,range_scaled,Pitcher,6,Offspeed_Top,0.125
10,0.01,8,range_scaled,Pitcher,6,Offspeed_Chase,0.125
10,0.01,8,range_scaled,Pitcher,7,Fastball_Bottom,0.125
10,0.01,8,range_scaled,Pitcher,7,Fastball_Middle,0.125
10,0.01,8,range_scaled,Pitcher,7,Fastball_Top,0.125
10,0.01,8,range_scaled,Pitcher,7,Fastball_Chase,0.125
10,0.01,8,range_scaled,Pitcher,7,Offspeed_Bottom,0.125
10,0.01,8,range_scaled,Pitcher,7,Offspeed_Middle,0.125
10,0.01,8,range_scaled,Pitcher,7,Offspeed_Top,0.125
10,0.01,8,range_scaled,Pitcher,7,Offspeed_Chase,0.125
10,0.01,8,range_scaled,Pitcher,8,Fastball_Bottom,1.0
10,0.01,8,range_scaled,Pitcher,8,Fastball_Middle,0.0
10,0.01,8,range_scaled,Pitcher,8,Fastball_Top,0.0
10,0.01,8,range_scaled,Pitcher,8,Fastball_Chase,0.0
10,0.01,8,range_scaled,Pitcher,8,Offspeed_Bottom,0.0
10,0.01,8,range_scaled,Pitcher,8,Offspeed_Middle,0.0
10,0.01,8,range_scaled,Pitcher,8,Offspeed_Top,0.0
10,0.01,8,range_scaled,Pitcher,8,Offspeed_Chase,0.0
10,0.01,8,range_scaled,Pitcher,9,Fastball_Bottom,0.0
10,0.01,8,range_scaled,Pitcher,9,Fastball_Middle,0.0
10,0.01,8,range_scaled,Pitcher,9,Fastball_Top,0.0
10,0.01,8,range_scaled,Pitcher,9,Fastball_Chase,0.15331302779644962
10,0.01,8,range_scaled,Pitcher,9,Offspeed_Bottom,0.0
10,0.01,8,range_scaled,Pitcher,9,Offspeed_Middle,0.0
10,0.01,8,range_scaled,Pitcher,9,Offspeed_Top,0.8466869722035504
10,0.01,8,range_scaled,Pitcher,9,Offspeed_Chase,0.0
10,0.01,8,range_scaled,Pitcher,10,Fastball_Bottom,0.125
10,0.01,8,range_scaled,Pitcher,10,Fastball_Middle,0.125
10,0.01,8,range_scaled,Pitcher,10,Fastball_Top,0.125
10,0.01,8,range_scaled,Pitcher,10,Fastball_Chase,0.125
10,0.01,8,range_scaled,Pitcher,10,Offspeed_Bottom,0.125
10,0.01,8,range_scaled,Pitcher,10,Offspeed_Middle,0.125
10,0.01,8,range_scaled,Pitcher,10,Offspeed_Top,0.125
10,0.01,8,range_scaled,Pitcher,10,Offspeed_Chase,0.125
10,0.01,8,range_scaled,Pitcher,11,Fastball_Bottom,0.125
10,0.01,8,range_scaled,Pitcher,11,Fastball_Middle,0.125
10,0.01,8,range_scaled,Pitcher,11,Fastball_Top,0.125
10,0.01,8,range_scaled,Pitcher,11,Fastball_Chase,0.125
10,0.01,8,range_scaled,Pitcher,11,Offspeed_Bottom,0.125
10,0.01,8,range_scaled,Pitcher,11,Offspeed_Middle,0.125
10,0.01,8,range_scaled,Pitcher,11,Offspeed_Top,0.125
10,0.01,8,range_scaled,Pitcher,11,Offspeed_Chase,0.125
10,0.01,8,range_scaled,Pitcher,12,Fastball_Bottom,0.125
10,0.01,8,range_scaled,Pitcher,12,Fastball_Middle,0.125
10,0.01,8,range_scaled,Pitcher,12,Fastball_Top,0.125
10,0.01,8,range_scaled,Pitcher,12,Fastball_Chase,0.125
10,0.01,8,range_scaled,Pitcher,12,Offspeed_Bottom,0.125
10,0.01,8,range_scaled,Pitcher,12,Offspeed_Middle,0.125
10,0.01,8,range_scaled,Pitcher,12,Offspeed_Top,0.125
10,0.01,8,range_scaled,Pitcher,12,Offspeed_Chase,0.125
10,0.01,8,range_scaled,Pitcher,13,Fastball_Bottom,0.125
10,0.01,8,range_scaled,Pitcher,13,Fastball_Middle,0.125
10,0.01,8,range_scaled,Pitcher,13,Fastball_Top,0.125
10,0.01,8,range_scaled,Pitcher,13,Fastball_Chase,0.125
10,0.01,8,range_scaled,Pitcher,13,Offspeed_Bottom,0.125
10,0.01,8,range_scaled,Pitcher,13,Offspeed_Middle,0.125
10,0.01,8,range_scaled,Pitcher,13,Offspeed_Top,0.125
10,0.01,8,range_scaled,Pitcher,13,Offspeed_Chase,0.125
10,0.01,8,range_scaled,Pitcher,14,Fastball_Bottom,1.0
10,0.01,8,range_scaled,Pitcher,14,Fastball_Middle,0.0
10,0.01,8,range_scaled,Pitcher,14,Fastball_Top,0.0
10,0.01,8,range_scaled,Pitcher,14,Fastball_Chase,0.0
10,0.01,8,range_scaled,Pitcher,14,Offspeed_Bottom,0.0
10,0.01,8,range_scaled,Pitcher,14,Offspeed_Middle,0.0
10,0.01,8,range_scaled,Pitcher,14,Offspeed_Top,0.0
10,0.01,8,range_scaled,Pitcher,14,Offspeed_Chase,0.0
10,0.01,8,range_scaled,Pitcher,15,Fastball_Bottom,0.0
10,0.01,8,range_scaled,Pitcher,15,Fastball_Middle,0.0
10,0.01,8,range_scaled,Pitcher,15,Fastball_Top,0.8335252305214714
10,0.01,8,range_scaled,Pitcher,15,Fastball_Chase,0.0
10,0.01,8,range_scaled,Pitcher,15,Offspeed_Bottom,0.0
10,0.01,8,range_scaled,Pitcher,15,Offspeed_Middle,0.0
10,0.01,8,range_scaled,Pitcher,15,Offspeed_Top,0.0
10,0.01,8,range_scaled,Pitcher,15,Offspeed_Chase,0.16647476947852863
10,0.01,8,range_scaled,Pitcher,16,Fastball_Bottom,0.125
10,0.01,8,range_scaled,Pitcher,16,Fastball_Middle,0.125
10,0.01,8,range_scaled,Pitcher,16,Fastball_Top,0.125
10,0.01,8,range_scaled,Pitcher,16,Fastball_Chase,0.125
10,0.01,8,range_scaled,Pitcher,16,Offspeed_Bottom,0.125
10,0.01,8,range_scaled,Pitcher,16,Offspeed_Middle,0.125
10,0.01,8,range_scaled,Pitcher,16,Offspeed_Top,0.125
10,0.01,8,range_scaled,Pitcher,16,Offspeed_Chase,0.125
10,0.01,8,range_scaled,Pitcher,17,Fastball_Bottom,0.125
10,0.01,8,range_scaled,Pitcher,17,Fastball_Middle,0.125
10,0.01,8,range_scaled,Pitcher,17,Fastball_Top,0.125
10,0.01,8,range_scaled,Pitcher,17,Fastball_Chase,0.125
10,0.01,8,range_scaled,Pitcher,17,Offspeed_Bottom,0.125
10,0.01,8,range_scaled,Pitcher,17,Offspeed_Middle,0.125
10,0.01,8,range_scaled,Pitcher,17,Offspeed_Top,0.125
10,0.01,8,range_scaled,Pitcher,17,Offspeed_Chase,0.125
11,0.01,9,range_scaled,Batter,1,Swing,0.655136644189923
11,0.01,9,range_scaled,Batter,1,Take,0.344863355810077
11,0.01,9,range_scaled,Batter,2,Swing,1.0
11,0.01,9,range_scaled,Batter,2,Take,0.0
11,0.01,9,range_scaled,Batter,3,Swing,0.0
11,0.01,9,range_scaled,Batter,3,Take,1.0
11,0.01,9,range_scaled,Batter,4,Swing,1.0
11,0.01,9,range_scaled,Batter,4,Take,0.0
11,0.01,9,range_scaled,Batter,5,Swing,0.0
11,0.01,9,range_scaled,Batter,5,Take,1.0
11,0.01,9,range_scaled,Batter,6,Swing,1.0
11,0.01,9,range_scaled,Batter,6,Take,0.0
11,0.01,9,range_scaled,Batter,7,Swing,1.0
11,0.01,9,range_scaled,Batter,7,Take,0.0
11,0.01,9,range_scaled,Batter,8,Swing,1.0
11,0.01,9,range_scaled,Batter,8,Take,0.0
11,0.01,9,range_scaled,Batter,9,Swing,0.7676885361110155
11,0.01,9,range_scaled,Batter,9,Take,0.2323114638889845
11,0.01,9,range_scaled,Batter,10,Swing,1.0
11,0.01,9,range_scaled,Batter,10,Take,0.0
11,0.01,9,range_scaled,Batter,11,Swing,0.0
11,0.01,9,range_scaled,Batter,11,Take,1.0
11,0.01,9,range_scaled,Batter,12,Swing,1.0
11,0.01,9,range_scaled,Batter,12,Take,0.0
11,0.01,9,range_scaled,Batter,13,Swing,1.0
11,0.01,9,range_scaled,Batter,13,Take,0.0
11,0.01,9,range_scaled,Batter,14,Swing,1.0
11,0.01,9,range_scaled,Batter,14,Take,0.0
11,0.01,9,range_scaled,Batter,15,Swing,0.7365020988069739
11,0.01,9,range_scaled,Batter,15,Take,0.2634979011930262
11,0.01,9,range_scaled,Batter,16,Swing,1.0
11,0.01,9,range_scaled,Batter,16,Take,0.0
11,0.01,9,range_scaled,Batter,17,Swing,0.0
11,0.01,9,range_scaled,Batter,17,Take,1.0
11,0.01,9,range_scaled,Pitcher,1,Fastball_Bottom,0.0
11,0.01,9,range_scaled,Pitcher,1,Fastball_Middle,0.0
11,0.01,9,range_scaled,Pitcher,1,Fastball_Top,0.0
11,0.01,9,range_scaled,Pitcher,1,Fastball_Chase,0.9515496166510989
11,0.01,9,range_scaled,Pitcher,1,Offspeed_Bottom,0.0
11,0.01,9,range_scaled,Pitcher,1,Offspeed_Middle,0.0
11,0.01,9,range_scaled,Pitcher,1,Offspeed_Top,0.04845038334890104
11,0.01,9,range_scaled,Pitcher,1,Offspeed_Chase,0.0
11,0.01,9,range_scaled,Pitcher,2,Fastball_Bottom,0.125
11,0.01,9,range_scaled,Pitcher,2,Fastball_Middle,0.125
11,0.01,9,range_scaled,Pitcher,2,Fastball_Top,0.125
11,0.01,9,range_scaled,Pitcher,2,Fastball_Chase,0.125
11,0.01,9,range_scaled,Pitcher,2,Offspeed_Bottom,0.125
11,0.01,9,range_scaled,Pitcher,2,Offspeed_Middle,0.125
11,0.01,9,range_scaled,Pitcher,2,Offspeed_Top,0.125
11,0.01,9,range_scaled,Pitcher,2,Offspeed_Chase,0.125
11,0.01,9,range_scaled,Pitcher,3,Fastball_Bottom,0.125
11,0.01,9,range_scaled,Pitcher,3,Fastball_Middle,0.125
11,0.01,9,range_scaled,Pitcher,3,Fastball_Top,0.125
11,0.01,9,range_scaled,Pitcher,3,Fastball_Chase,0.125
11,0.01,9,range_scaled,Pitcher,3,Offspeed_Bottom,0.125
11,0.01,9,range_scaled,Pitcher,3,Offspeed_Middle,0.125
11,0.01,9,range_scaled,Pitcher,3,Offspeed_Top,0.125
11,0.01,9,range_scaled,Pitcher,3,Offspeed_Chase,0.125
11,0.01,9,range_scaled,Pitcher,4,Fastball_Bottom,0.125
11,0.01,9,range_scaled,Pitcher,4,Fastball_Middle,0.125
11,0.01,9,range_scaled,Pitcher,4,Fastball_Top,0.125
11,0.01,9,range_scaled,Pitcher,4,Fastball_Chase,0.125
11,0.01,9,range_scaled,Pitcher,4,Offspeed_Bottom,0.125
11,0.01,9,range_scaled,Pitcher,4,Offspeed_Middle,0.125
11,0.01,9,range_scaled,Pitcher,4,Offspeed_Top,0.125
11,0.01,9,range_scaled,Pitcher,4,Offspeed_Chase,0.125
11,0.01,9,range_scaled,Pitcher,5,Fastball_Bottom,0.125
11,0.01,9,range_scaled,Pitcher,5,Fastball_Middle,0.125
11,0.01,9,range_scaled,Pitcher,5,Fastball_Top,0.125
11,0.01,9,range_scaled,Pitcher,5,Fastball_Chase,0.125
11,0.01,9,range_scaled,Pitcher,5,Offspeed_Bottom,0.125
11,0.01,9,range_scaled,Pitcher,5,Offspeed_Middle,0.125
11,0.01,9,range_scaled,Pitcher,5,Offspeed_Top,0.125
11,0.01,9,range_scaled,Pitcher,5,Offspeed_Chase,0.125
11,0.01,9,range_scaled,Pitcher,6,Fastball_Bottom,0.125
11,0.01,9,range_scaled,Pitcher,6,Fastball_Middle,0.125
11,0.01,9,range_scaled,Pitcher,6,Fastball_Top,0.125
11,0.01,9,range_scaled,Pitcher,6,Fastball_Chase,0.125
11,0.01,9,range_scaled,Pitcher,6,Offspeed_Bottom,0.125
11,0.01,9,range_scaled,Pitcher,6,Offspeed_Middle,0.125
11,0.01,9,range_scaled,Pitcher,6,Offspeed_Top,0.125
11,0.01,9,range_scaled,Pitcher,6,Offspeed_Chase,0.125
11,0.01,9,range_scaled,Pitcher,7,Fastball_Bottom,0.125
11,0.01,9,range_scaled,Pitcher,7,Fastball_Middle,0.125
11,0.01,9,range_scaled,Pitcher,7,Fastball_Top,0.125
11,0.01,9,range_scaled,Pitcher,7,Fastball_Chase,0.125
11,0.01,9,range_scaled,Pitcher,7,Offspeed_Bottom,0.125
11,0.01,9,range_scaled,Pitcher,7,Offspeed_Middle,0.125
11,0.01,9,range_scaled,Pitcher,7,Offspeed_Top,0.125
11,0.01,9,range_scaled,Pitcher,7,Offspeed_Chase,0.125
11,0.01,9,range_scaled,Pitcher,8,Fastball_Bottom,1.0
11,0.01,9,range_scaled,Pitcher,8,Fastball_Middle,0.0
11,0.01,9,range_scaled,Pitcher,8,Fastball_Top,0.0
11,0.01,9,range_scaled,Pitcher,8,Fastball_Chase,0.0
11,0.01,9,range_scaled,Pitcher,8,Offspeed_Bottom,0.0
11,0.01,9,range_scaled,Pitcher,8,Offspeed_Middle,0.0
11,0.01,9,range_scaled,Pitcher,8,Offspeed_Top,0.0
11,0.01,9,range_scaled,Pitcher,8,Offspeed_Chase,0.0
11,0.01,9,range_scaled,Pitcher,9,Fastball_Bottom,0.0
11,0.01,9,range_scaled,Pitcher,9,Fastball_Middle,0.0
11,0.01,9,range_scaled,Pitcher,9,Fastball_Top,0.8618469849425241
11,0.01,9,range_scaled,Pitcher,9,Fastball_Chase,0.0
11,0.01,9,range_scaled,Pitcher,9,Offspeed_Bottom,0.0
11,0.01,9,range_scaled,Pitcher,9,Offspeed_Middle,0.0
11,0.01,9,range_scaled,Pitcher,9,Offspeed_Top,0.0
11,0.01,9,range_scaled,Pitcher,9,Offspeed_Chase,0.13815301505747596
11,0.01,9,range_scaled,Pitcher,10,Fastball_Bottom,0.125
11,0.01,9,range_scaled,Pitcher,10,Fastball_Middle,0.125
11,0.01,9,range_scaled,Pitcher,10,Fastball_Top,0.125
11,0.01,9,range_scaled,Pitcher,10,Fastball_Chase,0.125
11,0.01,9,range_scaled,Pitcher,10,Offspeed_Bottom,0.125
11,0.01,9,range_scaled,Pitcher,10,Offspeed_Middle,0.125
11,0.01,9,range_scaled,Pitcher,10,Offspeed_Top,0.125
11,0.01,9,range_scaled,Pitcher,10,Offspeed_Chase,0.125
11,0.01,9,range_scaled,Pitcher,11,Fastball_Bottom,0.125
11,0.01,9,range_scaled,Pitcher,11,Fastball_Middle,0.125
11,0.01,9,range_scaled,Pitcher,11,Fastball_Top,0.125
11,0.01,9,range_scaled,Pitcher,11,Fastball_Chase,0.125
11,0.01,9,range_scaled,Pitcher,11,Offspeed_Bottom,0.125
11,0.01,9,range_scaled,Pitcher,11,Offspeed_Middle,0.125
11,0.01,9,range_scaled,Pitcher,11,Offspeed_Top,0.125
11,0.01,9,range_scaled,Pitcher,11,Offspeed_Chase,0.125
11,0.01,9,range_scaled,Pitcher,12,Fastball_Bottom,0.125
11,0.01,9,range_scaled,Pitcher,12,Fastball_Middle,0.125
11,0.01,9,range_scaled,Pitcher,12,Fastball_Top,0.125
11,0.01,9,range_scaled,Pitcher,12,Fastball_Chase,0.125
11,0.01,9,range_scaled,Pitcher,12,Offspeed_Bottom,0.125
11,0.01,9,range_scaled,Pitcher,12,Offspeed_Middle,0.125
11,0.01,9,range_scaled,Pitcher,12,Offspeed_Top,0.125
11,0.01,9,range_scaled,Pitcher,12,Offspeed_Chase,0.125
11,0.01,9,range_scaled,Pitcher,13,Fastball_Bottom,0.125
11,0.01,9,range_scaled,Pitcher,13,Fastball_Middle,0.125
11,0.01,9,range_scaled,Pitcher,13,Fastball_Top,0.125
11,0.01,9,range_scaled,Pitcher,13,Fastball_Chase,0.125
11,0.01,9,range_scaled,Pitcher,13,Offspeed_Bottom,0.125
11,0.01,9,range_scaled,Pitcher,13,Offspeed_Middle,0.125
11,0.01,9,range_scaled,Pitcher,13,Offspeed_Top,0.125
11,0.01,9,range_scaled,Pitcher,13,Offspeed_Chase,0.125
11,0.01,9,range_scaled,Pitcher,14,Fastball_Bottom,1.0
11,0.01,9,range_scaled,Pitcher,14,Fastball_Middle,0.0
11,0.01,9,range_scaled,Pitcher,14,Fastball_Top,0.0
11,0.01,9,range_scaled,Pitcher,14,Fastball_Chase,0.0
11,0.01,9,range_scaled,Pitcher,14,Offspeed_Bottom,0.0
11,0.01,9,range_scaled,Pitcher,14,Offspeed_Middle,0.0
11,0.01,9,range_scaled,Pitcher,14,Offspeed_Top,0.0
11,0.01,9,range_scaled,Pitcher,14,Offspeed_Chase,0.0
11,0.01,9,range_scaled,Pitcher,15,Fastball_Bottom,0.0
11,0.01,9,range_scaled,Pitcher,15,Fastball_Middle,0.0
11,0.01,9,range_scaled,Pitcher,15,Fastball_Top,0.0
11,0.01,9,range_scaled,Pitcher,15,Fastball_Chase,0.0
11,0.01,9,range_scaled,Pitcher,15,Offspeed_Bottom,0.0
11,0.01,9,range_scaled,Pitcher,15,Offspeed_Middle,0.0
11,0.01,9,range_scaled,Pitcher,15,Offspeed_Top,0.8813477678691929
11,0.01,9,range_scaled,Pitcher,15,Offspeed_Chase,0.11865223213080706
11,0.01,9,range_scaled,Pitcher,16,Fastball_Bottom,0.125
11,0.01,9,range_scaled,Pitcher,16,Fastball_Middle,0.125
11,0.01,9,range_scaled,Pitcher,16,Fastball_Top,0.125
11,0.01,9,range_scaled,Pitcher,16,Fastball_Chase,0.125
11,0.01,9,range_scaled,Pitcher,16,Offspeed_Bottom,0.125
11,0.01,9,range_scaled,Pitcher,16,Offspeed_Middle,0.125
11,0.01,9,range_scaled,Pitcher,16,Offspeed_Top,0.125
11,0.01,9,range_scaled,Pitcher,16,Offspeed_Chase,0.125
11,0.01,9,range_scaled,Pitcher,17,Fastball_Bottom,0.125
11,0.01,9,range_scaled,Pitcher,17,Fastball_Middle,0.125
11,0.01,9,range_scaled,Pitcher,17,Fastball_Top,0.125
11,0.01,9,range_scaled,Pitcher,17,Fastball_Chase,0.125
11,0.01,9,range_scaled,Pitcher,17,Offspeed_Bottom,0.125
11,0.01,9,range_scaled,Pitcher,17,Offspeed_Middle,0.125
11,0.01,9,range_scaled,Pitcher,17,Offspeed_Top,0.125
11,0.01,9,range_scaled,Pitcher,17,Offspeed_Chase,0.125
12,0.01,10,range_scaled,Batter,1,Swing,0.5695816056561601
12,0.01,10,range_scaled,Batter,1,Take,0.4304183943438399
12,0.01,10,range_scaled,Batter,2,Swing,1.0
12,0.01,10,range_scaled,Batter,2,Take,0.0
12,0.01,10,range_scaled,Batter,3,Swing,0.0
12,0.01,10,range_scaled,Batter,3,Take,1.0
12,0.01,10,range_scaled,Batter,4,Swing,1.0
12,0.01,10,range_scaled,Batter,4,Take,0.0
12,0.01,10,range_scaled,Batter,5,Swing,1.0
12,0.01,10,range_scaled,Batter,5,Take,0.0
12,0.01,10,range_scaled,Batter,6,Swing,1.0
12,0.01,10,range_scaled,Batter,6,Take,0.0
12,0.01,10,range_scaled,Batter,7,Swing,0.0
12,0.01,10,range_scaled,Batter,7,Take,1.0
12,0.01,10,range_scaled,Batter,8,Swing,1.0
12,0.01,10,range_scaled,Batter,8,Take,0.0
12,0.01,10,range_scaled,Batter,9,Swing,0.9169814711694143
12,0.01,10,range_scaled,Batter,9,Take,0.08301852883058573
12,0.01,10,range_scaled,Batter,10,Swing,1.0
12,0.01,10,range_scaled,Batter,10,Take,0.0
12,0.01,10,range_scaled,Batter,11,Swing,0.3664892245760715
12,0.01,10,range_scaled,Batter,11,Take,0.6335107754239285
12,0.01,10,range_scaled,Batter,12,Swing,1.0
12,0.01,10,range_scaled,Batter,12,Take,0.0
12,0.01,10,range_scaled,Batter,13,Swing,1.0
12,0.01,10,range_scaled,Batter,13,Take,0.0
12,0.01,10,range_scaled,Batter,14,Swing,1.0
12,0.01,10,range_scaled,Batter,14,Take,0.0
12,0.01,10,range_scaled,Batter,15,Swing,0.8821664192623374
12,0.01,10,range_scaled,Batter,15,Take,0.11783358073766266
12,0.01,10,range_scaled,Batter,16,Swing,1.0
12,0.01,10,range_scaled,Batter,16,Take,0.0
12,0.01,10,range_scaled,Batter,17,Swing,0.28702512312922523
12,0.01,10,range_scaled,Batter,17,Take,0.7129748768707748
12,0.01,10,range_scaled,Pitcher,1,Fastball_Bottom,0.0
12,0.01,10,range_scaled,Pitcher,1,Fastball_Middle,0.0
12,0.01,10,range_scaled,Pitcher,1,Fastball_Top,0.0
12,0.01,10,range_scaled,Pitcher,1,Fastball_Chase,0.7658661983193518
12,0.01,10,range_scaled,Pitcher,1,Offspeed_Bottom,-0.0
12,0.01,10,range_scaled,Pitcher,1,Offspeed_Middle,0.0
12,0.01,10,range_scaled,Pitcher,1,Offspeed_Top,0.2341338016806483
12,0.01,10,range_scaled,Pitcher,1,Offspeed_Chase,0.0
12,0.01,10,range_scaled,Pitcher,2,Fastball_Bottom,0.125
12,0.01,10,range_scaled,Pitcher,2,Fastball_Middle,0.125
12,0.01,10,range_scaled,Pitcher,2,Fastball_Top,0.125
12,0.01,10,range_scaled,Pitcher,2,Fastball_Chase,0.125
12,0.01,10,range_scaled,Pitcher,2,Offspeed_Bottom,0.125
12,0.01,10,range_scaled,Pitcher,2,Offspeed_Middle,0.125
12,0.01,10,range_scaled,Pitcher,2,Offspeed_Top,0.125
12,0.01,10,range_scaled,Pitcher,2,Offspeed_Chase,0.125
12,0.01,10,range_scaled,Pitcher,3,Fastball_Bottom,0.125
12,0.01,10,range_scaled,Pitcher,3,Fastball_Middle,0.125
12,0.01,10,range_scaled,Pitcher,3,Fastball_Top,0.125
12,0.01,10,range_scaled,Pitcher,3,Fastball_Chase,0.125
12,0.01,10,range_scaled,Pitcher,3,Offspeed_Bottom,0.125
12,0.01,10,range_scaled,Pitcher,3,Offspeed_Middle,0.125
12,0.01,10,range_scaled,Pitcher,3,Offspeed_Top,0.125
12,0.01,10,range_scaled,Pitcher,3,Offspeed_Chase,0.125
12,0.01,10,range_scaled,Pitcher,4,Fastball_Bottom,0.125
12,0.01,10,range_scaled,Pitcher,4,Fastball_Middle,0.125
12,0.01,10,range_scaled,Pitcher,4,Fastball_Top,0.125
12,0.01,10,range_scaled,Pitcher,4,Fastball_Chase,0.125
12,0.01,10,range_scaled,Pitcher,4,Offspeed_Bottom,0.125
12,0.01,10,range_scaled,Pitcher,4,Offspeed_Middle,0.125
12,0.01,10,range_scaled,Pitcher,4,Offspeed_Top,0.125
12,0.01,10,range_scaled,Pitcher,4,Offspeed_Chase,0.125
12,0.01,10,range_scaled,Pitcher,5,Fastball_Bottom,0.125
12,0.01,10,range_scaled,Pitcher,5,Fastball_Middle,0.125
12,0.01,10,range_scaled,Pitcher,5,Fastball_Top,0.125
12,0.01,10,range_scaled,Pitcher,5,Fastball_Chase,0.125
12,0.01,10,range_scaled,Pitcher,5,Offspeed_Bottom,0.125
12,0.01,10,range_scaled,Pitcher,5,Offspeed_Middle,0.125
12,0.01,10,range_scaled,Pitcher,5,Offspeed_Top,0.125
12,0.01,10,range_scaled,Pitcher,5,Offspeed_Chase,0.125
12,0.01,10,range_scaled,Pitcher,6,Fastball_Bottom,0.125
12,0.01,10,range_scaled,Pitcher,6,Fastball_Middle,0.125
12,0.01,10,range_scaled,Pitcher,6,Fastball_Top,0.125
12,0.01,10,range_scaled,Pitcher,6,Fastball_Chase,0.125
12,0.01,10,range_scaled,Pitcher,6,Offspeed_Bottom,0.125
12,0.01,10,range_scaled,Pitcher,6,Offspeed_Middle,0.125
12,0.01,10,range_scaled,Pitcher,6,Offspeed_Top,0.125
12,0.01,10,range_scaled,Pitcher,6,Offspeed_Chase,0.125
12,0.01,10,range_scaled,Pitcher,7,Fastball_Bottom,0.125
12,0.01,10,range_scaled,Pitcher,7,Fastball_Middle,0.125
12,0.01,10,range_scaled,Pitcher,7,Fastball_Top,0.125
12,0.01,10,range_scaled,Pitcher,7,Fastball_Chase,0.125
12,0.01,10,range_scaled,Pitcher,7,Offspeed_Bottom,0.125
12,0.01,10,range_scaled,Pitcher,7,Offspeed_Middle,0.125
12,0.01,10,range_scaled,Pitcher,7,Offspeed_Top,0.125
12,0.01,10,range_scaled,Pitcher,7,Offspeed_Chase,0.125
12,0.01,10,range_scaled,Pitcher,8,Fastball_Bottom,1.0
12,0.01,10,range_scaled,Pitcher,8,Fastball_Middle,0.0
12,0.01,10,range_scaled,Pitcher,8,Fastball_Top,0.0
12,0.01,10,range_scaled,Pitcher,8,Fastball_Chase,0.0
12,0.01,10,range_scaled,Pitcher,8,Offspeed_Bottom,0.0
12,0.01,10,range_scaled,Pitcher,8,Offspeed_Middle,0.0
12,0.01,10,range_scaled,Pitcher,8,Offspeed_Top,0.0
12,0.01,10,range_scaled,Pitcher,8,Offspeed_Chase,0.0
12,0.01,10,range_scaled,Pitcher,9,Fastball_Bottom,0.0
12,0.01,10,range_scaled,Pitcher,9,Fastball_Middle,0.0
12,0.01,10,range_scaled,Pitcher,9,Fastball_Top,0.0
12,0.01,10,range_scaled,Pitcher,9,Fastball_Chase,0.03890464447041866
12,0.01,10,range_scaled,Pitcher,9,Offspeed_Bottom,0.0
12,0.01,10,range_scaled,Pitcher,9,Offspeed_Middle,0.0
12,0.01,10,range_scaled,Pitcher,9,Offspeed_Top,0.9610953555295813
12,0.01,10,range_scaled,Pitcher,9,Offspeed_Chase,0.0
12,0.01,10,range_scaled,Pitcher,10,Fastball_Bottom,0.125
12,0.01,10,range_scaled,Pitcher,10,Fastball_Middle,0.125
12,0.01,10,range_scaled,Pitcher,10,Fastball_Top,0.125
12,0.01,10,range_scaled,Pitcher,10,Fastball_Chase,0.125
12,0.01,10,range_scaled,Pitcher,10,Offspeed_Bottom,0.125
12,0.01,10,range_scaled,Pitcher,10,Offspeed_Middle,0.125
12,0.01,10,range_scaled,Pitcher,10,Offspeed_Top,0.125
12,0.01,10,range_scaled,Pitcher,10,Offspeed_Chase,0.125
12,0.01,10,range_scaled,Pitcher,11,Fastball_Bottom,0.125
12,0.01,10,range_scaled,Pitcher,11,Fastball_Middle,0.125
12,0.01,10,range_scaled,Pitcher,11,Fastball_Top,0.125
12,0.01,10,range_scaled,Pitcher,11,Fastball_Chase,0.125
12,0.01,10,range_scaled,Pitcher,11,Offspeed_Bottom,0.125
12,0.01,10,range_scaled,Pitcher,11,Offspeed_Middle,0.125
12,0.01,10,range_scaled,Pitcher,11,Offspeed_Top,0.125
12,0.01,10,range_scaled,Pitcher,11,Offspeed_Chase,0.125
12,0.01,10,range_scaled,Pitcher,12,Fastball_Bottom,0.125
12,0.01,10,range_scaled,Pitcher,12,Fastball_Middle,0.125
12,0.01,10,range_scaled,Pitcher,12,Fastball_Top,0.125
12,0.01,10,range_scaled,Pitcher,12,Fastball_Chase,0.125
12,0.01,10,range_scaled,Pitcher,12,Offspeed_Bottom,0.125
12,0.01,10,range_scaled,Pitcher,12,Offspeed_Middle,0.125
12,0.01,10,range_scaled,Pitcher,12,Offspeed_Top,0.125
12,0.01,10,range_scaled,Pitcher,12,Offspeed_Chase,0.125
12,0.01,10,range_scaled,Pitcher,13,Fastball_Bottom,0.125
12,0.01,10,range_scaled,Pitcher,13,Fastball_Middle,0.125
12,0.01,10,range_scaled,Pitcher,13,Fastball_Top,0.125
12,0.01,10,range_scaled,Pitcher,13,Fastball_Chase,0.125
12,0.01,10,range_scaled,Pitcher,13,Offspeed_Bottom,0.125
12,0.01,10,range_scaled,Pitcher,13,Offspeed_Middle,0.125
12,0.01,10,range_scaled,Pitcher,13,Offspeed_Top,0.125
12,0.01,10,range_scaled,Pitcher,13,Offspeed_Chase,0.125
12,0.01,10,range_scaled,Pitcher,14,Fastball_Bottom,1.0
12,0.01,10,range_scaled,Pitcher,14,Fastball_Middle,0.0
12,0.01,10,range_scaled,Pitcher,14,Fastball_Top,0.0
12,0.01,10,range_scaled,Pitcher,14,Fastball_Chase,0.0
12,0.01,10,range_scaled,Pitcher,14,Offspeed_Bottom,0.0
12,0.01,10,range_scaled,Pitcher,14,Offspeed_Middle,0.0
12,0.01,10,range_scaled,Pitcher,14,Offspeed_Top,0.0
12,0.01,10,range_scaled,Pitcher,14,Offspeed_Chase,0.0
12,0.01,10,range_scaled,Pitcher,15,Fastball_Bottom,0.0
12,0.01,10,range_scaled,Pitcher,15,Fastball_Middle,0.0
12,0.01,10,range_scaled,Pitcher,15,Fastball_Top,0.0
12,0.01,10,range_scaled,Pitcher,15,Fastball_Chase,0.0
12,0.01,10,range_scaled,Pitcher,15,Offspeed_Bottom,0.0
12,0.01,10,range_scaled,Pitcher,15,Offspeed_Middle,0.0
12,0.01,10,range_scaled,Pitcher,15,Offspeed_Top,0.8585534191271433
12,0.01,10,range_scaled,Pitcher,15,Offspeed_Chase,0.1414465808728566
12,0.01,10,range_scaled,Pitcher,16,Fastball_Bottom,0.125
12,0.01,10,range_scaled,Pitcher,16,Fastball_Middle,0.125
12,0.01,10,range_scaled,Pitcher,16,Fastball_Top,0.125
12,0.01,10,range_scaled,Pitcher,16,Fastball_Chase,0.125
12,0.01,10,range_scaled,Pitcher,16,Offspeed_Bottom,0.125
12,0.01,10,range_scaled,Pitcher,16,Offspeed_Middle,0.125
12,0.01,10,range_scaled,Pitcher,16,Offspeed_Top,0.125
12,0.01,10,range_scaled,Pitcher,16,Offspeed_Chase,0.125
12,0.01,10,range_scaled,Pitcher,17,Fastball_Bottom,0.125
12,0.01,10,range_scaled,Pitcher,17,Fastball_Middle,0.125
12,0.01,10,range_scaled,Pitcher,17,Fastball_Top,0.125
12,0.01,10,range_scaled,Pitcher,17,Fastball_Chase,0.125
12,0.01,10,range_scaled,Pitcher,17,Offspeed_Bottom,0.125
12,0.01,10,range_scaled,Pitcher,17,Offspeed_Middle,0.125
12,0.01,10,range_scaled,Pitcher,17,Offspeed_Top,0.125
12,0.01,10,range_scaled,Pitcher,17,Offspeed_Chase,0.125
13,0.01,11,range_scaled,Batter,1,Swing,0.6371553607547269
13,0.01,11,range_scaled,Batter,1,Take,0.36284463924527316
13,0.01,11,range_scaled,Batter,2,Swing,1.0
13,0.01,11,range_scaled,Batter,2,Take,0.0
13,0.01,11,range_scaled,Batter,3,Swing,0.0
13,0.01,11,range_scaled,Batter,3,Take,1.0
13,0.01,11,range_scaled,Batter,4,Swing,1.0
13,0.01,11,range_scaled,Batter,4,Take,0.0
13,0.01,11,range_scaled,Batter,5,Swing,0.0
13,0.01,11,range_scaled,Batter,5,Take,1.0
13,0.01,11,range_scaled,Batter,6,Swing,1.0
13,0.01,11,range_scaled,Batter,6,Take,0.0
13,0.01,11,range_scaled,Batter,7,Swing,0.9133311586162334
13,0.01,11,range_scaled,Batter,7,Take,0.08666884138376676
13,0.01,11,range_scaled,Batter,8,Swing,1.0
13,0.01,11,range_scaled,Batter,8,Take,0.0
13,0.01,11,range_scaled,Batter,9,Swing,0.9248083266171406
13,0.01,11,range_scaled,Batter,9,Take,0.07519167338285938
13,0.01,11,range_scaled,Batter,10,Swing,1.0
13,0.01,11,range_scaled,Batter,10,Take,0.0
13,0.01,11,range_scaled,Batter,11,Swing,0.0
13,0.01,11,range_scaled,Batter,11,Take,1.0
13,0.01,11,range_scaled,Batter,12,Swing,1.0
13,0.01,11,range_scaled,Batter,12,Take,0.0
13,0.01,11,range_scaled,Batter,13,Swing,0.0
13,0.01,11,range_scaled,Batter,13,Take,1.0
13,0.01,11,range_scaled,Batter,14,Swing,1.0
13,0.01,11,range_scaled,Batter,14,Take,0.0
13,0.01,11,range_scaled,Batter,15,Swing,0.0
13,0.01,11,range_scaled,Batter,15,Take,1.0
13,0.01,11,range_scaled,Batter,16,Swing,1.0
13,0.01,11,range_scaled,Batter,16,Take,0.0
13,0.01,11,range_scaled,Batter,17,Swing,0.9013430321242728
13,0.01,11,range_scaled,Batter,17,Take,0.09865696787572718
13,0.01,11,range_scaled,Pitcher,1,Fastball_Bottom,0.0
13,0.01,11,range_scaled,Pitcher,1,Fastball_Middle,0.0
13,0.01,11,range_scaled,Pitcher,1,Fastball_Top,0.1515059905735482
13,0.01,11,range_scaled,Pitcher,1,Fastball_Chase,0.0
13,0.01,11,range_scaled,Pitcher,1,Offspeed_Bottom,0.0
13,0.01,11,range_scaled,Pitcher,1,Offspeed_Middle,0.0
13,0.01,11,range_scaled,Pitcher,1,Offspeed_Top,0.0
13,0.01,11,range_scaled,Pitcher,1,Offspeed_Chase,0.8484940094264518
13,0.01,11,range_scaled,Pitcher,2,Fastball_Bottom,0.125
13,0.01,11,range_scaled,Pitcher,2,Fastball_Middle,0.125
13,0.01,11,range_scaled,Pitcher,2,Fastball_Top,0.125
13,0.01,11,range_scaled,Pitcher,2,Fastball_Chase,0.125
13,0.01,11,range_scaled,Pitcher,2,Offspeed_Bottom,0.125
13,0.01,11,range_scaled,Pitcher,2,Offspeed_Middle,0.125
13,0.01,11,range_scaled,Pitcher,2,Offspeed_Top,0.125
13,0.01,11,range_scaled,Pitcher,2,Offspeed_Chase,0.125
13,0.01,11,range_scaled,Pitcher,3,Fastball_Bottom,0.125
13,0.01,11,range_scaled,Pitcher,3,Fastball_Middle,0.125
13,0.01,11,range_scaled,Pitcher,3,Fastball_Top,0.125
13,0.01,11,range_scaled,Pitcher,3,Fastball_Chase,0.125
13,0.01,11,range_scaled,Pitcher,3,Offspeed_Bottom,0.125
13,0.01,11,range_scaled,Pitcher,3,Offspeed_Middle,0.125
13,0.01,11,range_scaled,Pitcher,3,Offspeed_Top,0.125
13,0.01,11,range_scaled,Pitcher,3,Offspeed_Chase,0.125
13,0.01,11,range_scaled,Pitcher,4,Fastball_Bottom,0.125
13,0.01,11,range_scaled,Pitcher,4,Fastball_Middle,0.125
13,0.01,11,range_scaled,Pitcher,4,Fastball_Top,0.125
13,0.01,11,range_scaled,Pitcher,4,Fastball_Chase,0.125
13,0.01,11,range_scaled,Pitcher,4,Offspeed_Bottom,0.125
13,0.01,11,range_scaled,Pitcher,4,Offspeed_Middle,0.125
13,0.01,11,range_scaled,Pitcher,4,Offspeed_Top,0.125
13,0.01,11,range_scaled,Pitcher,4,Offspeed_Chase,0.125
13,0.01,11,range_scaled,Pitcher,5,Fastball_Bottom,0.125
13,0.01,11,range_scaled,Pitcher,5,Fastball_Middle,0.125
13,0.01,11,range_scaled,Pitcher,5,Fastball_Top,0.125
13,0.01,11,range_scaled,Pitcher,5,Fastball_Chase,0.125
13,0.01,11,range_scaled,Pitcher,5,Offspeed_Bottom,0.125
13,0.01,11,range_scaled,Pitcher,5,Offspeed_Middle,0.125
13,0.01,11,range_scaled,Pitcher,5,Offspeed_Top,0.125
13,0.01,11,range_scaled,Pitcher,5,Offspeed_Chase,0.125
13,0.01,11,range_scaled,Pitcher,6,Fastball_Bottom,1.0
13,0.01,11,range_scaled,Pitcher,6,Fastball_Middle,0.0
13,0.01,11,range_scaled,Pitcher,6,Fastball_Top,0.0
13,0.01,11,range_scaled,Pitcher,6,Fastball_Chase,0.0
13,0.01,11,range_scaled,Pitcher,6,Offspeed_Bottom,0.0
13,0.01,11,range_scaled,Pitcher,6,Offspeed_Middle,0.0
13,0.01,11,range_scaled,Pitcher,6,Offspeed_Top,0.0
13,0.01,11,range_scaled,Pitcher,6,Offspeed_Chase,0.0
13,0.01,11,range_scaled,Pitcher,7,Fastball_Bottom,0.0
13,0.01,11,range_scaled,Pitcher,7,Fastball_Middle,0.0
13,0.01,11,range_scaled,Pitcher,7,Fastball_Top,0.0
13,0.01,11,range_scaled,Pitcher,7,Fastball_Chase,0.0
13,0.01,11,range_scaled,Pitcher,7,Offspeed_Bottom,0.0
13,0.01,11,range_scaled,Pitcher,7,Offspeed_Middle,0.0
13,0.01,11,range_scaled,Pitcher,7,Offspeed_Top,0.8201667650856471
13,0.01,11,range_scaled,Pitcher,7,Offspeed_Chase,0.17983323491435246
13,0.01,11,range_scaled,Pitcher,8,Fastball_Bottom,0.125
13,0.01,11,range_scaled,Pitcher,8,Fastball_Middle,0.125
13,0.01,11,range_scaled,Pitcher,8,Fastball_Top,0.125
13,0.01,11,range_scaled,Pitcher,8,Fastball_Chase,0.125
13,0.01,11,range_scaled,Pitcher,8,Offspeed_Bottom,0.125
13,0.01,11,range_scaled,Pitcher,8,Offspeed_Middle,0.125
13,0.01,11,range_scaled,Pitcher,8,Offspeed_Top,0.125
13,0.01,11,range_scaled,Pitcher,8,Offspeed_Chase,0.125
13,0.01,11,range_scaled,Pitcher,9,Fastball_Bottom,0.125
13,0.01,11,range_scaled,Pitcher,9,Fastball_Middle,0.125
13,0.01,11,range_scaled,Pitcher,9,Fastball_Top,0.125
13,0.01,11,range_scaled,Pitcher,9,Fastball_Chase,0.125
13,0.01,11,range_scaled,Pitcher,9,Offspeed_Bottom,0.125
13,0.01,11,range_scaled,Pitcher,9,Offspeed_Middle,0.125
13,0.01,11,range_scaled,Pitcher,9,Offspeed_Top,0.125
13,0.01,11,range_scaled,Pitcher,9,Offspeed_Chase,0.125
13,0.01,11,range_scaled,Pitcher,10,Fastball_Bottom,0.125
13,0.01,11,range_scaled,Pitcher,10,Fastball_Middle,0.125
13,0.01,11,range_scaled,Pitcher,10,Fastball_Top,0.125
13,0.01,11,range_scaled,Pitcher,10,Fastball_Chase,0.125
13,0.01,11,range_scaled,Pitcher,10,Offspeed_Bottom,0.125
13,0.01,11,range_scaled,Pitcher,10,Offspeed_Middle,0.125
13,0.01,11,range_scaled,Pitcher,10,Offspeed_Top,0.125
13,0.01,11,range_scaled,Pitcher,10,Offspeed_Chase,0.125
13,0.01,11,range_scaled,Pitcher,11,Fastball_Bottom,0.125
13,0.01,11,range_scaled,Pitcher,11,Fastball_Middle,0.125
13,0.01,11,range_scaled,Pitcher,11,Fastball_Top,0.125
13,0.01,11,range_scaled,Pitcher,11,Fastball_Chase,0.125
13,0.01,11,range_scaled,Pitcher,11,Offspeed_Bottom,0.125
13,0.01,11,range_scaled,Pitcher,11,Offspeed_Middle,0.125
13,0.01,11,range_scaled,Pitcher,11,Offspeed_Top,0.125
13,0.01,11,range_scaled,Pitcher,11,Offspeed_Chase,0.125
13,0.01,11,range_scaled,Pitcher,12,Fastball_Bottom,0.125
13,0.01,11,range_scaled,Pitcher,12,Fastball_Middle,0.125
13,0.01,11,range_scaled,Pitcher,12,Fastball_Top,0.125
13,0.01,11,range_scaled,Pitcher,12,Fastball_Chase,0.125
13,0.01,11,range_scaled,Pitcher,12,Offspeed_Bottom,0.125
13,0.01,11,range_scaled,Pitcher,12,Offspeed_Middle,0.125
13,0.01,11,range_scaled,Pitcher,12,Offspeed_Top,0.125
13,0.01,11,range_scaled,Pitcher,12,Offspeed_Chase,0.125
13,0.01,11,range_scaled,Pitcher,13,Fastball_Bottom,0.125
13,0.01,11,range_scaled,Pitcher,13,Fastball_Middle,0.125
13,0.01,11,range_scaled,Pitcher,13,Fastball_Top,0.125
13,0.01,11,range_scaled,Pitcher,13,Fastball_Chase,0.125
13,0.01,11,range_scaled,Pitcher,13,Offspeed_Bottom,0.125
13,0.01,11,range_scaled,Pitcher,13,Offspeed_Middle,0.125
13,0.01,11,range_scaled,Pitcher,13,Offspeed_Top,0.125
13,0.01,11,range_scaled,Pitcher,13,Offspeed_Chase,0.125
13,0.01,11,range_scaled,Pitcher,14,Fastball_Bottom,0.125
13,0.01,11,range_scaled,Pitcher,14,Fastball_Middle,0.125
13,0.01,11,range_scaled,Pitcher,14,Fastball_Top,0.125
13,0.01,11,range_scaled,Pitcher,14,Fastball_Chase,0.125
13,0.01,11,range_scaled,Pitcher,14,Offspeed_Bottom,0.125
13,0.01,11,range_scaled,Pitcher,14,Offspeed_Middle,0.125
13,0.01,11,range_scaled,Pitcher,14,Offspeed_Top,0.125
13,0.01,11,range_scaled,Pitcher,14,Offspeed_Chase,0.125
13,0.01,11,range_scaled,Pitcher,15,Fastball_Bottom,0.125
13,0.01,11,range_scaled,Pitcher,15,Fastball_Middle,0.125
13,0.01,11,range_scaled,Pitcher,15,Fastball_Top,0.125
13,0.01,11,range_scaled,Pitcher,15,Fastball_Chase,0.125
13,0.01,11,range_scaled,Pitcher,15,Offspeed_Bottom,0.125
13,0.01,11,range_scaled,Pitcher,15,Offspeed_Middle,0.125
13,0.01,11,range_scaled,Pitcher,15,Offspeed_Top,0.125
13,0.01,11,range_scaled,Pitcher,15,Offspeed_Chase,0.125
13,0.01,11,range_scaled,Pitcher,16,Fastball_Bottom,1.0
13,0.01,11,range_scaled,Pitcher,16,Fastball_Middle,0.0
13,0.01,11,range_scaled,Pitcher,16,Fastball_Top,0.0
13,0.01,11,range_scaled,Pitcher,16,Fastball_Chase,0.0
13,0.01,11,range_scaled,Pitcher,16,Offspeed_Bottom,0.0
13,0.01,11,range_scaled,Pitcher,16,Offspeed_Middle,0.0
13,0.01,11,range_scaled,Pitcher,16,Offspeed_Top,0.0
13,0.01,11,range_scaled,Pitcher,16,Offspeed_Chase,0.0
13,0.01,11,range_scaled,Pitcher,17,Fastball_Bottom,0.0
13,0.01,11,range_scaled,Pitcher,17,Fastball_Middle,0.0
13,0.01,11,range_scaled,Pitcher,17,Fastball_Top,0.0
13,0.01,11,range_scaled,Pitcher,17,Fastball_Chase,0.0
13,0.01,11,range_scaled,Pitcher,17,Offspeed_Bottom,0.0
13,0.01,11,range_scaled,Pitcher,17,Offspeed_Middle,0.0
13,0.01,11,range_scaled,Pitcher,17,Offspeed_Top,0.9835935726990022
13,0.01,11,range_scaled,Pitcher,17,Offspeed_Chase,0.016406427300997853
14,0.01,12,range_scaled,Batter,1,Swing,0.5674323655245979
14,0.01,12,range_scaled,Batter,1,Take,0.4325676344754022
14,0.01,12,range_scaled,Batter,2,Swing,1.0
14,0.01,12,range_scaled,Batter,2,Take,0.0
14,0.01,12,range_scaled,Batter,3,Swing,0.8396239796379544
14,0.01,12,range_scaled,Batter,3,Take,0.16037602036204565
14,0.01,12,range_scaled,Batter,4,Swing,1.0
14,0.01,12,range_scaled,Batter,4,Take,0.0
14,0.01,12,range_scaled,Batter,5,Swing,1.0
14,0.01,12,range_scaled,Batter,5,Take,0.0
14,0.01,12,range_scaled,Batter,6,Swing,1.0
14,0.01,12,range_scaled,Batter,6,Take,0.0
14,0.01,12,range_scaled,Batter,7,Swing,0.0
14,0.01,12,range_scaled,Batter,7,Take,1.0
14,0.01,12,range_scaled,Batter,8,Swing,1.0
14,0.01,12,range_scaled,Batter,8,Take,0.0
14,0.01,12,range_scaled,Batter,9,Swing,0.855499095557258
14,0.01,12,range_scaled,Batter,9,Take,0.1445009044427421
14,0.01,12,range_scaled,Batter,10,Swing,1.0
14,0.01,12,range_scaled,Batter,10,Take,0.0
14,0.01,12,range_scaled,Batter,11,Swing,0.0
14,0.01,12,range_scaled,Batter,11,Take,1.0
14,0.01,12,range_scaled,Batter,12,Swing,1.0
14,0.01,12,range_scaled,Batter,12,Take,0.0
14,0.01,12,range_scaled,Batter,13,Swing,0.0
14,0.01,12,range_scaled,Batter,13,Take,1.0
14,0.01,12,range_scaled,Batter,14,Swing,1.0
14,0.01,12,range_scaled,Batter,14,Take,0.0
14,0.01,12,range_scaled,Batter,15,Swing,0.0
14,0.01,12,range_scaled,Batter,15,Take,1.0
14,0.01,12,range_scaled,Batter,16,Swing,1.0
14,0.01,12,range_scaled,Batter,16,Take,0.0
14,0.01,12,range_scaled,Batter,17,Swing,0.5357661959847323
14,0.01,12,range_scaled,Batter,17,Take,0.4642338040152677
14,0.01,12,range_scaled,Pitcher,1,Fastball_Bottom,0.20145218769976203
14,0.01,12,range_scaled,Pitcher,1,Fastball_Middle,0.0
14,0.01,12,range_scaled,Pitcher,1,Fastball_Top,0.0
14,0.01,12,range_scaled,Pitcher,1,Fastball_Chase,0.798547812300238
14,0.01,12,range_scaled,Pitcher,1,Offspeed_Bottom,0.0
14,0.01,12,range_scaled,Pitcher,1,Offspeed_Middle,0.0
14,0.01,12,range_scaled,Pitcher,1,Offspeed_Top,0.0
14,0.01,12,range_scaled,Pitcher,1,Offspeed_Chase,0.0
14,0.01,12,range_scaled,Pitcher,2,Fastball_Bottom,1.0
14,0.01,12,range_scaled,Pitcher,2,Fastball_Middle,0.0
14,0.01,12,range_scaled,Pitcher,2,Fastball_Top,0.0
14,0.01,12,range_scaled,Pitcher,2,Fastball_Chase,0.0
14,0.01,12,range_scaled,Pitcher,2,Offspeed_Bottom,0.0
14,0.01,12,range_scaled,Pitcher,2,Offspeed_Middle,0.0
14,0.01,12,range_scaled,Pitcher,2,Offspeed_Top,0.0
14,0.01,12,range_scaled,Pitcher,2,Offspeed_Chase,0.0
14,0.01,12,range_scaled,Pitcher,3,Fastball_Bottom,0.7244429324974864
14,0.01,12,range_scaled,Pitcher,3,Fastball_Middle,0.0
14,0.01,12,range_scaled,Pitcher,3,Fastball_Top,0.0
14,0.01,12,range_scaled,Pitcher,3,Fastball_Chase,0.27555706750251463
14,0.01,12,range_scaled,Pitcher,3,Offspeed_Bottom,0.0
14,0.01,12,range_scaled,Pitcher,3,Offspeed_Middle,0.0
14,0.01,12,range_scaled,Pitcher,3,Offspeed_Top,0.0
14,0.01,12,range_scaled,Pitcher,3,Offspeed_Chase,0.0
14,0.01,12,range_scaled,Pitcher,4,Fastball_Bottom,0.125
14,0.01,12,range_scaled,Pitcher,4,Fastball_Middle,0.125
14,0.01,12,range_scaled,Pitcher,4,Fastball_Top,0.125
14,0.01,12,range_scaled,Pitcher,4,Fastball_Chase,0.125
14,0.01,12,range_scaled,Pitcher,4,Offspeed_Bottom,0.125
14,0.01,12,range_scaled,Pitcher,4,Offspeed_Middle,0.125
14,0.01,12,range_scaled,Pitcher,4,Offspeed_Top,0.125
14,0.01,12,range_scaled,Pitcher,4,Offspeed_Chase,0.125
14,0.01,12,range_scaled,Pitcher,5,Fastball_Bottom,0.125
14,0.01,12,range_scaled,Pitcher,5,Fastball_Middle,0.125
14,0.01,12,range_scaled,Pitcher,5,Fastball_Top,0.125
14,0.01,12,range_scaled,Pitcher,5,Fastball_Chase,0.125
14,0.01,12,range_scaled,Pitcher,5,Offspeed_Bottom,0.125
14,0.01,12,range_scaled,Pitcher,5,Offspeed_Middle,0.125
14,0.01,12,range_scaled,Pitcher,5,Offspeed_Top,0.125
14,0.01,12,range_scaled,Pitcher,5,Offspeed_Chase,0.125
14,0.01,12,range_scaled,Pitcher,6,Fastball_Bottom,0.125
14,0.01,12,range_scaled,Pitcher,6,Fastball_Middle,0.125
14,0.01,12,range_scaled,Pitcher,6,Fastball_Top,0.125
14,0.01,12,range_scaled,Pitcher,6,Fastball_Chase,0.125
14,0.01,12,range_scaled,Pitcher,6,Offspeed_Bottom,0.125
14,0.01,12,range_scaled,Pitcher,6,Offspeed_Middle,0.125
14,0.01,12,range_scaled,Pitcher,6,Offspeed_Top,0.125
14,0.01,12,range_scaled,Pitcher,6,Offspeed_Chase,0.125
14,0.01,12,range_scaled,Pitcher,7,Fastball_Bottom,0.125
14,0.01,12,range_scaled,Pitcher,7,Fastball_Middle,0.125
14,0.01,12,range_scaled,Pitcher,7,Fastball_Top,0.125
14,0.01,12,range_scaled,Pitcher,7,Fastball_Chase,0.125
14,0.01,12,range_scaled,Pitcher,7,Offspeed_Bottom,0.125
14,0.01,12,range_scaled,Pitcher,7,Offspeed_Middle,0.125
14,0.01,12,range_scaled,Pitcher,7,Offspeed_Top,0.125
14,0.01,12,range_scaled,Pitcher,7,Offspeed_Chase,0.125
14,0.01,12,range_scaled,Pitcher,8,Fastball_Bottom,1.0
14,0.01,12,range_scaled,Pitcher,8,Fastball_Middle,0.0
14,0.01,12,range_scaled,Pitcher,8,Fastball_Top,0.0
14,0.01,12,range_scaled,Pitcher,8,Fastball_Chase,0.0
14,0.01,12,range_scaled,Pitcher,8,Offspeed_Bottom,0.0
14,0.01,12,range_scaled,Pitcher,8,Offspeed_Middle,0.0
14,0.01,12,range_scaled,Pitcher,8,Offspeed_Top,0.0
14,0.01,12,range_scaled,Pitcher,8,Offspeed_Chase,0.0
14,0.01,12,range_scaled,Pitcher,9,Fastball_Bottom,0.0
14,0.01,12,range_scaled,Pitcher,9,Fastball_Middle,0.0
14,0.01,12,range_scaled,Pitcher,9,Fastball_Top,0.9050866839223449
14,0.01,12,range_scaled,Pitcher,9,Fastball_Chase,0.0
14,0.01,12,range_scaled,Pitcher,9,Offspeed_Bottom,0.0
14,0.01,12,range_scaled,Pitcher,9,Offspeed_Middle,0.0
14,0.01,12,range_scaled,Pitcher,9,Offspeed_Top,0.0
14,0.01,12,range_scaled,Pitcher,9,Offspeed_Chase,0.09491331607765505
14,0.01,12,range_scaled,Pitcher,10,Fastball_Bottom,0.125
14,0.01,12,range_scaled,Pitcher,10,Fastball_Middle,0.125
14,0.01,12,range_scaled,Pitcher,10,Fastball_Top,0.125
14,0.01,12,range_scaled,Pitcher,10,Fastball_Chase,0.125
14,0.01,12,range_scaled,Pitcher,10,Offspeed_Bottom,0.125
14,0.01,12,range_scaled,Pitcher,10,Offspeed_Middle,0.125
14,0.01,12,range_scaled,Pitcher,10,Offspeed_Top,0.125
14,0.01,12,range_scaled,Pitcher,10,Offspeed_Chase,0.125
14,0.01,12,range_scaled,Pitcher,11,Fastball_Bottom,0.125
14,0.01,12,range_scaled,Pitcher,11,Fastball_Middle,0.125
14,0.01,12,range_scaled,Pitcher,11,Fastball_Top,0.125
14,0.01,12,range_scaled,Pitcher,11,Fastball_Chase,0.125
14,0.01,12,range_scaled,Pitcher,11,Offspeed_Bottom,0.125
14,0.01,12,range_scaled,Pitcher,11,Offspeed_Middle,0.125
14,0.01,12,range_scaled,Pitcher,11,Offspeed_Top,0.125
14,0.01,12,range_scaled,Pitcher,11,Offspeed_Chase,0.125
14,0.01,12,range_scaled,Pitcher,12,Fastball_Bottom,0.125
14,0.01,12,range_scaled,Pitcher,12,Fastball_Middle,0.125
14,0.01,12,range_scaled,Pitcher,12,Fastball_Top,0.125
14,0.01,12,range_scaled,Pitcher,12,Fastball_Chase,0.125
14,0.01,12,range_scaled,Pitcher,12,Offspeed_Bottom,0.125
14,0.01,12,range_scaled,Pitcher,12,Offspeed_Middle,0.125
14,0.01,12,range_scaled,Pitcher,12,Offspeed_Top,0.125
14,0.01,12,range_scaled,Pitcher,12,Offspeed_Chase,0.125
14,0.01,12,range_scaled,Pitcher,13,Fastball_Bottom,0.125
14,0.01,12,range_scaled,Pitcher,13,Fastball_Middle,0.125
14,0.01,12,range_scaled,Pitcher,13,Fastball_Top,0.125
14,0.01,12,range_scaled,Pitcher,13,Fastball_Chase,0.125
14,0.01,12,range_scaled,Pitcher,13,Offspeed_Bottom,0.125
14,0.01,12,range_scaled,Pitcher,13,Offspeed_Middle,0.125
14,0.01,12,range_scaled,Pitcher,13,Offspeed_Top,0.125
14,0.01,12,range_scaled,Pitcher,13,Offspeed_Chase,0.125
14,0.01,12,range_scaled,Pitcher,14,Fastball_Bottom,0.125
14,0.01,12,range_scaled,Pitcher,14,Fastball_Middle,0.125
14,0.01,12,range_scaled,Pitcher,14,Fastball_Top,0.125
14,0.01,12,range_scaled,Pitcher,14,Fastball_Chase,0.125
14,0.01,12,range_scaled,Pitcher,14,Offspeed_Bottom,0.125
14,0.01,12,range_scaled,Pitcher,14,Offspeed_Middle,0.125
14,0.01,12,range_scaled,Pitcher,14,Offspeed_Top,0.125
14,0.01,12,range_scaled,Pitcher,14,Offspeed_Chase,0.125
14,0.01,12,range_scaled,Pitcher,15,Fastball_Bottom,0.125
14,0.01,12,range_scaled,Pitcher,15,Fastball_Middle,0.125
14,0.01,12,range_scaled,Pitcher,15,Fastball_Top,0.125
14,0.01,12,range_scaled,Pitcher,15,Fastball_Chase,0.125
14,0.01,12,range_scaled,Pitcher,15,Offspeed_Bottom,0.125
14,0.01,12,range_scaled,Pitcher,15,Offspeed_Middle,0.125
14,0.01,12,range_scaled,Pitcher,15,Offspeed_Top,0.125
14,0.01,12,range_scaled,Pitcher,15,Offspeed_Chase,0.125
14,0.01,12,range_scaled,Pitcher,16,Fastball_Bottom,0.125
14,0.01,12,range_scaled,Pitcher,16,Fastball_Middle,0.125
14,0.01,12,range_scaled,Pitcher,16,Fastball_Top,0.125
14,0.01,12,range_scaled,Pitcher,16,Fastball_Chase,0.125
14,0.01,12,range_scaled,Pitcher,16,Offspeed_Bottom,0.125
14,0.01,12,range_scaled,Pitcher,16,Offspeed_Middle,0.125
14,0.01,12,range_scaled,Pitcher,16,Offspeed_Top,0.125
14,0.01,12,range_scaled,Pitcher,16,Offspeed_Chase,0.125
14,0.01,12,range_scaled,Pitcher,17,Fastball_Bottom,0.125
14,0.01,12,range_scaled,Pitcher,17,Fastball_Middle,0.125
14,0.01,12,range_scaled,Pitcher,17,Fastball_Top,0.125
14,0.01,12,range_scaled,Pitcher,17,Fastball_Chase,0.125
14,0.01,12,range_scaled,Pitcher,17,Offspeed_Bottom,0.125
14,0.01,12,range_scaled,Pitcher,17,Offspeed_Middle,0.125
14,0.01,12,range_scaled,Pitcher,17,Offspeed_Top,0.125
14,0.01,12,range_scaled,Pitcher,17,Offspeed_Chase,0.125
15,0.01,13,range_scaled,Batter,1,Swing,0.46841770664102167
15,0.01,13,range_scaled,Batter,1,Take,0.5315822933589783
15,0.01,13,range_scaled,Batter,2,Swing,1.0
15,0.01,13,range_scaled,Batter,2,Take,0.0
15,0.01,13,range_scaled,Batter,3,Swing,0.0
15,0.01,13,range_scaled,Batter,3,Take,1.0
15,0.01,13,range_scaled,Batter,4,Swing,1.0
15,0.01,13,range_scaled,Batter,4,Take,0.0
15,0.01,13,range_scaled,Batter,5,Swing,1.0
15,0.01,13,range_scaled,Batter,5,Take,0.0
15,0.01,13,range_scaled,Batter,6,Swing,1.0
15,0.01,13,range_scaled,Batter,6,Take,0.0
15,0.01,13,range_scaled,Batter,7,Swing,0.0
15,0.01,13,range_scaled,Batter,7,Take,1.0
15,0.01,13,range_scaled,Batter,8,Swing,1.0
15,0.01,13,range_scaled,Batter,8,Take,0.0
15,0.01,13,range_scaled,Batter,9,Swing,0.3277402192386593
15,0.01,13,range_scaled,Batter,9,Take,0.6722597807613406
15,0.01,13,range_scaled,Batter,10,Swing,1.0
15,0.01,13,range_scaled,Batter,10,Take,0.0
15,0.01,13,range_scaled,Batter,11,Swing,0.0
15,0.01,13,range_scaled,Batter,11,Take,1.0
15,0.01,13,range_scaled,Batter,12,Swing,1.0
15,0.01,13,range_scaled,Batter,12,Take,0.0
15,0.01,13,range_scaled,Batter,13,Swing,0.0
15,0.01,13,range_scaled,Batter,13,Take,1.0
15,0.01,13,range_scaled,Batter,14,Swing,1.0
15,0.01,13,range_scaled,Batter,14,Take,0.0
15,0.01,13,range_scaled,Batter,15,Swing,0.838883051468004
15,0.01,13,range_scaled,Batter,15,Take,0.16111694853199554
15,0.01,13,range_scaled,Batter,16,Swing,1.0
15,0.01,13,range_scaled,Batter,16,Take,0.0
15,0.01,13,range_scaled,Batter,17,Swing,1.0
15,0.01,13,range_scaled,Batter,17,Take,0.0
15,0.01,13,range_scaled,Pitcher,1,Fastball_Bottom,0.0
15,0.01,13,range_scaled,Pitcher,1,Fastball_Middle,0.0
15,0.01,13,range_scaled,Pitcher,1,Fastball_Top,0.0
15,0.01,13,range_scaled,Pitcher,1,Fastball_Chase,0.0
15,0.01,13,range_scaled,Pitcher,1,Offspeed_Bottom,0.0
15,0.01,13,range_scaled,Pitcher,1,Offspeed_Middle,0.0
15,0.01,13,range_scaled,Pitcher,1,Offspeed_Top,0.3278561085939426
15,0.01,13,range_scaled,Pitcher,1,Offspeed_Chase,0.6721438914060573
15,0.01,13,range_scaled,Pitcher,2,Fastball_Bottom,0.125
15,0.01,13,range_scaled,Pitcher,2,Fastball_Middle,0.125
15,0.01,13,range_scaled,Pitcher,2,Fastball_Top,0.125
15,0.01,13,range_scaled,Pitcher,2,Fastball_Chase,0.125
15,0.01,13,range_scaled,Pitcher,2,Offspeed_Bottom,0.125
15,0.01,13,range_scaled,Pitcher,2,Offspeed_Middle,0.125
15,0.01,13,range_scaled,Pitcher,2,Offspeed_Top,0.125
15,0.01,13,range_scaled,Pitcher,2,Offspeed_Chase,0.125
15,0.01,13,range_scaled,Pitcher,3,Fastball_Bottom,0.125
15,0.01,13,range_scaled,Pitcher,3,Fastball_Middle,0.125
15,0.01,13,range_scaled,Pitcher,3,Fastball_Top,0.125
15,0.01,13,range_scaled,Pitcher,3,Fastball_Chase,0.125
15,0.01,13,range_scaled,Pitcher,3,Offspeed_Bottom,0.125
15,0.01,13,range_scaled,Pitcher,3,Offspeed_Middle,0.125
15,0.01,13,range_scaled,Pitcher,3,Offspeed_Top,0.125
15,0.01,13,range_scaled,Pitcher,3,Offspeed_Chase,0.125
15,0.01,13,range_scaled,Pitcher,4,Fastball_Bottom,0.125
15,0.01,13,range_scaled,Pitcher,4,Fastball_Middle,0.125
15,0.01,13,range_scaled,Pitcher,4,Fastball_Top,0.125
15,0.01,13,range_scaled,Pitcher,4,Fastball_Chase,0.125
15,0.01,13,range_scaled,Pitcher,4,Offspeed_Bottom,0.125
15,0.01,13,range_scaled,Pitcher,4,Offspeed_Middle,0.125
15,0.01,13,range_scaled,Pitcher,4,Offspeed_Top,0.125
15,0.01,13,range_scaled,Pitcher,4,Offspeed_Chase,0.125
15,0.01,13,range_scaled,Pitcher,5,Fastball_Bottom,0.125
15,0.01,13,range_scaled,Pitcher,5,Fastball_Middle,0.125
15,0.01,13,range_scaled,Pitcher,5,Fastball_Top,0.125
15,0.01,13,range_scaled,Pitcher,5,Fastball_Chase,0.125
15,0.01,13,range_scaled,Pitcher,5,Offspeed_Bottom,0.125
15,0.01,13,range_scaled,Pitcher,5,Offspeed_Middle,0.125
15,0.01,13,range_scaled,Pitcher,5,Offspeed_Top,0.125
15,0.01,13,range_scaled,Pitcher,5,Offspeed_Chase,0.125
15,0.01,13,range_scaled,Pitcher,6,Fastball_Bottom,0.125
15,0.01,13,range_scaled,Pitcher,6,Fastball_Middle,0.125
15,0.01,13,range_scaled,Pitcher,6,Fastball_Top,0.125
15,0.01,13,range_scaled,Pitcher,6,Fastball_Chase,0.125
15,0.01,13,range_scaled,Pitcher,6,Offspeed_Bottom,0.125
15,0.01,13,range_scaled,Pitcher,6,Offspeed_Middle,0.125
15,0.01,13,range_scaled,Pitcher,6,Offspeed_Top,0.125
15,0.01,13,range_scaled,Pitcher,6,Offspeed_Chase,0.125
15,0.01,13,range_scaled,Pitcher,7,Fastball_Bottom,0.125
15,0.01,13,range_scaled,Pitcher,7,Fastball_Middle,0.125
15,0.01,13,range_scaled,Pitcher,7,Fastball_Top,0.125
15,0.01,13,range_scaled,Pitcher,7,Fastball_Chase,0.125
15,0.01,13,range_scaled,Pitcher,7,Offspeed_Bottom,0.125
15,0.01,13,range_scaled,Pitcher,7,Offspeed_Middle,0.125
15,0.01,13,range_scaled,Pitcher,7,Offspeed_Top,0.125
15,0.01,13,range_scaled,Pitcher,7,Offspeed_Chase,0.125
15,0.01,13,range_scaled,Pitcher,8,Fastball_Bottom,0.125
15,0.01,13,range_scaled,Pitcher,8,Fastball_Middle,0.125
15,0.01,13,range_scaled,Pitcher,8,Fastball_Top,0.125
15,0.01,13,range_scaled,Pitcher,8,Fastball_Chase,0.125
15,0.01,13,range_scaled,Pitcher,8,Offspeed_Bottom,0.125
15,0.01,13,range_scaled,Pitcher,8,Offspeed_Middle,0.125
15,0.01,13,range_scaled,Pitcher,8,Offspeed_Top,0.125
15,0.01,13,range_scaled,Pitcher,8,Offspeed_Chase,0.125
15,0.01,13,range_scaled,Pitcher,9,Fastball_Bottom,0.125
15,0.01,13,range_scaled,Pitcher,9,Fastball_Middle,0.125
15,0.01,13,range_scaled,Pitcher,9,Fastball_Top,0.125
15,0.01,13,range_scaled,Pitcher,9,Fastball_Chase,0.125
15,0.01,13,range_scaled,Pitcher,9,Offspeed_Bottom,0.125
15,0.01,13,range_scaled,Pitcher,9,Offspeed_Middle,0.125
15,0.01,13,range_scaled,Pitcher,9,Offspeed_Top,0.125
15,0.01,13,range_scaled,Pitcher,9,Offspeed_Chase,0.125
15,0.01,13,range_scaled,Pitcher,10,Fastball_Bottom,0.125
15,0.01,13,range_scaled,Pitcher,10,Fastball_Middle,0.125
15,0.01,13,range_scaled,Pitcher,10,Fastball_Top,0.125
15,0.01,13,range_scaled,Pitcher,10,Fastball_Chase,0.125
15,0.01,13,range_scaled,Pitcher,10,Offspeed_Bottom,0.125
15,0.01,13,range_scaled,Pitcher,10,Offspeed_Middle,0.125
15,0.01,13,range_scaled,Pitcher,10,Offspeed_Top,0.125
15,0.01,13,range_scaled,Pitcher,10,Offspeed_Chase,0.125
15,0.01,13,range_scaled,Pitcher,11,Fastball_Bottom,0.125
15,0.01,13,range_scaled,Pitcher,11,Fastball_Middle,0.125
15,0.01,13,range_scaled,Pitcher,11,Fastball_Top,0.125
15,0.01,13,range_scaled,Pitcher,11,Fastball_Chase,0.125
15,0.01,13,range_scaled,Pitcher,11,Offspeed_Bottom,0.125
15,0.01,13,range_scaled,Pitcher,11,Offspeed_Middle,0.125
15,0.01,13,range_scaled,Pitcher,11,Offspeed_Top,0.125
15,0.01,13,range_scaled,Pitcher,11,Offspeed_Chase,0.125
15,0.01,13,range_scaled,Pitcher,12,Fastball_Bottom,0.125
15,0.01,13,range_scaled,Pitcher,12,Fastball_Middle,0.125
15,0.01,13,range_scaled,Pitcher,12,Fastball_Top,0.125
15,0.01,13,range_scaled,Pitcher,12,Fastball_Chase,0.125
15,0.01,13,range_scaled,Pitcher,12,Offspeed_Bottom,0.125
15,0.01,13,range_scaled,Pitcher,12,Offspeed_Middle,0.125
15,0.01,13,range_scaled,Pitcher,12,Offspeed_Top,0.125
15,0.01,13,range_scaled,Pitcher,12,Offspeed_Chase,0.125
15,0.01,13,range_scaled,Pitcher,13,Fastball_Bottom,0.125
15,0.01,13,range_scaled,Pitcher,13,Fastball_Middle,0.125
15,0.01,13,range_scaled,Pitcher,13,Fastball_Top,0.125
15,0.01,13,range_scaled,Pitcher,13,Fastball_Chase,0.125
15,0.01,13,range_scaled,Pitcher,13,Offspeed_Bottom,0.125
15,0.01,13,range_scaled,Pitcher,13,Offspeed_Middle,0.125
15,0.01,13,range_scaled,Pitcher,13,Offspeed_Top,0.125
15,0.01,13,range_scaled,Pitcher,13,Offspeed_Chase,0.125
15,0.01,13,range_scaled,Pitcher,14,Fastball_Bottom,1.0
15,0.01,13,range_scaled,Pitcher,14,Fastball_Middle,0.0
15,0.01,13,range_scaled,Pitcher,14,Fastball_Top,0.0
15,0.01,13,range_scaled,Pitcher,14,Fastball_Chase,0.0
15,0.01,13,range_scaled,Pitcher,14,Offspeed_Bottom,0.0
15,0.01,13,range_scaled,Pitcher,14,Offspeed_Middle,0.0
15,0.01,13,range_scaled,Pitcher,14,Offspeed_Top,0.0
15,0.01,13,range_scaled,Pitcher,14,Offspeed_Chase,0.0
15,0.01,13,range_scaled,Pitcher,15,Fastball_Bottom,0.0
15,0.01,13,range_scaled,Pitcher,15,Fastball_Middle,0.0
15,0.01,13,range_scaled,Pitcher,15,Fastball_Top,0.0
15,0.01,13,range_scaled,Pitcher,15,Fastball_Chase,0.0
15,0.01,13,range_scaled,Pitcher,15,Offspeed_Bottom,0.0
15,0.01,13,range_scaled,Pitcher,15,Offspeed_Middle,0.0
15,0.01,13,range_scaled,Pitcher,15,Offspeed_Top,0.8393835458266571
15,0.01,13,range_scaled,Pitcher,15,Offspeed_Chase,0.16061645417334292
15,0.01,13,range_scaled,Pitcher,16,Fastball_Bottom,1.0
15,0.01,13,range_scaled,Pitcher,16,Fastball_Middle,0.0
15,0.01,13,range_scaled,Pitcher,16,Fastball_Top,0.0
15,0.01,13,range_scaled,Pitcher,16,Fastball_Chase,0.0
15,0.01,13,range_scaled,Pitcher,16,Offspeed_Bottom,0.0
15,0.01,13,range_scaled,Pitcher,16,Offspeed_Middle,0.0
15,0.01,13,range_scaled,Pitcher,16,Offspeed_Top,0.0
15,0.01,13,range_scaled,Pitcher,16,Offspeed_Chase,0.0
15,0.01,13,range_scaled,Pitcher,17,Fastball_Bottom,0.0
15,0.01,13,range_scaled,Pitcher,17,Fastball_Middle,0.0
15,0.01,13,range_scaled,Pitcher,17,Fastball_Top,0.0
15,0.01,13,range_scaled,Pitcher,17,Fastball_Chase,0.0
15,0.01,13,range_scaled,Pitcher,17,Offspeed_Bottom,0.0
15,0.01,13,range_scaled,Pitcher,17,Offspeed_Middle,0.0
15,0.01,13,range_scaled,Pitcher,17,Offspeed_Top,1.0
15,0.01,13,range_scaled,Pitcher,17,Offspeed_Chase,0.0
16,0.01,14,range_scaled,Batter,1,Swing,0.6013379846646578
16,0.01,14,range_scaled,Batter,1,Take,0.3986620153353422
16,0.01,14,range_scaled,Batter,2,Swing,1.0
16,0.01,14,range_scaled,Batter,2,Take,0.0
16,0.01,14,range_scaled,Batter,3,Swing,0.0
16,0.01,14,range_scaled,Batter,3,Take,1.0
16,0.01,14,range_scaled,Batter,4,Swing,1.0
16,0.01,14,range_scaled,Batter,4,Take,0.0
16,0.01,14,range_scaled,Batter,5,Swing,1.0
16,0.01,14,range_scaled,Batter,5,Take,0.0
16,0.01,14,range_scaled,Batter,6,Swing,1.0
16,0.01,14,range_scaled,Batter,6,Take,0.0
16,0.01,14,range_scaled,Batter,7,Swing,0.0
16,0.01,14,range_scaled,Batter,7,Take,1.0
16,0.01,14,range_scaled,Batter,8,Swing,1.0
16,0.01,14,range_scaled,Batter,8,Take,0.0
16,0.01,14,range_scaled,Batter,9,Swing,0.2966765608242909
16,0.01,14,range_scaled,Batter,9,Take,0.7033234391757092
16,0.01,14,range_scaled,Batter,10,Swing,1.0
16,0.01,14,range_scaled,Batter,10,Take,0.0
16,0.01,14,range_scaled,Batter,11,Swing,0.0
16,0.01,14,range_scaled,Batter,11,Take,1.0
16,0.01,14,range_scaled,Batter,12,Swing,1.0
16,0.01,14,range_scaled,Batter,12,Take,0.0
16,0.01,14,range_scaled,Batter,13,Swing,1.0
16,0.01,14,range_scaled,Batter,13,Take,0.0
16,0.01,14,range_scaled,Batter,14,Swing,1.0
16,0.01,14,range_scaled,Batter,14,Take,0.0
16,0.01,14,range_scaled,Batter,15,Swing,0.9395259738029211
16,0.01,14,range_scaled,Batter,15,Take,0.06047402619707891
16,0.01,14,range_scaled,Batter,16,Swing,1.0
16,0.01,14,range_scaled,Batter,16,Take,0.0
16,0.01,14,range_scaled,Batter,17,Swing,0.7896251223671431
16,0.01,14,range_scaled,Batter,17,Take,0.21037487763285678
16,0.01,14,range_scaled,Pitcher,1,Fastball_Bottom,0.0
16,0.01,14,range_scaled,Pitcher,1,Fastball_Middle,0.0
16,0.01,14,range_scaled,Pitcher,1,Fastball_Top,0.0
16,0.01,14,range_scaled,Pitcher,1,Fastball_Chase,0.0
16,0.01,14,range_scaled,Pitcher,1,Offspeed_Bottom,0.0
16,0.01,14,range_scaled,Pitcher,1,Offspeed_Middle,0.0
16,0.01,14,range_scaled,Pitcher,1,Offspeed_Top,0.21294386770065388
16,0.01,14,range_scaled,Pitcher,1,Offspeed_Chase,0.7870561322993461
16,0.01,14,range_scaled,Pitcher,2,Fastball_Bottom,0.125
16,0.01,14,range_scaled,Pitcher,2,Fastball_Middle,0.125
16,0.01,14,range_scaled,Pitcher,2,Fastball_Top,0.125
16,0.01,14,range_scaled,Pitcher,2,Fastball_Chase,0.125
16,0.01,14,range_scaled,Pitcher,2,Offspeed_Bottom,0.125
16,0.01,14,range_scaled,Pitcher,2,Offspeed_Middle,0.125
16,0.01,14,range_scaled,Pitcher,2,Offspeed_Top,0.125
16,0.01,14,range_scaled,Pitcher,2,Offspeed_Chase,0.125
16,0.01,14,range_scaled,Pitcher,3,Fastball_Bottom,0.125
16,0.01,14,range_scaled,Pitcher,3,Fastball_Middle,0.125
16,0.01,14,range_scaled,Pitcher,3,Fastball_Top,0.125
16,0.01,14,range_scaled,Pitcher,3,Fastball_Chase,0.125
16,0.01,14,range_scaled,Pitcher,3,Offspeed_Bottom,0.125
16,0.01,14,range_scaled,Pitcher,3,Offspeed_Middle,0.125
16,0.01,14,range_scaled,Pitcher,3,Offspeed_Top,0.125
16,0.01,14,range_scaled,Pitcher,3,Offspeed_Chase,0.125
16,0.01,14,range_scaled,Pitcher,4,Fastball_Bottom,0.125
16,0.01,14,range_scaled,Pitcher,4,Fastball_Middle,0.125
16,0.01,14,range_scaled,Pitcher,4,Fastball_Top,0.125
16,0.01,14,range_scaled,Pitcher,4,Fastball_Chase,0.125
16,0.01,14,range_scaled,Pitcher,4,Offspeed_Bottom,0.125
16,0.01,14,range_scaled,Pitcher,4,Offspeed_Middle,0.125
16,0.01,14,range_scaled,Pitcher,4,Offspeed_Top,0.125
16,0.01,14,range_scaled,Pitcher,4,Offspeed_Chase,0.125
16,0.01,14,range_scaled,Pitcher,5,Fastball_Bottom,0.125
16,0.01,14,range_scaled,Pitcher,5,Fastball_Middle,0.125
16,0.01,14,range_scaled,Pitcher,5,Fastball_Top,0.125
16,0.01,14,range_scaled,Pitcher,5,Fastball_Chase,0.125
16,0.01,14,range_scaled,Pitcher,5,Offspeed_Bottom,0.125
16,0.01,14,range_scaled,Pitcher,5,Offspeed_Middle,0.125
16,0.01,14,range_scaled,Pitcher,5,Offspeed_Top,0.125
16,0.01,14,range_scaled,Pitcher,5,Offspeed_Chase,0.125
16,0.01,14,range_scaled,Pitcher,6,Fastball_Bottom,0.125
16,0.01,14,range_scaled,Pitcher,6,Fastball_Middle,0.125
16,0.01,14,range_scaled,Pitcher,6,Fastball_Top,0.125
16,0.01,14,range_scaled,Pitcher,6,Fastball_Chase,0.125
16,0.01,14,range_scaled,Pitcher,6,Offspeed_Bottom,0.125
16,0.01,14,range_scaled,Pitcher,6,Offspeed_Middle,0.125
16,0.01,14,range_scaled,Pitcher,6,Offspeed_Top,0.125
16,0.01,14,range_scaled,Pitcher,6,Offspeed_Chase,0.125
16,0.01,14,range_scaled,Pitcher,7,Fastball_Bottom,0.125
16,0.01,14,range_scaled,Pitcher,7,Fastball_Middle,0.125
16,0.01,14,range_scaled,Pitcher,7,Fastball_Top,0.125
16,0.01,14,range_scaled,Pitcher,7,Fastball_Chase,0.125
16,0.01,14,range_scaled,Pitcher,7,Offspeed_Bottom,0.125
16,0.01,14,range_scaled,Pitcher,7,Offspeed_Middle,0.125
16,0.01,14,range_scaled,Pitcher,7,Offspeed_Top,0.125
16,0.01,14,range_scaled,Pitcher,7,Offspeed_Chase,0.125
16,0.01,14,range_scaled,Pitcher,8,Fastball_Bottom,0.125
16,0.01,14,range_scaled,Pitcher,8,Fastball_Middle,0.125
16,0.01,14,range_scaled,Pitcher,8,Fastball_Top,0.125
16,0.01,14,range_scaled,Pitcher,8,Fastball_Chase,0.125
16,0.01,14,range_scaled,Pitcher,8,Offspeed_Bottom,0.125
16,0.01,14,range_scaled,Pitcher,8,Offspeed_Middle,0.125
16,0.01,14,range_scaled,Pitcher,8,Offspeed_Top,0.125
16,0.01,14,range_scaled,Pitcher,8,Offspeed_Chase,0.125
16,0.01,14,range_scaled,Pitcher,9,Fastball_Bottom,0.125
16,0.01,14,range_scaled,Pitcher,9,Fastball_Middle,0.125
16,0.01,14,range_scaled,Pitcher,9,Fastball_Top,0.125
16,0.01,14,range_scaled,Pitcher,9,Fastball_Chase,0.125
16,0.01,14,range_scaled,Pitcher,9,Offspeed_Bottom,0.125
16,0.01,14,range_scaled,Pitcher,9,Offspeed_Middle,0.125
16,0.01,14,range_scaled,Pitcher,9,Offspeed_Top,0.125
16,0.01,14,range_scaled,Pitcher,9,Offspeed_Chase,0.125
16,0.01,14,range_scaled,Pitcher,10,Fastball_Bottom,0.125
16,0.01,14,range_scaled,Pitcher,10,Fastball_Middle,0.125
16,0.01,14,range_scaled,Pitcher,10,Fastball_Top,0.125
16,0.01,14,range_scaled,Pitcher,10,Fastball_Chase,0.125
16,0.01,14,range_scaled,Pitcher,10,Offspeed_Bottom,0.125
16,0.01,14,range_scaled,Pitcher,10,Offspeed_Middle,0.125
16,0.01,14,range_scaled,Pitcher,10,Offspeed_Top,0.125
16,0.01,14,range_scaled,Pitcher,10,Offspeed_Chase,0.125
16,0.01,14,range_scaled,Pitcher,11,Fastball_Bottom,0.125
16,0.01,14,range_scaled,Pitcher,11,Fastball_Middle,0.125
16,0.01,14,range_scaled,Pitcher,11,Fastball_Top,0.125
16,0.01,14,range_scaled,Pitcher,11,Fastball_Chase,0.125
16,0.01,14,range_scaled,Pitcher,11,Offspeed_Bottom,0.125
16,0.01,14,range_scaled,Pitcher,11,Offspeed_Middle,0.125
16,0.01,14,range_scaled,Pitcher,11,Offspeed_Top,0.125
16,0.01,14,range_scaled,Pitcher,11,Offspeed_Chase,0.125
16,0.01,14,range_scaled,Pitcher,12,Fastball_Bottom,0.125
16,0.01,14,range_scaled,Pitcher,12,Fastball_Middle,0.125
16,0.01,14,range_scaled,Pitcher,12,Fastball_Top,0.125
16,0.01,14,range_scaled,Pitcher,12,Fastball_Chase,0.125
16,0.01,14,range_scaled,Pitcher,12,Offspeed_Bottom,0.125
16,0.01,14,range_scaled,Pitcher,12,Offspeed_Middle,0.125
16,0.01,14,range_scaled,Pitcher,12,Offspeed_Top,0.125
16,0.01,14,range_scaled,Pitcher,12,Offspeed_Chase,0.125
16,0.01,14,range_scaled,Pitcher,13,Fastball_Bottom,0.125
16,0.01,14,range_scaled,Pitcher,13,Fastball_Middle,0.125
16,0.01,14,range_scaled,Pitcher,13,Fastball_Top,0.125
16,0.01,14,range_scaled,Pitcher,13,Fastball_Chase,0.125
16,0.01,14,range_scaled,Pitcher,13,Offspeed_Bottom,0.125
16,0.01,14,range_scaled,Pitcher,13,Offspeed_Middle,0.125
16,0.01,14,range_scaled,Pitcher,13,Offspeed_Top,0.125
16,0.01,14,range_scaled,Pitcher,13,Offspeed_Chase,0.125
16,0.01,14,range_scaled,Pitcher,14,Fastball_Bottom,1.0
16,0.01,14,range_scaled,Pitcher,14,Fastball_Middle,0.0
16,0.01,14,range_scaled,Pitcher,14,Fastball_Top,0.0
16,0.01,14,range_scaled,Pitcher,14,Fastball_Chase,0.0
16,0.01,14,range_scaled,Pitcher,14,Offspeed_Bottom,0.0
16,0.01,14,range_scaled,Pitcher,14,Offspeed_Middle,0.0
16,0.01,14,range_scaled,Pitcher,14,Offspeed_Top,0.0
16,0.01,14,range_scaled,Pitcher,14,Offspeed_Chase,0.0
16,0.01,14,range_scaled,Pitcher,15,Fastball_Bottom,0.0
16,0.01,14,range_scaled,Pitcher,15,Fastball_Middle,0.0
16,0.01,14,range_scaled,Pitcher,15,Fastball_Top,0.0
16,0.01,14,range_scaled,Pitcher,15,Fastball_Chase,0.05462052414216251
16,0.01,14,range_scaled,Pitcher,15,Offspeed_Bottom,0.0
16,0.01,14,range_scaled,Pitcher,15,Offspeed_Middle,0.0
16,0.01,14,range_scaled,Pitcher,15,Offspeed_Top,0.9453794758578372
16,0.01,14,range_scaled,Pitcher,15,Offspeed_Chase,0.0
16,0.01,14,range_scaled,Pitcher,16,Fastball_Bottom,1.0
16,0.01,14,range_scaled,Pitcher,16,Fastball_Middle,0.0
16,0.01,14,range_scaled,Pitcher,16,Fastball_Top,0.0
16,0.01,14,range_scaled,Pitcher,16,Fastball_Chase,0.0
16,0.01,14,range_scaled,Pitcher,16,Offspeed_Bottom,0.0
16,0.01,14,range_scaled,Pitcher,16,Offspeed_Middle,0.0
16,0.01,14,range_scaled,Pitcher,16,Offspeed_Top,0.0
16,0.01,14,range_scaled,Pitcher,16,Offspeed_Chase,0.0
16,0.01,14,range_scaled,Pitcher,17,Fastball_Bottom,0.0
16,0.01,14,range_scaled,Pitcher,17,Fastball_Middle,0.0
16,0.01,14,range_scaled,Pitcher,17,Fastball_Top,0.8756544058764074
16,0.01,14,range_scaled,Pitcher,17,Fastball_Chase,0.12434559412359258
16,0.01,14,range_scaled,Pitcher,17,Offspeed_Bottom,0.0
16,0.01,14,range_scaled,Pitcher,17,Offspeed_Middle,0.0
16,0.01,14,range_scaled,Pitcher,17,Offspeed_Top,0.0
16,0.01,14,range_scaled,Pitcher,17,Offspeed_Chase,0.0
17,0.01,15,range_scaled,Batter,1,Swing,0.7635413154290569
17,0.01,15,range_scaled,Batter,1,Take,0.23645868457094316
17,0.01,15,range_scaled,Batter,2,Swing,1.0
17,0.01,15,range_scaled,Batter,2,Take,0.0
17,0.01,15,range_scaled,Batter,3,Swing,0.0
17,0.01,15,range_scaled,Batter,3,Take,1.0
17,0.01,15,range_scaled,Batter,4,Swing,1.0
17,0.01,15,range_scaled,Batter,4,Take,0.0
17,0.01,15,range_scaled,Batter,5,Swing,0.0
17,0.01,15,range_scaled,Batter,5,Take,1.0
17,0.01,15,range_scaled,Batter,6,Swing,1.0
17,0.01,15,range_scaled,Batter,6,Take,0.0
17,0.01,15,range_scaled,Batter,7,Swing,1.0
17,0.01,15,range_scaled,Batter,7,Take,0.0
17,0.01,15,range_scaled,Batter,8,Swing,1.0
17,0.01,15,range_scaled,Batter,8,Take,0.0
17,0.01,15,range_scaled,Batter,9,Swing,0.3496635366489532
17,0.01,15,range_scaled,Batter,9,Take,0.6503364633510468
17,0.01,15,range_scaled,Batter,10,Swing,1.0
17,0.01,15,range_scaled,Batter,10,Take,0.0
17,0.01,15,range_scaled,Batter,11,Swing,0.0
17,0.01,15,range_scaled,Batter,11,Take,1.0
17,0.01,15,range_scaled,Batter,12,Swing,1.0
17,0.01,15,range_scaled,Batter,12,Take,0.0
17,0.01,15,range_scaled,Batter,13,Swing,1.0
17,0.01,15,range_scaled,Batter,13,Take,0.0
17,0.01,15,range_scaled,Batter,14,Swing,1.0
17,0.01,15,range_scaled,Batter,14,Take,0.0
17,0.01,15,range_scaled,Batter,15,Swing,0.7843122964826131
17,0.01,15,range_scaled,Batter,15,Take,0.21568770351738692
17,0.01,15,range_scaled,Batter,16,Swing,1.0
17,0.01,15,range_scaled,Batter,16,Take,0.0
17,0.01,15,range_scaled,Batter,17,Swing,0.8413557952915428
17,0.01,15,range_scaled,Batter,17,Take,0.15864420470845736
17,0.01,15,range_scaled,Pitcher,1,Fastball_Bottom,0.0
17,0.01,15,range_scaled,Pitcher,1,Fastball_Middle,0.0
17,0.01,15,range_scaled,Pitcher,1,Fastball_Top,0.0
17,0.01,15,range_scaled,Pitcher,1,Fastball_Chase,0.0
17,0.01,15,range_scaled,Pitcher,1,Offspeed_Bottom,0.0
17,0.01,15,range_scaled,Pitcher,1,Offspeed_Middle,0.0
17,0.01,15,range_scaled,Pitcher,1,Offspeed_Top,0.3644480344725586
17,0.01,15,range_scaled,Pitcher,1,Offspeed_Chase,0.6355519655274414
17,0.01,15,range_scaled,Pitcher,2,Fastball_Bottom,0.125
17,0.01,15,range_scaled,Pitcher,2,Fastball_Middle,0.125
17,0.01,15,range_scaled,Pitcher,2,Fastball_Top,0.125
17,0.01,15,range_scaled,Pitcher,2,Fastball_Chase,0.125
17,0.01,15,range_scaled,Pitcher,2,Offspeed_Bottom,0.125
17,0.01,15,range_scaled,Pitcher,2,Offspeed_Middle,0.125
17,0.01,15,range_scaled,Pitcher,2,Offspeed_Top,0.125
17,0.01,15,range_scaled,Pitcher,2,Offspeed_Chase,0.125
17,0.01,15,range_scaled,Pitcher,3,Fastball_Bottom,0.125
17,0.01,15,range_scaled,Pitcher,3,Fastball_Middle,0.125
17,0.01,15,range_scaled,Pitcher,3,Fastball_Top,0.125
17,0.01,15,range_scaled,Pitcher,3,Fastball_Chase,0.125
17,0.01,15,range_scaled,Pitcher,3,Offspeed_Bottom,0.125
17,0.01,15,range_scaled,Pitcher,3,Offspeed_Middle,0.125
17,0.01,15,range_scaled,Pitcher,3,Offspeed_Top,0.125
17,0.01,15,range_scaled,Pitcher,3,Offspeed_Chase,0.125
17,0.01,15,range_scaled,Pitcher,4,Fastball_Bottom,0.125
17,0.01,15,range_scaled,Pitcher,4,Fastball_Middle,0.125
17,0.01,15,range_scaled,Pitcher,4,Fastball_Top,0.125
17,0.01,15,range_scaled,Pitcher,4,Fastball_Chase,0.125
17,0.01,15,range_scaled,Pitcher,4,Offspeed_Bottom,0.125
17,0.01,15,range_scaled,Pitcher,4,Offspeed_Middle,0.125
17,0.01,15,range_scaled,Pitcher,4,Offspeed_Top,0.125
17,0.01,15,range_scaled,Pitcher,4,Offspeed_Chase,0.125
17,0.01,15,range_scaled,Pitcher,5,Fastball_Bottom,0.125
17,0.01,15,range_scaled,Pitcher,5,Fastball_Middle,0.125
17,0.01,15,range_scaled,Pitcher,5,Fastball_Top,0.125
17,0.01,15,range_scaled,Pitcher,5,Fastball_Chase,0.125
17,0.01,15,range_scaled,Pitcher,5,Offspeed_Bottom,0.125
17,0.01,15,range_scaled,Pitcher,5,Offspeed_Middle,0.125
17,0.01,15,range_scaled,Pitcher,5,Offspeed_Top,0.125
17,0.01,15,range_scaled,Pitcher,5,Offspeed_Chase,0.125
17,0.01,15,range_scaled,Pitcher,6,Fastball_Bottom,0.125
17,0.01,15,range_scaled,Pitcher,6,Fastball_Middle,0.125
17,0.01,15,range_scaled,Pitcher,6,Fastball_Top,0.125
17,0.01,15,range_scaled,Pitcher,6,Fastball_Chase,0.125
17,0.01,15,range_scaled,Pitcher,6,Offspeed_Bottom,0.125
17,0.01,15,range_scaled,Pitcher,6,Offspeed_Middle,0.125
17,0.01,15,range_scaled,Pitcher,6,Offspeed_Top,0.125
17,0.01,15,range_scaled,Pitcher,6,Offspeed_Chase,0.125
17,0.01,15,range_scaled,Pitcher,7,Fastball_Bottom,0.125
17,0.01,15,range_scaled,Pitcher,7,Fastball_Middle,0.125
17,0.01,15,range_scaled,Pitcher,7,Fastball_Top,0.125
17,0.01,15,range_scaled,Pitcher,7,Fastball_Chase,0.125
17,0.01,15,range_scaled,Pitcher,7,Offspeed_Bottom,0.125
17,0.01,15,range_scaled,Pitcher,7,Offspeed_Middle,0.125
17,0.01,15,range_scaled,Pitcher,7,Offspeed_Top,0.125
17,0.01,15,range_scaled,Pitcher,7,Offspeed_Chase,0.125
17,0.01,15,range_scaled,Pitcher,8,Fastball_Bottom,0.125
17,0.01,15,range_scaled,Pitcher,8,Fastball_Middle,0.125
17,0.01,15,range_scaled,Pitcher,8,Fastball_Top,0.125
17,0.01,15,range_scaled,Pitcher,8,Fastball_Chase,0.125
17,0.01,15,range_scaled,Pitcher,8,Offspeed_Bottom,0.125
17,0.01,15,range_scaled,Pitcher,8,Offspeed_Middle,0.125
17,0.01,15,range_scaled,Pitcher,8,Offspeed_Top,0.125
17,0.01,15,range_scaled,Pitcher,8,Offspeed_Chase,0.125
17,0.01,15,range_scaled,Pitcher,9,Fastball_Bottom,0.125
17,0.01,15,range_scaled,Pitcher,9,Fastball_Middle,0.125
17,0.01,15,range_scaled,Pitcher,9,Fastball_Top,0.125
17,0.01,15,range_scaled,Pitcher,9,Fastball_Chase,0.125
17,0.01,15,range_scaled,Pitcher,9,Offspeed_Bottom,0.125
17,0.01,15,range_scaled,Pitcher,9,Offspeed_Middle,0.125
17,0.01,15,range_scaled,Pitcher,9,Offspeed_Top,0.125
17,0.01,15,range_scaled,Pitcher,9,Offspeed_Chase,0.125
17,0.01,15,range_scaled,Pitcher,10,Fastball_Bottom,0.125
17,0.01,15,range_scaled,Pitcher,10,Fastball_Middle,0.125
17,0.01,15,range_scaled,Pitcher,10,Fastball_Top,0.125
17,0.01,15,range_scaled,Pitcher,10,Fastball_Chase,0.125
17,0.01,15,range_scaled,Pitcher,10,Offspeed_Bottom,0.125
17,0.01,15,range_scaled,Pitcher,10,Offspeed_Middle,0.125
17,0.01,15,range_scaled,Pitcher,10,Offspeed_Top,0.125
17,0.01,15,range_scaled,Pitcher,10,Offspeed_Chase,0.125
17,0.01,15,range_scaled,Pitcher,11,Fastball_Bottom,0.125
17,0.01,15,range_scaled,Pitcher,11,Fastball_Middle,0.125
17,0.01,15,range_scaled,Pitcher,11,Fastball_Top,0.125
17,0.01,15,range_scaled,Pitcher,11,Fastball_Chase,0.125
17,0.01,15,range_scaled,Pitcher,11,Offspeed_Bottom,0.125
17,0.01,15,range_scaled,Pitcher,11,Offspeed_Middle,0.125
17,0.01,15,range_scaled,Pitcher,11,Offspeed_Top,0.125
17,0.01,15,range_scaled,Pitcher,11,Offspeed_Chase,0.125
17,0.01,15,range_scaled,Pitcher,12,Fastball_Bottom,0.125
17,0.01,15,range_scaled,Pitcher,12,Fastball_Middle,0.125
17,0.01,15,range_scaled,Pitcher,12,Fastball_Top,0.125
17,0.01,15,range_scaled,Pitcher,12,Fastball_Chase,0.125
17,0.01,15,range_scaled,Pitcher,12,Offspeed_Bottom,0.125
17,0.01,15,range_scaled,Pitcher,12,Offspeed_Middle,0.125
17,0.01,15,range_scaled,Pitcher,12,Offspeed_Top,0.125
17,0.01,15,range_scaled,Pitcher,12,Offspeed_Chase,0.125
17,0.01,15,range_scaled,Pitcher,13,Fastball_Bottom,0.125
17,0.01,15,range_scaled,Pitcher,13,Fastball_Middle,0.125
17,0.01,15,range_scaled,Pitcher,13,Fastball_Top,0.125
17,0.01,15,range_scaled,Pitcher,13,Fastball_Chase,0.125
17,0.01,15,range_scaled,Pitcher,13,Offspeed_Bottom,0.125
17,0.01,15,range_scaled,Pitcher,13,Offspeed_Middle,0.125
17,0.01,15,range_scaled,Pitcher,13,Offspeed_Top,0.125
17,0.01,15,range_scaled,Pitcher,13,Offspeed_Chase,0.125
17,0.01,15,range_scaled,Pitcher,14,Fastball_Bottom,1.0
17,0.01,15,range_scaled,Pitcher,14,Fastball_Middle,0.0
17,0.01,15,range_scaled,Pitcher,14,Fastball_Top,0.0
17,0.01,15,range_scaled,Pitcher,14,Fastball_Chase,0.0
17,0.01,15,range_scaled,Pitcher,14,Offspeed_Bottom,0.0
17,0.01,15,range_scaled,Pitcher,14,Offspeed_Middle,0.0
17,0.01,15,range_scaled,Pitcher,14,Offspeed_Top,0.0
17,0.01,15,range_scaled,Pitcher,14,Offspeed_Chase,0.0
17,0.01,15,range_scaled,Pitcher,15,Fastball_Bottom,0.0
17,0.01,15,range_scaled,Pitcher,15,Fastball_Middle,0.0
17,0.01,15,range_scaled,Pitcher,15,Fastball_Top,0.8629638383804558
17,0.01,15,range_scaled,Pitcher,15,Fastball_Chase,0.0
17,0.01,15,range_scaled,Pitcher,15,Offspeed_Bottom,0.0
17,0.01,15,range_scaled,Pitcher,15,Offspeed_Middle,0.0
17,0.01,15,range_scaled,Pitcher,15,Offspeed_Top,0.0
17,0.01,15,range_scaled,Pitcher,15,Offspeed_Chase,0.13703616161954452
17,0.01,15,range_scaled,Pitcher,16,Fastball_Bottom,1.0
17,0.01,15,range_scaled,Pitcher,16,Fastball_Middle,0.0
17,0.01,15,range_scaled,Pitcher,16,Fastball_Top,0.0
17,0.01,15,range_scaled,Pitcher,16,Fastball_Chase,0.0
17,0.01,15,range_scaled,Pitcher,16,Offspeed_Bottom,0.0
17,0.01,15,range_scaled,Pitcher,16,Offspeed_Middle,0.0
17,0.01,15,range_scaled,Pitcher,16,Offspeed_Top,0.0
17,0.01,15,range_scaled,Pitcher,16,Offspeed_Chase,0.0
17,0.01,15,range_scaled,Pitcher,17,Fastball_Bottom,0.0
17,0.01,15,range_scaled,Pitcher,17,Fastball_Middle,0.0
17,0.01,15,range_scaled,Pitcher,17,Fastball_Top,0.0
17,0.01,15,range_scaled,Pitcher,17,Fastball_Chase,0.2598347767023433
17,0.01,15,range_scaled,Pitcher,17,Offspeed_Bottom,0.0
17,0.01,15,range_scaled,Pitcher,17,Offspeed_Middle,0.0
17,0.01,15,range_scaled,Pitcher,17,Offspeed_Top,0.7401652232976568
17,0.01,15,range_scaled,Pitcher,17,Offspeed_Chase,0.0
18,0.01,16,range_scaled,Batter,1,Swing,0.6893109882797275
18,0.01,16,range_scaled,Batter,1,Take,0.3106890117202725
18,0.01,16,range_scaled,Batter,2,Swing,1.0
18,0.01,16,range_scaled,Batter,2,Take,0.0
18,0.01,16,range_scaled,Batter,3,Swing,0.0
18,0.01,16,range_scaled,Batter,3,Take,1.0
18,0.01,16,range_scaled,Batter,4,Swing,1.0
18,0.01,16,range_scaled,Batter,4,Take,0.0
18,0.01,16,range_scaled,Batter,5,Swing,1.0
18,0.01,16,range_scaled,Batter,5,Take,0.0
18,0.01,16,range_scaled,Batter,6,Swing,1.0
18,0.01,16,range_scaled,Batter,6,Take,0.0
18,0.01,16,range_scaled,Batter,7,Swing,0.7189410741292748
18,0.01,16,range_scaled,Batter,7,Take,0.2810589258707253
18,0.01,16,range_scaled,Batter,8,Swing,1.0
18,0.01,16,range_scaled,Batter,8,Take,0.0
18,0.01,16,range_scaled,Batter,9,Swing,0.82871889797526
18,0.01,16,range_scaled,Batter,9,Take,0.17128110202473998
18,0.01,16,range_scaled,Batter,10,Swing,1.0
18,0.01,16,range_scaled,Batter,10,Take,0.0
18,0.01,16,range_scaled,Batter,11,Swing,0.0
18,0.01,16,range_scaled,Batter,11,Take,1.0
18,0.01,16,range_scaled,Batter,12,Swing,1.0
18,0.01,16,range_scaled,Batter,12,Take,0.0
18,0.01,16,range_scaled,Batter,13,Swing,1.0
18,0.01,16,range_scaled,Batter,13,Take,0.0
18,0.01,16,range_scaled,Batter,14,Swing,1.0
18,0.01,16,range_scaled,Batter,14,Take,0.0
18,0.01,16,range_scaled,Batter,15,Swing,0.0
18,0.01,16,range_scaled,Batter,15,Take,1.0
18,0.01,16,range_scaled,Batter,16,Swing,1.0
18,0.01,16,range_scaled,Batter,16,Take,0.0
18,0.01,16,range_scaled,Batter,17,Swing,0.024571530792082765
18,0.01,16,range_scaled,Batter,17,Take,0.9754284692079173
18,0.01,16,range_scaled,Pitcher,1,Fastball_Bottom,0.0
18,0.01,16,range_scaled,Pitcher,1,Fastball_Middle,0.0
18,0.01,16,range_scaled,Pitcher,1,Fastball_Top,0.2962155031074042
18,0.01,16,range_scaled,Pitcher,1,Fastball_Chase,0.7037844968925958
18,0.01,16,range_scaled,Pitcher,1,Offspeed_Bottom,0.0
18,0.01,16,range_scaled,Pitcher,1,Offspeed_Middle,0.0
18,0.01,16,range_scaled,Pitcher,1,Offspeed_Top,0.0
18,0.01,16,range_scaled,Pitcher,1,Offspeed_Chase,0.0
18,0.01,16,range_scaled,Pitcher,2,Fastball_Bottom,0.125
18,0.01,16,range_scaled,Pitcher,2,Fastball_Middle,0.125
18,0.01,16,range_scaled,Pitcher,2,Fastball_Top,0.125
18,0.01,16,range_scaled,Pitcher,2,Fastball_Chase,0.125
18,0.01,16,range_scaled,Pitcher,2,Offspeed_Bottom,0.125
18,0.01,16,range_scaled,Pitcher,2,Offspeed_Middle,0.125
18,0.01,16,range_scaled,Pitcher,2,Offspeed_Top,0.125
18,0.01,16,range_scaled,Pitcher,2,Offspeed_Chase,0.125
18,0.01,16,range_scaled,Pitcher,3,Fastball_Bottom,0.125
18,0.01,16,range_scaled,Pitcher,3,Fastball_Middle,0.125
18,0.01,16,range_scaled,Pitcher,3,Fastball_Top,0.125
18,0.01,16,range_scaled,Pitcher,3,Fastball_Chase,0.125
18,0.01,16,range_scaled,Pitcher,3,Offspeed_Bottom,0.125
18,0.01,16,range_scaled,Pitcher,3,Offspeed_Middle,0.125
18,0.01,16,range_scaled,Pitcher,3,Offspeed_Top,0.125
18,0.01,16,range_scaled,Pitcher,3,Offspeed_Chase,0.125
18,0.01,16,range_scaled,Pitcher,4,Fastball_Bottom,0.125
18,0.01,16,range_scaled,Pitcher,4,Fastball_Middle,0.125
18,0.01,16,range_scaled,Pitcher,4,Fastball_Top,0.125
18,0.01,16,range_scaled,Pitcher,4,Fastball_Chase,0.125
18,0.01,16,range_scaled,Pitcher,4,Offspeed_Bottom,0.125
18,0.01,16,range_scaled,Pitcher,4,Offspeed_Middle,0.125
18,0.01,16,range_scaled,Pitcher,4,Offspeed_Top,0.125
18,0.01,16,range_scaled,Pitcher,4,Offspeed_Chase,0.125
18,0.01,16,range_scaled,Pitcher,5,Fastball_Bottom,0.125
18,0.01,16,range_scaled,Pitcher,5,Fastball_Middle,0.125
18,0.01,16,range_scaled,Pitcher,5,Fastball_Top,0.125
18,0.01,16,range_scaled,Pitcher,5,Fastball_Chase,0.125
18,0.01,16,range_scaled,Pitcher,5,Offspeed_Bottom,0.125
18,0.01,16,range_scaled,Pitcher,5,Offspeed_Middle,0.125
18,0.01,16,range_scaled,Pitcher,5,Offspeed_Top,0.125
18,0.01,16,range_scaled,Pitcher,5,Offspeed_Chase,0.125
18,0.01,16,range_scaled,Pitcher,6,Fastball_Bottom,1.0
18,0.01,16,range_scaled,Pitcher,6,Fastball_Middle,0.0
18,0.01,16,range_scaled,Pitcher,6,Fastball_Top,0.0
18,0.01,16,range_scaled,Pitcher,6,Fastball_Chase,0.0
18,0.01,16,range_scaled,Pitcher,6,Offspeed_Bottom,0.0
18,0.01,16,range_scaled,Pitcher,6,Offspeed_Middle,0.0
18,0.01,16,range_scaled,Pitcher,6,Offspeed_Top,0.0
18,0.01,16,range_scaled,Pitcher,6,Offspeed_Chase,0.0
18,0.01,16,range_scaled,Pitcher,7,Fastball_Bottom,0.0
18,0.01,16,range_scaled,Pitcher,7,Fastball_Middle,0.0
18,0.01,16,range_scaled,Pitcher,7,Fastball_Top,0.0
18,0.01,16,range_scaled,Pitcher,7,Fastball_Chase,0.0
18,0.01,16,range_scaled,Pitcher,7,Offspeed_Bottom,0.0
18,0.01,16,range_scaled,Pitcher,7,Offspeed_Middle,0.0
18,0.01,16,range_scaled,Pitcher,7,Offspeed_Top,0.7913885929449678
18,0.01,16,range_scaled,Pitcher,7,Offspeed_Chase,0.2086114070550324
18,0.01,16,range_scaled,Pitcher,8,Fastball_Bottom,1.0
18,0.01,16,range_scaled,Pitcher,8,Fastball_Middle,0.0
18,0.01,16,range_scaled,Pitcher,8,Fastball_Top,0.0
18,0.01,16,range_scaled,Pitcher,8,Fastball_Chase,0.0
18,0.01,16,range_scaled,Pitcher,8,Offspeed_Bottom,0.0
18,0.01,16,range_scaled,Pitcher,8,Offspeed_Middle,0.0
18,0.01,16,range_scaled,Pitcher,8,Offspeed_Top,0.0
18,0.01,16,range_scaled,Pitcher,8,Offspeed_Chase,0.0
18,0.01,16,range_scaled,Pitcher,9,Fastball_Bottom,0.0
18,0.01,16,range_scaled,Pitcher,9,Fastball_Middle,0.0
18,0.01,16,range_scaled,Pitcher,9,Fastball_Top,0.0
18,0.01,16,range_scaled,Pitcher,9,Fastball_Chase,0.0
18,0.01,16,range_scaled,Pitcher,9,Offspeed_Bottom,0.0
18,0.01,16,range_scaled,Pitcher,9,Offspeed_Middle,0.0
18,0.01,16,range_scaled,Pitcher,9,Offspeed_Top,0.915080302484639
18,0.01,16,range_scaled,Pitcher,9,Offspeed_Chase,0.08491969751536099
18,0.01,16,range_scaled,Pitcher,10,Fastball_Bottom,0.125
18,0.01,16,range_scaled,Pitcher,10,Fastball_Middle,0.125
18,0.01,16,range_scaled,Pitcher,10,Fastball_Top,0.125
18,0.01,16,range_scaled,Pitcher,10,Fastball_Chase,0.125
18,0.01,16,range_scaled,Pitcher,10,Offspeed_Bottom,0.125
18,0.01,16,range_scaled,Pitcher,10,Offspeed_Middle,0.125
18,0.01,16,range_scaled,Pitcher,10,Offspeed_Top,0.125
18,0.01,16,range_scaled,Pitcher,10,Offspeed_Chase,0.125
18,0.01,16,range_scaled,Pitcher,11,Fastball_Bottom,0.125
18,0.01,16,range_scaled,Pitcher,11,Fastball_Middle,0.125
18,0.01,16,range_scaled,Pitcher,11,Fastball_Top,0.125
18,0.01,16,range_scaled,Pitcher,11,Fastball_Chase,0.125
18,0.01,16,range_scaled,Pitcher,11,Offspeed_Bottom,0.125
18,0.01,16,range_scaled,Pitcher,11,Offspeed_Middle,0.125
18,0.01,16,range_scaled,Pitcher,11,Offspeed_Top,0.125
18,0.01,16,range_scaled,Pitcher,11,Offspeed_Chase,0.125
18,0.01,16,range_scaled,Pitcher,12,Fastball_Bottom,0.125
18,0.01,16,range_scaled,Pitcher,12,Fastball_Middle,0.125
18,0.01,16,range_scaled,Pitcher,12,Fastball_Top,0.125
18,0.01,16,range_scaled,Pitcher,12,Fastball_Chase,0.125
18,0.01,16,range_scaled,Pitcher,12,Offspeed_Bottom,0.125
18,0.01,16,range_scaled,Pitcher,12,Offspeed_Middle,0.125
18,0.01,16,range_scaled,Pitcher,12,Offspeed_Top,0.125
18,0.01,16,range_scaled,Pitcher,12,Offspeed_Chase,0.125
18,0.01,16,range_scaled,Pitcher,13,Fastball_Bottom,0.125
18,0.01,16,range_scaled,Pitcher,13,Fastball_Middle,0.125
18,0.01,16,range_scaled,Pitcher,13,Fastball_Top,0.125
18,0.01,16,range_scaled,Pitcher,13,Fastball_Chase,0.125
18,0.01,16,range_scaled,Pitcher,13,Offspeed_Bottom,0.125
18,0.01,16,range_scaled,Pitcher,13,Offspeed_Middle,0.125
18,0.01,16,range_scaled,Pitcher,13,Offspeed_Top,0.125
18,0.01,16,range_scaled,Pitcher,13,Offspeed_Chase,0.125
18,0.01,16,range_scaled,Pitcher,14,Fastball_Bottom,0.125
18,0.01,16,range_scaled,Pitcher,14,Fastball_Middle,0.125
18,0.01,16,range_scaled,Pitcher,14,Fastball_Top,0.125
18,0.01,16,range_scaled,Pitcher,14,Fastball_Chase,0.125
18,0.01,16,range_scaled,Pitcher,14,Offspeed_Bottom,0.125
18,0.01,16,range_scaled,Pitcher,14,Offspeed_Middle,0.125
18,0.01,16,range_scaled,Pitcher,14,Offspeed_Top,0.125
18,0.01,16,range_scaled,Pitcher,14,Offspeed_Chase,0.125
18,0.01,16,range_scaled,Pitcher,15,Fastball_Bottom,0.125
18,0.01,16,range_scaled,Pitcher,15,Fastball_Middle,0.125
18,0.01,16,range_scaled,Pitcher,15,Fastball_Top,0.125
18,0.01,16,range_scaled,Pitcher,15,Fastball_Chase,0.125
18,0.01,16,range_scaled,Pitcher,15,Offspeed_Bottom,0.125
18,0.01,16,range_scaled,Pitcher,15,Offspeed_Middle,0.125
18,0.01,16,range_scaled,Pitcher,15,Offspeed_Top,0.125
18,0.01,16,range_scaled,Pitcher,15,Offspeed_Chase,0.125
18,0.01,16,range_scaled,Pitcher,16,Fastball_Bottom,0.125
18,0.01,16,range_scaled,Pitcher,16,Fastball_Middle,0.125
18,0.01,16,range_scaled,Pitcher,16,Fastball_Top,0.125
18,0.01,16,range_scaled,Pitcher,16,Fastball_Chase,0.125
18,0.01,16,range_scaled,Pitcher,16,Offspeed_Bottom,0.125
18,0.01,16,range_scaled,Pitcher,16,Offspeed_Middle,0.125
18,0.01,16,range_scaled,Pitcher,16,Offspeed_Top,0.125
18,0.01,16,range_scaled,Pitcher,16,Offspeed_Chase,0.125
18,0.01,16,range_scaled,Pitcher,17,Fastball_Bottom,0.125
18,0.01,16,range_scaled,Pitcher,17,Fastball_Middle,0.125
18,0.01,16,range_scaled,Pitcher,17,Fastball_Top,0.125
18,0.01,16,range_scaled,Pitcher,17,Fastball_Chase,0.125
18,0.01,16,range_scaled,Pitcher,17,Offspeed_Bottom,0.125
18,0.01,16,range_scaled,Pitcher,17,Offspeed_Middle,0.125
18,0.01,16,range_scaled,Pitcher,17,Offspeed_Top,0.125
18,0.01,16,range_scaled,Pitcher,17,Offspeed_Chase,0.125
19,0.01,17,range_scaled,Batter,1,Swing,0.629667039821332
19,0.01,17,range_scaled,Batter,1,Take,0.37033296017866796
19,0.01,17,range_scaled,Batter,2,Swing,1.0
19,0.01,17,range_scaled,Batter,2,Take,0.0
19,0.01,17,range_scaled,Batter,3,Swing,0.0
19,0.01,17,range_scaled,Batter,3,Take,1.0
19,0.01,17,range_scaled,Batter,4,Swing,1.0
19,0.01,17,range_scaled,Batter,4,Take,0.0
19,0.01,17,range_scaled,Batter,5,Swing,0.0
19,0.01,17,range_scaled,Batter,5,Take,1.0
19,0.01,17,range_scaled,Batter,6,Swing,1.0
19,0.01,17,range_scaled,Batter,6,Take,0.0
19,0.01,17,range_scaled,Batter,7,Swing,0.4110667355072594
19,0.01,17,range_scaled,Batter,7,Take,0.5889332644927406
19,0.01,17,range_scaled,Batter,8,Swing,1.0
19,0.01,17,range_scaled,Batter,8,Take,0.0
19,0.01,17,range_scaled,Batter,9,Swing,0.36937255281287684
19,0.01,17,range_scaled,Batter,9,Take,0.6306274471871232
19,0.01,17,range_scaled,Batter,10,Swing,1.0
19,0.01,17,range_scaled,Batter,10,Take,0.0
19,0.01,17,range_scaled,Batter,11,Swing,0.09703622955664816
19,0.01,17,range_scaled,Batter,11,Take,0.9029637704433519
19,0.01,17,range_scaled,Batter,12,Swing,1.0
19,0.01,17,range_scaled,Batter,12,Take,0.0
19,0.01,17,range_scaled,Batter,13,Swing,0.0
19,0.01,17,range_scaled,Batter,13,Take,1.0
19,0.01,17,range_scaled,Batter,14,Swing,1.0
19,0.01,17,range_scaled,Batter,14,Take,0.0
19,0.01,17,range_scaled,Batter,15,Swing,0.8743244858265934
19,0.01,17,range_scaled,Batter,15,Take,0.12567551417340628
19,0.01,17,range_scaled,Batter,16,Swing,1.0
19,0.01,17,range_scaled,Batter,16,Take,0.0
19,0.01,17,range_scaled,Batter,17,Swing,0.768569430506385
19,0.01,17,range_scaled,Batter,17,Take,0.23143056949361474
19,0.01,17,range_scaled,Pitcher,1,Fastball_Bottom,0.0
19,0.01,17,range_scaled,Pitcher,1,Fastball_Middle,0.0
19,0.01,17,range_scaled,Pitcher,1,Fastball_Top,-0.0
19,0.01,17,range_scaled,Pitcher,1,Fastball_Chase,0.0
19,0.01,17,range_scaled,Pitcher,1,Offspeed_Bottom,-0.0
19,0.01,17,range_scaled,Pitcher,1,Offspeed_Middle,0.0
19,0.01,17,range_scaled,Pitcher,1,Offspeed_Top,0.16377644221649879
19,0.01,17,range_scaled,Pitcher,1,Offspeed_Chase,0.8362235577835012
19,0.01,17,range_scaled,Pitcher,2,Fastball_Bottom,0.125
19,0.01,17,range_scaled,Pitcher,2,Fastball_Middle,0.125
19,0.01,17,range_scaled,Pitcher,2,Fastball_Top,0.125
19,0.01,17,range_scaled,Pitcher,2,Fastball_Chase,0.125
19,0.01,17,range_scaled,Pitcher,2,Offspeed_Bottom,0.125
19,0.01,17,range_scaled,Pitcher,2,Offspeed_Middle,0.125
19,0.01,17,range_scaled,Pitcher,2,Offspeed_Top,0.125
19,0.01,17,range_scaled,Pitcher,2,Offspeed_Chase,0.125
19,0.01,17,range_scaled,Pitcher,3,Fastball_Bottom,0.125
19,0.01,17,range_scaled,Pitcher,3,Fastball_Middle,0.125
19,0.01,17,range_scaled,Pitcher,3,Fastball_Top,0.125
19,0.01,17,range_scaled,Pitcher,3,Fastball_Chase,0.125
19,0.01,17,range_scaled,Pitcher,3,Offspeed_Bottom,0.125
19,0.01,17,range_scaled,Pitcher,3,Offspeed_Middle,0.125
19,0.01,17,range_scaled,Pitcher,3,Offspeed_Top,0.125
19,0.01,17,range_scaled,Pitcher,3,Offspeed_Chase,0.125
19,0.01,17,range_scaled,Pitcher,4,Fastball_Bottom,0.125
19,0.01,17,range_scaled,Pitcher,4,Fastball_Middle,0.125
19,0.01,17,range_scaled,Pitcher,4,Fastball_Top,0.125
19,0.01,17,range_scaled,Pitcher,4,Fastball_Chase,0.125
19,0.01,17,range_scaled,Pitcher,4,Offspeed_Bottom,0.125
19,0.01,17,range_scaled,Pitcher,4,Offspeed_Middle,0.125
19,0.01,17,range_scaled,Pitcher,4,Offspeed_Top,0.125
19,0.01,17,range_scaled,Pitcher,4,Offspeed_Chase,0.125
19,0.01,17,range_scaled,Pitcher,5,Fastball_Bottom,0.125
19,0.01,17,range_scaled,Pitcher,5,Fastball_Middle,0.125
19,0.01,17,range_scaled,Pitcher,5,Fastball_Top,0.125
19,0.01,17,range_scaled,Pitcher,5,Fastball_Chase,0.125
19,0.01,17,range_scaled,Pitcher,5,Offspeed_Bottom,0.125
19,0.01,17,range_scaled,Pitcher,5,Offspeed_Middle,0.125
19,0.01,17,range_scaled,Pitcher,5,Offspeed_Top,0.125
19,0.01,17,range_scaled,Pitcher,5,Offspeed_Chase,0.125
19,0.01,17,range_scaled,Pitcher,6,Fastball_Bottom,0.125
19,0.01,17,range_scaled,Pitcher,6,Fastball_Middle,0.125
19,0.01,17,range_scaled,Pitcher,6,Fastball_Top,0.125
19,0.01,17,range_scaled,Pitcher,6,Fastball_Chase,0.125
19,0.01,17,range_scaled,Pitcher,6,Offspeed_Bottom,0.125
19,0.01,17,range_scaled,Pitcher,6,Offspeed_Middle,0.125
19,0.01,17,range_scaled,Pitcher,6,Offspeed_Top,0.125
19,0.01,17,range_scaled,Pitcher,6,Offspeed_Chase,0.125
19,0.01,17,range_scaled,Pitcher,7,Fastball_Bottom,0.125
19,0.01,17,range_scaled,Pitcher,7,Fastball_Middle,0.125
19,0.01,17,range_scaled,Pitcher,7,Fastball_Top,0.125
19,0.01,17,range_scaled,Pitcher,7,Fastball_Chase,0.125
19,0.01,17,range_scaled,Pitcher,7,Offspeed_Bottom,0.125
19,0.01,17,range_scaled,Pitcher,7,Offspeed_Middle,0.125
19,0.01,17,range_scaled,Pitcher,7,Offspeed_Top,0.125
19,0.01,17,range_scaled,Pitcher,7,Offspeed_Chase,0.125
19,0.01,17,range_scaled,Pitcher,8,Fastball_Bottom,0.125
19,0.01,17,range_scaled,Pitcher,8,Fastball_Middle,0.125
19,0.01,17,range_scaled,Pitcher,8,Fastball_Top,0.125
19,0.01,17,range_scaled,Pitcher,8,Fastball_Chase,0.125
19,0.01,17,range_scaled,Pitcher,8,Offspeed_Bottom,0.125
19,0.01,17,range_scaled,Pitcher,8,Offspeed_Middle,0.125
19,0.01,17,range_scaled,Pitcher,8,Offspeed_Top,0.125
19,0.01,17,range_scaled,Pitcher,8,Offspeed_Chase,0.125
19,0.01,17,range_scaled,Pitcher,9,Fastball_Bottom,0.125
19,0.01,17,range_scaled,Pitcher,9,Fastball_Middle,0.125
19,0.01,17,range_scaled,Pitcher,9,Fastball_Top,0.125
19,0.01,17,range_scaled,Pitcher,9,Fastball_Chase,0.125
19,0.01,17,range_scaled,Pitcher,9,Offspeed_Bottom,0.125
19,0.01,17,range_scaled,Pitcher,9,Offspeed_Middle,0.125
19,0.01,17,range_scaled,Pitcher,9,Offspeed_Top,0.125
19,0.01,17,range_scaled,Pitcher,9,Offspeed_Chase,0.125
19,0.01,17,range_scaled,Pitcher,10,Fastball_Bottom,0.125
19,0.01,17,range_scaled,Pitcher,10,Fastball_Middle,0.125
19,0.01,17,range_scaled,Pitcher,10,Fastball_Top,0.125
19,0.01,17,range_scaled,Pitcher,10,Fastball_Chase,0.125
19,0.01,17,range_scaled,Pitcher,10,Offspeed_Bottom,0.125
19,0.01,17,range_scaled,Pitcher,10,Offspeed_Middle,0.125
19,0.01,17,range_scaled,Pitcher,10,Offspeed_Top,0.125
19,0.01,17,range_scaled,Pitcher,10,Offspeed_Chase,0.125
19,0.01,17,range_scaled,Pitcher,11,Fastball_Bottom,0.125
19,0.01,17,range_scaled,Pitcher,11,Fastball_Middle,0.125
19,0.01,17,range_scaled,Pitcher,11,Fastball_Top,0.125
19,0.01,17,range_scaled,Pitcher,11,Fastball_Chase,0.125
19,0.01,17,range_scaled,Pitcher,11,Offspeed_Bottom,0.125
19,0.01,17,range_scaled,Pitcher,11,Offspeed_Middle,0.125
19,0.01,17,range_scaled,Pitcher,11,Offspeed_Top,0.125
19,0.01,17,range_scaled,Pitcher,11,Offspeed_Chase,0.125
19,0.01,17,range_scaled,Pitcher,12,Fastball_Bottom,0.125
19,0.01,17,range_scaled,Pitcher,12,Fastball_Middle,0.125
19,0.01,17,range_scaled,Pitcher,12,Fastball_Top,0.125
19,0.01,17,range_scaled,Pitcher,12,Fastball_Chase,0.125
19,0.01,17,range_scaled,Pitcher,12,Offspeed_Bottom,0.125
19,0.01,17,range_scaled,Pitcher,12,Offspeed_Middle,0.125
19,0.01,17,range_scaled,Pitcher,12,Offspeed_Top,0.125
19,0.01,17,range_scaled,Pitcher,12,Offspeed_Chase,0.125
19,0.01,17,range_scaled,Pitcher,13,Fastball_Bottom,0.125
19,0.01,17,range_scaled,Pitcher,13,Fastball_Middle,0.125
19,0.01,17,range_scaled,Pitcher,13,Fastball_Top,0.125
19,0.01,17,range_scaled,Pitcher,13,Fastball_Chase,0.125
19,0.01,17,range_scaled,Pitcher,13,Offspeed_Bottom,0.125
19,0.01,17,range_scaled,Pitcher,13,Offspeed_Middle,0.125
19,0.01,17,range_scaled,Pitcher,13,Offspeed_Top,0.125
19,0.01,17,range_scaled,Pitcher,13,Offspeed_Chase,0.125
19,0.01,17,range_scaled,Pitcher,14,Fastball_Bottom,1.0
19,0.01,17,range_scaled,Pitcher,14,Fastball_Middle,0.0
19,0.01,17,range_scaled,Pitcher,14,Fastball_Top,0.0
19,0.01,17,range_scaled,Pitcher,14,Fastball_Chase,0.0
19,0.01,17,range_scaled,Pitcher,14,Offspeed_Bottom,0.0
19,0.01,17,range_scaled,Pitcher,14,Offspeed_Middle,0.0
19,0.01,17,range_scaled,Pitcher,14,Offspeed_Top,0.0
19,0.01,17,range_scaled,Pitcher,14,Offspeed_Chase,0.0
19,0.01,17,range_scaled,Pitcher,15,Fastball_Bottom,0.0
19,0.01,17,range_scaled,Pitcher,15,Fastball_Middle,0.0
19,0.01,17,range_scaled,Pitcher,15,Fastball_Top,0.0
19,0.01,17,range_scaled,Pitcher,15,Fastball_Chase,0.0
19,0.01,17,range_scaled,Pitcher,15,Offspeed_Bottom,0.0
19,0.01,17,range_scaled,Pitcher,15,Offspeed_Middle,0.0
19,0.01,17,range_scaled,Pitcher,15,Offspeed_Top,0.9783724968394881
19,0.01,17,range_scaled,Pitcher,15,Offspeed_Chase,0.021627503160511628
19,0.01,17,range_scaled,Pitcher,16,Fastball_Bottom,1.0
19,0.01,17,range_scaled,Pitcher,16,Fastball_Middle,0.0
19,0.01,17,range_scaled,Pitcher,16,Fastball_Top,0.0
19,0.01,17,range_scaled,Pitcher,16,Fastball_Chase,0.0
19,0.01,17,range_scaled,Pitcher,16,Offspeed_Bottom,0.0
19,0.01,17,range_scaled,Pitcher,16,Offspeed_Middle,0.0
19,0.01,17,range_scaled,Pitcher,16,Offspeed_Top,0.0
19,0.01,17,range_scaled,Pitcher,16,Offspeed_Chase,0.0
19,0.01,17,range_scaled,Pitcher,17,Fastball_Bottom,0.0
19,0.01,17,range_scaled,Pitcher,17,Fastball_Middle,0.0
19,0.01,17,range_scaled,Pitcher,17,Fastball_Top,0.8293146706340143
19,0.01,17,range_scaled,Pitcher,17,Fastball_Chase,0.0
19,0.01,17,range_scaled,Pitcher,17,Offspeed_Bottom,0.0
19,0.01,17,range_scaled,Pitcher,17,Offspeed_Middle,0.0
19,0.01,17,range_scaled,Pitcher,17,Offspeed_Top,0.0
19,0.01,17,range_scaled,Pitcher,17,Offspeed_Chase,0.17068532936598563
20,0.01,18,range_scaled,Batter,1,Swing,0.5714445284973299
20,0.01,18,range_scaled,Batter,1,Take,0.42855547150267015
20,0.01,18,range_scaled,Batter,2,Swing,1.0
20,0.01,18,range_scaled,Batter,2,Take,0.0
20,0.01,18,range_scaled,Batter,3,Swing,0.0
20,0.01,18,range_scaled,Batter,3,Take,1.0
20,0.01,18,range_scaled,Batter,4,Swing,1.0
20,0.01,18,range_scaled,Batter,4,Take,0.0
20,0.01,18,range_scaled,Batter,5,Swing,0.0
20,0.01,18,range_scaled,Batter,5,Take,1.0
20,0.01,18,range_scaled,Batter,6,Swing,1.0
20,0.01,18,range_scaled,Batter,6,Take,0.0
20,0.01,18,range_scaled,Batter,7,Swing,0.0
20,0.01,18,range_scaled,Batter,7,Take,1.0
20,0.01,18,range_scaled,Batter,8,Swing,1.0
20,0.01,18,range_scaled,Batter,8,Take,0.0
20,0.01,18,range_scaled,Batter,9,Swing,0.3305537105275701
20,0.01,18,range_scaled,Batter,9,Take,0.6694462894724299
20,0.01,18,range_scaled,Batter,10,Swing,1.0
20,0.01,18,range_scaled,Batter,10,Take,0.0
20,0.01,18,range_scaled,Batter,11,Swing,0.11063220778993783
20,0.01,18,range_scaled,Batter,11,Take,0.8893677922100621
20,0.01,18,range_scaled,Batter,12,Swing,1.0
20,0.01,18,range_scaled,Batter,12,Take,0.0
20,0.01,18,range_scaled,Batter,13,Swing,0.0
20,0.01,18,range_scaled,Batter,13,Take,1.0
20,0.01,18,range_scaled,Batter,14,Swing,1.0
20,0.01,18,range_scaled,Batter,14,Take,0.0
20,0.01,18,range_scaled,Batter,15,Swing,0.809108814333557
20,0.01,18,range_scaled,Batter,15,Take,0.19089118566644314
20,0.01,18,range_scaled,Batter,16,Swing,1.0
20,0.01,18,range_scaled,Batter,16,Take,0.0
20,0.01,18,range_scaled,Batter,17,Swing,0.8616895727350182
20,0.01,18,range_scaled,Batter,17,Take,0.13831042726498177
20,0.01,18,range_scaled,Pitcher,1,Fastball_Bottom,0.0
20,0.01,18,range_scaled,Pitcher,1,Fastball_Middle,0.0
20,0.01,18,range_scaled,Pitcher,1,Fastball_Top,0.0
20,0.01,18,range_scaled,Pitcher,1,Fastball_Chase,0.0
20,0.01,18,range_scaled,Pitcher,1,Offspeed_Bottom,0.0
20,0.01,18,range_scaled,Pitcher,1,Offspeed_Middle,0.0
20,0.01,18,range_scaled,Pitcher,1,Offspeed_Top,0.3423199290180755
20,0.01,18,range_scaled,Pitcher,1,Offspeed_Chase,0.6576800709819245
20,0.01,18,range_scaled,Pitcher,2,Fastball_Bottom,0.125
20,0.01,18,range_scaled,Pitcher,2,Fastball_Middle,0.125
20,0.01,18,range_scaled,Pitcher,2,Fastball_Top,0.125
20,0.01,18,range_scaled,Pitcher,2,Fastball_Chase,0.125
20,0.01,18,range_scaled,Pitcher,2,Offspeed_Bottom,0.125
20,0.01,18,range_scaled,Pitcher,2,Offspeed_Middle,0.125
20,0.01,18,range_scaled,Pitcher,2,Offspeed_Top,0.125
20,0.01,18,range_scaled,Pitcher,2,Offspeed_Chase,0.125
20,0.01,18,range_scaled,Pitcher,3,Fastball_Bottom,0.125
20,0.01,18,range_scaled,Pitcher,3,Fastball_Middle,0.125
20,0.01,18,range_scaled,Pitcher,3,Fastball_Top,0.125
20,0.01,18,range_scaled,Pitcher,3,Fastball_Chase,0.125
20,0.01,18,range_scaled,Pitcher,3,Offspeed_Bottom,0.125
20,0.01,18,range_scaled,Pitcher,3,Offspeed_Middle,0.125
20,0.01,18,range_scaled,Pitcher,3,Offspeed_Top,0.125
20,0.01,18,range_scaled,Pitcher,3,Offspeed_Chase,0.125
20,0.01,18,range_scaled,Pitcher,4,Fastball_Bottom,0.125
20,0.01,18,range_scaled,Pitcher,4,Fastball_Middle,0.125
20,0.01,18,range_scaled,Pitcher,4,Fastball_Top,0.125
20,0.01,18,range_scaled,Pitcher,4,Fastball_Chase,0.125
20,0.01,18,range_scaled,Pitcher,4,Offspeed_Bottom,0.125
20,0.01,18,range_scaled,Pitcher,4,Offspeed_Middle,0.125
20,0.01,18,range_scaled,Pitcher,4,Offspeed_Top,0.125
20,0.01,18,range_scaled,Pitcher,4,Offspeed_Chase,0.125
20,0.01,18,range_scaled,Pitcher,5,Fastball_Bottom,0.125
20,0.01,18,range_scaled,Pitcher,5,Fastball_Middle,0.125
20,0.01,18,range_scaled,Pitcher,5,Fastball_Top,0.125
20,0.01,18,range_scaled,Pitcher,5,Fastball_Chase,0.125
20,0.01,18,range_scaled,Pitcher,5,Offspeed_Bottom,0.125
20,0.01,18,range_scaled,Pitcher,5,Offspeed_Middle,0.125
20,0.01,18,range_scaled,Pitcher,5,Offspeed_Top,0.125
20,0.01,18,range_scaled,Pitcher,5,Offspeed_Chase,0.125
20,0.01,18,range_scaled,Pitcher,6,Fastball_Bottom,0.125
20,0.01,18,range_scaled,Pitcher,6,Fastball_Middle,0.125
20,0.01,18,range_scaled,Pitcher,6,Fastball_Top,0.125
20,0.01,18,range_scaled,Pitcher,6,Fastball_Chase,0.125
20,0.01,18,range_scaled,Pitcher,6,Offspeed_Bottom,0.125
20,0.01,18,range_scaled,Pitcher,6,Offspeed_Middle,0.125
20,0.01,18,range_scaled,Pitcher,6,Offspeed_Top,0.125
20,0.01,18,range_scaled,Pitcher,6,Offspeed_Chase,0.125
20,0.01,18,range_scaled,Pitcher,7,Fastball_Bottom,0.125
20,0.01,18,range_scaled,Pitcher,7,Fastball_Middle,0.125
20,0.01,18,range_scaled,Pitcher,7,Fastball_Top,0.125
20,0.01,18,range_scaled,Pitcher,7,Fastball_Chase,0.125
20,0.01,18,range_scaled,Pitcher,7,Offspeed_Bottom,0.125
20,0.01,18,range_scaled,Pitcher,7,Offspeed_Middle,0.125
20,0.01,18,range_scaled,Pitcher,7,Offspeed_Top,0.125
20,0.01,18,range_scaled,Pitcher,7,Offspeed_Chase,0.125
20,0.01,18,range_scaled,Pitcher,8,Fastball_Bottom,0.125
20,0.01,18,range_scaled,Pitcher,8,Fastball_Middle,0.125
20,0.01,18,range_scaled,Pitcher,8,Fastball_Top,0.125
20,0.01,18,range_scaled,Pitcher,8,Fastball_Chase,0.125
20,0.01,18,range_scaled,Pitcher,8,Offspeed_Bottom,0.125
20,0.01,18,range_scaled,Pitcher,8,Offspeed_Middle,0.125
20,0.01,18,range_scaled,Pitcher,8,Offspeed_Top,0.125
20,0.01,18,range_scaled,Pitcher,8,Offspeed_Chase,0.125
20,0.01,18,range_scaled,Pitcher,9,Fastball_Bottom,0.125
20,0.01,18,range_scaled,Pitcher,9,Fastball_Middle,0.125
20,0.01,18,range_scaled,Pitcher,9,Fastball_Top,0.125
20,0.01,18,range_scaled,Pitcher,9,Fastball_Chase,0.125
20,0.01,18,range_scaled,Pitcher,9,Offspeed_Bottom,0.125
20,0.01,18,range_scaled,Pitcher,9,Offspeed_Middle,0.125
20,0.01,18,range_scaled,Pitcher,9,Offspeed_Top,0.125
20,0.01,18,range_scaled,Pitcher,9,Offspeed_Chase,0.125
20,0.01,18,range_scaled,Pitcher,10,Fastball_Bottom,0.125
20,0.01,18,range_scaled,Pitcher,10,Fastball_Middle,0.125
20,0.01,18,range_scaled,Pitcher,10,Fastball_Top,0.125
20,0.01,18,range_scaled,Pitcher,10,Fastball_Chase,0.125
20,0.01,18,range_scaled,Pitcher,10,Offspeed_Bottom,0.125
20,0.01,18,range_scaled,Pitcher,10,Offspeed_Middle,0.125
20,0.01,18,range_scaled,Pitcher,10,Offspeed_Top,0.125
20,0.01,18,range_scaled,Pitcher,10,Offspeed_Chase,0.125
20,0.01,18,range_scaled,Pitcher,11,Fastball_Bottom,0.125
20,0.01,18,range_scaled,Pitcher,11,Fastball_Middle,0.125
20,0.01,18,range_scaled,Pitcher,11,Fastball_Top,0.125
20,0.01,18,range_scaled,Pitcher,11,Fastball_Chase,0.125
20,0.01,18,range_scaled,Pitcher,11,Offspeed_Bottom,0.125
20,0.01,18,range_scaled,Pitcher,11,Offspeed_Middle,0.125
20,0.01,18,range_scaled,Pitcher,11,Offspeed_Top,0.125
20,0.01,18,range_scaled,Pitcher,11,Offspeed_Chase,0.125
20,0.01,18,range_scaled,Pitcher,12,Fastball_Bottom,0.125
20,0.01,18,range_scaled,Pitcher,12,Fastball_Middle,0.125
20,0.01,18,range_scaled,Pitcher,12,Fastball_Top,0.125
20,0.01,18,range_scaled,Pitcher,12,Fastball_Chase,0.125
20,0.01,18,range_scaled,Pitcher,12,Offspeed_Bottom,0.125
20,0.01,18,range_scaled,Pitcher,12,Offspeed_Middle,0.125
20,0.01,18,range_scaled,Pitcher,12,Offspeed_Top,0.125
20,0.01,18,range_scaled,Pitcher,12,Offspeed_Chase,0.125
20,0.01,18,range_scaled,Pitcher,13,Fastball_Bottom,0.125
20,0.01,18,range_scaled,Pitcher,13,Fastball_Middle,0.125
20,0.01,18,range_scaled,Pitcher,13,Fastball_Top,0.125
20,0.01,18,range_scaled,Pitcher,13,Fastball_Chase,0.125
20,0.01,18,range_scaled,Pitcher,13,Offspeed_Bottom,0.125
20,0.01,18,range_scaled,Pitcher,13,Offspeed_Middle,0.125
20,0.01,18,range_scaled,Pitcher,13,Offspeed_Top,0.125
20,0.01,18,range_scaled,Pitcher,13,Offspeed_Chase,0.125
20,0.01,18,range_scaled,Pitcher,14,Fastball_Bottom,1.0
20,0.01,18,range_scaled,Pitcher,14,Fastball_Middle,0.0
20,0.01,18,range_scaled,Pitcher,14,Fastball_Top,0.0
20,0.01,18,range_scaled,Pitcher,14,Fastball_Chase,0.0
20,0.01,18,range_scaled,Pitcher,14,Offspeed_Bottom,0.0
20,0.01,18,range_scaled,Pitcher,14,Offspeed_Middle,0.0
20,0.01,18,range_scaled,Pitcher,14,Offspeed_Top,0.0
20,0.01,18,range_scaled,Pitcher,14,Offspeed_Chase,0.0
20,0.01,18,range_scaled,Pitcher,15,Fastball_Bottom,0.0
20,0.01,18,range_scaled,Pitcher,15,Fastball_Middle,0.0
20,0.01,18,range_scaled,Pitcher,15,Fastball_Top,0.0
20,0.01,18,range_scaled,Pitcher,15,Fastball_Chase,0.0
20,0.01,18,range_scaled,Pitcher,15,Offspeed_Bottom,0.0
20,0.01,18,range_scaled,Pitcher,15,Offspeed_Middle,0.0
20,0.01,18,range_scaled,Pitcher,15,Offspeed_Top,0.8596666979459974
20,0.01,18,range_scaled,Pitcher,15,Offspeed_Chase,0.14033330205400255
20,0.01,18,range_scaled,Pitcher,16,Fastball_Bottom,1.0
20,0.01,18,range_scaled,Pitcher,16,Fastball_Middle,0.0
20,0.01,18,range_scaled,Pitcher,16,Fastball_Top,0.0
20,0.01,18,range_scaled,Pitcher,16,Fastball_Chase,0.0
20,0.01,18,range_scaled,Pitcher,16,Offspeed_Bottom,0.0
20,0.01,18,range_scaled,Pitcher,16,Offspeed_Middle,0.0
20,0.01,18,range_scaled,Pitcher,16,Offspeed_Top,0.0
20,0.01,18,range_scaled,Pitcher,16,Offspeed_Chase,0.0
20,0.01,18,range_scaled,Pitcher,17,Fastball_Bottom,0.0
20,0.01,18,range_scaled,Pitcher,17,Fastball_Middle,0.0
20,0.01,18,range_scaled,Pitcher,17,Fastball_Top,0.7932219008569841
20,0.01,18,range_scaled,Pitcher,17,Fastball_Chase,0.0
20,0.01,18,range_scaled,Pitcher,17,Offspeed_Bottom,0.0
20,0.01,18,range_scaled,Pitcher,17,Offspeed_Middle,0.0
20,0.01,18,range_scaled,Pitcher,17,Offspeed_Top,0.0
20,0.01,18,range_scaled,Pitcher,17,Offspeed_Chase,0.20677809914301593
21,0.01,19,range_scaled,Batter,1,Swing,0.5850462845532011
21,0.01,19,range_scaled,Batter,1,Take,0.41495371544679893
21,0.01,19,range_scaled,Batter,2,Swing,1.0
21,0.01,19,range_scaled,Batter,2,Take,0.0
21,0.01,19,range_scaled,Batter,3,Swing,0.0
21,0.01,19,range_scaled,Batter,3,Take,1.0
21,0.01,19,range_scaled,Batter,4,Swing,1.0
21,0.01,19,range_scaled,Batter,4,Take,0.0
21,0.01,19,range_scaled,Batter,5,Swing,0.0
21,0.01,19,range_scaled,Batter,5,Take,1.0
21,0.01,19,range_scaled,Batter,6,Swing,1.0
21,0.01,19,range_scaled,Batter,6,Take,0.0
21,0.01,19,range_scaled,Batter,7,Swing,0.0
21,0.01,19,range_scaled,Batter,7,Take,1.0
21,0.01,19,range_scaled,Batter,8,Swing,1.0
21,0.01,19,range_scaled,Batter,8,Take,0.0
21,0.01,19,range_scaled,Batter,9,Swing,0.25552578930541925
21,0.01,19,range_scaled,Batter,9,Take,0.7444742106945808
21,0.01,19,range_scaled,Batter,10,Swing,1.0
21,0.01,19,range_scaled,Batter,10,Take,0.0
21,0.01,19,range_scaled,Batter,11,Swing,0.0
21,0.01,19,range_scaled,Batter,11,Take,1.0
21,0.01,19,range_scaled,Batter,12,Swing,1.0
21,0.01,19,range_scaled,Batter,12,Take,0.0
21,0.01,19,range_scaled,Batter,13,Swing,0.0
21,0.01,19,range_scaled,Batter,13,Take,1.0
21,0.01,19,range_scaled,Batter,14,Swing,1.0
21,0.01,19,range_scaled,Batter,14,Take,0.0
21,0.01,19,range_scaled,Batter,15,Swing,0.75459858780281
21,0.01,19,range_scaled,Batter,15,Take,0.24540141219719
21,0.01,19,range_scaled,Batter,16,Swing,1.0
21,0.01,19,range_scaled,Batter,16,Take,0.0
21,0.01,19,range_scaled,Batter,17,Swing,0.7848690274190755
21,0.01,19,range_scaled,Batter,17,Take,0.21513097258092453
21,0.01,19,range_scaled,Pitcher,1,Fastball_Bottom,0.0
21,0.01,19,range_scaled,Pitcher,1,Fastball_Middle,0.0
21,0.01,19,range_scaled,Pitcher,1,Fastball_Top,0.0
21,0.01,19,range_scaled,Pitcher,1,Fastball_Chase,0.0
21,0.01,19,range_scaled,Pitcher,1,Offspeed_Bottom,0.0
21,0.01,19,range_scaled,Pitcher,1,Offspeed_Middle,0.0
21,0.01,19,range_scaled,Pitcher,1,Offspeed_Top,0.37623495957521125
21,0.01,19,range_scaled,Pitcher,1,Offspeed_Chase,0.6237650404247888
21,0.01,19,range_scaled,Pitcher,2,Fastball_Bottom,0.125
21,0.01,19,range_scaled,Pitcher,2,Fastball_Middle,0.125
21,0.01,19,range_scaled,Pitcher,2,Fastball_Top,0.125
21,0.01,19,range_scaled,Pitcher,2,Fastball_Chase,0.125
21,0.01,19,range_scaled,Pitcher,2,Offspeed_Bottom,0.125
21,0.01,19,range_scaled,Pitcher,2,Offspeed_Middle,0.125
21,0.01,19,range_scaled,Pitcher,2,Offspeed_Top,0.125
21,0.01,19,range_scaled,Pitcher,2,Offspeed_Chase,0.125
21,0.01,19,range_scaled,Pitcher,3,Fastball_Bottom,0.125
21,0.01,19,range_scaled,Pitcher,3,Fastball_Middle,0.125
21,0.01,19,range_scaled,Pitcher,3,Fastball_Top,0.125
21,0.01,19,range_scaled,Pitcher,3,Fastball_Chase,0.125
21,0.01,19,range_scaled,Pitcher,3,Offspeed_Bottom,0.125
21,0.01,19,range_scaled,Pitcher,3,Offspeed_Middle,0.125
21,0.01,19,range_scaled,Pitcher,3,Offspeed_Top,0.125
21,0.01,19,range_scaled,Pitcher,3,Offspeed_Chase,0.125
21,0.01,19,range_scaled,Pitcher,4,Fastball_Bottom,0.125
21,0.01,19,range_scaled,Pitcher,4,Fastball_Middle,0.125
21,0.01,19,range_scaled,Pitcher,4,Fastball_Top,0.125
21,0.01,19,range_scaled,Pitcher,4,Fastball_Chase,0.125
21,0.01,19,range_scaled,Pitcher,4,Offspeed_Bottom,0.125
21,0.01,19,range_scaled,Pitcher,4,Offspeed_Middle,0.125
21,0.01,19,range_scaled,Pitcher,4,Offspeed_Top,0.125
21,0.01,19,range_scaled,Pitcher,4,Offspeed_Chase,0.125
21,0.01,19,range_scaled,Pitcher,5,Fastball_Bottom,0.125
21,0.01,19,range_scaled,Pitcher,5,Fastball_Middle,0.125
21,0.01,19,range_scaled,Pitcher,5,Fastball_Top,0.125
21,0.01,19,range_scaled,Pitcher,5,Fastball_Chase,0.125
21,0.01,19,range_scaled,Pitcher,5,Offspeed_Bottom,0.125
21,0.01,19,range_scaled,Pitcher,5,Offspeed_Middle,0.125
21,0.01,19,range_scaled,Pitcher,5,Offspeed_Top,0.125
21,0.01,19,range_scaled,Pitcher,5,Offspeed_Chase,0.125
21,0.01,19,range_scaled,Pitcher,6,Fastball_Bottom,0.125
21,0.01,19,range_scaled,Pitcher,6,Fastball_Middle,0.125
21,0.01,19,range_scaled,Pitcher,6,Fastball_Top,0.125
21,0.01,19,range_scaled,Pitcher,6,Fastball_Chase,0.125
21,0.01,19,range_scaled,Pitcher,6,Offspeed_Bottom,0.125
21,0.01,19,range_scaled,Pitcher,6,Offspeed_Middle,0.125
21,0.01,19,range_scaled,Pitcher,6,Offspeed_Top,0.125
21,0.01,19,range_scaled,Pitcher,6,Offspeed_Chase,0.125
21,0.01,19,range_scaled,Pitcher,7,Fastball_Bottom,0.125
21,0.01,19,range_scaled,Pitcher,7,Fastball_Middle,0.125
21,0.01,19,range_scaled,Pitcher,7,Fastball_Top,0.125
21,0.01,19,range_scaled,Pitcher,7,Fastball_Chase,0.125
21,0.01,19,range_scaled,Pitcher,7,Offspeed_Bottom,0.125
21,0.01,19,range_scaled,Pitcher,7,Offspeed_Middle,0.125
21,0.01,19,range_scaled,Pitcher,7,Offspeed_Top,0.125
21,0.01,19,range_scaled,Pitcher,7,Offspeed_Chase,0.125
21,0.01,19,range_scaled,Pitcher,8,Fastball_Bottom,0.125
21,0.01,19,range_scaled,Pitcher,8,Fastball_Middle,0.125
21,0.01,19,range_scaled,Pitcher,8,Fastball_Top,0.125
21,0.01,19,range_scaled,Pitcher,8,Fastball_Chase,0.125
21,0.01,19,range_scaled,Pitcher,8,Offspeed_Bottom,0.125
21,0.01,19,range_scaled,Pitcher,8,Offspeed_Middle,0.125
21,0.01,19,range_scaled,Pitcher,8,Offspeed_Top,0.125
21,0.01,19,range_scaled,Pitcher,8,Offspeed_Chase,0.125
21,0.01,19,range_scaled,Pitcher,9,Fastball_Bottom,0.125
21,0.01,19,range_scaled,Pitcher,9,Fastball_Middle,0.125
21,0.01,19,range_scaled,Pitcher,9,Fastball_Top,0.125
21,0.01,19,range_scaled,Pitcher,9,Fastball_Chase,0.125
21,0.01,19,range_scaled,Pitcher,9,Offspeed_Bottom,0.125
21,0.01,19,range_scaled,Pitcher,9,Offspeed_Middle,0.125
21,0.01,19,range_scaled,Pitcher,9,Offspeed_Top,0.125
21,0.01,19,range_scaled,Pitcher,9,Offspeed_Chase,0.125
21,0.01,19,range_scaled,Pitcher,10,Fastball_Bottom,0.125
21,0.01,19,range_scaled,Pitcher,10,Fastball_Middle,0.125
21,0.01,19,range_scaled,Pitcher,10,Fastball_Top,0.125
21,0.01,19,range_scaled,Pitcher,10,Fastball_Chase,0.125
21,0.01,19,range_scaled,Pitcher,10,Offspeed_Bottom,0.125
21,0.01,19,range_scaled,Pitcher,10,Offspeed_Middle,0.125
21,0.01,19,range_scaled,Pitcher,10,Offspeed_Top,0.125
21,0.01,19,range_scaled,Pitcher,10,Offspeed_Chase,0.125
21,0.01,19,range_scaled,Pitcher,11,Fastball_Bottom,0.125
21,0.01,19,range_scaled,Pitcher,11,Fastball_Middle,0.125
21,0.01,19,range_scaled,Pitcher,11,Fastball_Top,0.125
21,0.01,19,range_scaled,Pitcher,11,Fastball_Chase,0.125
21,0.01,19,range_scaled,Pitcher,11,Offspeed_Bottom,0.125
21,0.01,19,range_scaled,Pitcher,11,Offspeed_Middle,0.125
21,0.01,19,range_scaled,Pitcher,11,Offspeed_Top,0.125
21,0.01,19,range_scaled,Pitcher,11,Offspeed_Chase,0.125
21,0.01,19,range_scaled,Pitcher,12,Fastball_Bottom,0.125
21,0.01,19,range_scaled,Pitcher,12,Fastball_Middle,0.125
21,0.01,19,range_scaled,Pitcher,12,Fastball_Top,0.125
21,0.01,19,range_scaled,Pitcher,12,Fastball_Chase,0.125
21,0.01,19,range_scaled,Pitcher,12,Offspeed_Bottom,0.125
21,0.01,19,range_scaled,Pitcher,12,Offspeed_Middle,0.125
21,0.01,19,range_scaled,Pitcher,12,Offspeed_Top,0.125
21,0.01,19,range_scaled,Pitcher,12,Offspeed_Chase,0.125
21,0.01,19,range_scaled,Pitcher,13,Fastball_Bottom,0.125
21,0.01,19,range_scaled,Pitcher,13,Fastball_Middle,0.125
21,0.01,19,range_scaled,Pitcher,13,Fastball_Top,0.125
21,0.01,19,range_scaled,Pitcher,13,Fastball_Chase,0.125
21,0.01,19,range_scaled,Pitcher,13,Offspeed_Bottom,0.125
21,0.01,19,range_scaled,Pitcher,13,Offspeed_Middle,0.125
21,0.01,19,range_scaled,Pitcher,13,Offspeed_Top,0.125
21,0.01,19,range_scaled,Pitcher,13,Offspeed_Chase,0.125
21,0.01,19,range_scaled,Pitcher,14,Fastball_Bottom,1.0
21,0.01,19,range_scaled,Pitcher,14,Fastball_Middle,0.0
21,0.01,19,range_scaled,Pitcher,14,Fastball_Top,0.0
21,0.01,19,range_scaled,Pitcher,14,Fastball_Chase,0.0
21,0.01,19,range_scaled,Pitcher,14,Offspeed_Bottom,0.0
21,0.01,19,range_scaled,Pitcher,14,Offspeed_Middle,0.0
21,0.01,19,range_scaled,Pitcher,14,Offspeed_Top,0.0
21,0.01,19,range_scaled,Pitcher,14,Offspeed_Chase,0.0
21,0.01,19,range_scaled,Pitcher,15,Fastball_Bottom,0.0
21,0.01,19,range_scaled,Pitcher,15,Fastball_Middle,0.0
21,0.01,19,range_scaled,Pitcher,15,Fastball_Top,0.9145692731767032
21,0.01,19,range_scaled,Pitcher,15,Fastball_Chase,0.08543072682329714
21,0.01,19,range_scaled,Pitcher,15,Offspeed_Bottom,0.0
21,0.01,19,range_scaled,Pitcher,15,Offspeed_Middle,0.0
21,0.01,19,range_scaled,Pitcher,15,Offspeed_Top,0.0
21,0.01,19,range_scaled,Pitcher,15,Offspeed_Chase,0.0
21,0.01,19,range_scaled,Pitcher,16,Fastball_Bottom,1.0
21,0.01,19,range_scaled,Pitcher,16,Fastball_Middle,0.0
21,0.01,19,range_scaled,Pitcher,16,Fastball_Top,0.0
21,0.01,19,range_scaled,Pitcher,16,Fastball_Chase,0.0
21,0.01,19,range_scaled,Pitcher,16,Offspeed_Bottom,0.0
21,0.01,19,range_scaled,Pitcher,16,Offspeed_Middle,0.0
21,0.01,19,range_scaled,Pitcher,16,Offspeed_Top,0.0
21,0.01,19,range_scaled,Pitcher,16,Offspeed_Chase,0.0
21,0.01,19,range_scaled,Pitcher,17,Fastball_Bottom,0.0
21,0.01,19,range_scaled,Pitcher,17,Fastball_Middle,0.0
21,0.01,19,range_scaled,Pitcher,17,Fastball_Top,0.8443099253542892
21,0.01,19,range_scaled,Pitcher,17,Fastball_Chase,0.15569007464571072
21,0.01,19,range_scaled,Pitcher,17,Offspeed_Bottom,0.0
21,0.01,19,range_scaled,Pitcher,17,Offspeed_Middle,0.0
21,0.01,19,range_scaled,Pitcher,17,Offspeed_Top,0.0
21,0.01,19,range_scaled,Pitcher,17,Offspeed_Chase,0.0
22,0.05,0,range_scaled,Batter,1,Swing,0.5682521997133974
22,0.05,0,range_scaled,Batter,1,Take,0.4317478002866027
22,0.05,0,range_scaled,Batter,2,Swing,1.0
22,0.05,0,range_scaled,Batter,2,Take,0.0
22,0.05,0,range_scaled,Batter,3,Swing,0.6629414101478113
22,0.05,0,range_scaled,Batter,3,Take,0.33705858985218873
22,0.05,0,range_scaled,Batter,4,Swing,1.0
22,0.05,0,range_scaled,Batter,4,Take,0.0
22,0.05,0,range_scaled,Batter,5,Swing,0.0
22,0.05,0,range_scaled,Batter,5,Take,1.0
22,0.05,0,range_scaled,Batter,6,Swing,1.0
22,0.05,0,range_scaled,Batter,6,Take,0.0
22,0.05,0,range_scaled,Batter,7,Swing,0.37328107615515904
22,0.05,0,range_scaled,Batter,7,Take,0.626718923844841
22,0.05,0,range_scaled,Batter,8,Swing,1.0
22,0.05,0,range_scaled,Batter,8,Take,0.0
22,0.05,0,range_scaled,Batter,9,Swing,0.058584458397451564
22,0.05,0,range_scaled,Batter,9,Take,0.9414155416025485
22,0.05,0,range_scaled,Batter,10,Swing,1.0
22,0.05,0,range_scaled,Batter,10,Take,0.0
22,0.05,0,range_scaled,Batter,11,Swing,1.0
22,0.05,0,range_scaled,Batter,11,Take,0.0
22,0.05,0,range_scaled,Batter,12,Swing,1.0
22,0.05,0,range_scaled,Batter,12,Take,0.0
22,0.05,0,range_scaled,Batter,13,Swing,1.0
22,0.05,0,range_scaled,Batter,13,Take,0.0
22,0.05,0,range_scaled,Batter,14,Swing,1.0
22,0.05,0,range_scaled,Batter,14,Take,0.0
22,0.05,0,range_scaled,Batter,15,Swing,1.0
22,0.05,0,range_scaled,Batter,15,Take,0.0
22,0.05,0,range_scaled,Batter,16,Swing,1.0
22,0.05,0,range_scaled,Batter,16,Take,0.0
22,0.05,0,range_scaled,Batter,17,Swing,1.0
22,0.05,0,range_scaled,Batter,17,Take,0.0
22,0.05,0,range_scaled,Pitcher,1,Fastball_Bottom,0.36238548833792394
22,0.05,0,range_scaled,Pitcher,1,Fastball_Middle,0.0
22,0.05,0,range_scaled,Pitcher,1,Fastball_Top,0.6376145116620761
22,0.05,0,range_scaled,Pitcher,1,Fastball_Chase,0.0
22,0.05,0,range_scaled,Pitcher,1,Offspeed_Bottom,0.0
22,0.05,0,range_scaled,Pitcher,1,Offspeed_Middle,0.0
22,0.05,0,range_scaled,Pitcher,1,Offspeed_Top,0.0
22,0.05,0,range_scaled,Pitcher,1,Offspeed_Chase,0.0
22,0.05,0,range_scaled,Pitcher,2,Fastball_Bottom,1.0
22,0.05,0,range_scaled,Pitcher,2,Fastball_Middle,0.0
22,0.05,0,range_scaled,Pitcher,2,Fastball_Top,0.0
22,0.05,0,range_scaled,Pitcher,2,Fastball_Chase,0.0
22,0.05,0,range_scaled,Pitcher,2,Offspeed_Bottom,0.0
22,0.05,0,range_scaled,Pitcher,2,Offspeed_Middle,0.0
22,0.05,0,range_scaled,Pitcher,2,Offspeed_Top,0.0
22,0.05,0,range_scaled,Pitcher,2,Offspeed_Chase,0.0
22,0.05,0,range_scaled,Pitcher,3,Fastball_Bottom,0.0
22,0.05,0,range_scaled,Pitcher,3,Fastball_Middle,0.0
22,0.05,0,range_scaled,Pitcher,3,Fastball_Top,0.0
22,0.05,0,range_scaled,Pitcher,3,Fastball_Chase,0.0
22,0.05,0,range_scaled,Pitcher,3,Offspeed_Bottom,0.5983803869275756
22,0.05,0,range_scaled,Pitcher,3,Offspeed_Middle,0.0
22,0.05,0,range_scaled,Pitcher,3,Offspeed_Top,0.0
22,0.05,0,range_scaled,Pitcher,3,Offspeed_Chase,0.40161961307242444
22,0.05,0,range_scaled,Pitcher,4,Fastball_Bottom,0.125
22,0.05,0,range_scaled,Pitcher,4,Fastball_Middle,0.125
22,0.05,0,range_scaled,Pitcher,4,Fastball_Top,0.125
22,0.05,0,range_scaled,Pitcher,4,Fastball_Chase,0.125
22,0.05,0,range_scaled,Pitcher,4,Offspeed_Bottom,0.125
22,0.05,0,range_scaled,Pitcher,4,Offspeed_Middle,0.125
22,0.05,0,range_scaled,Pitcher,4,Offspeed_Top,0.125
22,0.05,0,range_scaled,Pitcher,4,Offspeed_Chase,0.125
22,0.05,0,range_scaled,Pitcher,5,Fastball_Bottom,0.125
22,0.05,0,range_scaled,Pitcher,5,Fastball_Middle,0.125
22,0.05,0,range_scaled,Pitcher,5,Fastball_Top,0.125
22,0.05,0,range_scaled,Pitcher,5,Fastball_Chase,0.125
22,0.05,0,range_scaled,Pitcher,5,Offspeed_Bottom,0.125
22,0.05,0,range_scaled,Pitcher,5,Offspeed_Middle,0.125
22,0.05,0,range_scaled,Pitcher,5,Offspeed_Top,0.125
22,0.05,0,range_scaled,Pitcher,5,Offspeed_Chase,0.125
22,0.05,0,range_scaled,Pitcher,6,Fastball_Bottom,1.0
22,0.05,0,range_scaled,Pitcher,6,Fastball_Middle,0.0
22,0.05,0,range_scaled,Pitcher,6,Fastball_Top,0.0
22,0.05,0,range_scaled,Pitcher,6,Fastball_Chase,0.0
22,0.05,0,range_scaled,Pitcher,6,Offspeed_Bottom,0.0
22,0.05,0,range_scaled,Pitcher,6,Offspeed_Middle,0.0
22,0.05,0,range_scaled,Pitcher,6,Offspeed_Top,0.0
22,0.05,0,range_scaled,Pitcher,6,Offspeed_Chase,0.0
22,0.05,0,range_scaled,Pitcher,7,Fastball_Bottom,0.0
22,0.05,0,range_scaled,Pitcher,7,Fastball_Middle,0.9659637092889977
22,0.05,0,range_scaled,Pitcher,7,Fastball_Top,0.0
22,0.05,0,range_scaled,Pitcher,7,Fastball_Chase,0.0
22,0.05,0,range_scaled,Pitcher,7,Offspeed_Bottom,0.03403629071100238
22,0.05,0,range_scaled,Pitcher,7,Offspeed_Middle,0.0
22,0.05,0,range_scaled,Pitcher,7,Offspeed_Top,0.0
22,0.05,0,range_scaled,Pitcher,7,Offspeed_Chase,0.0
22,0.05,0,range_scaled,Pitcher,8,Fastball_Bottom,0.125
22,0.05,0,range_scaled,Pitcher,8,Fastball_Middle,0.125
22,0.05,0,range_scaled,Pitcher,8,Fastball_Top,0.125
22,0.05,0,range_scaled,Pitcher,8,Fastball_Chase,0.125
22,0.05,0,range_scaled,Pitcher,8,Offspeed_Bottom,0.125
22,0.05,0,range_scaled,Pitcher,8,Offspeed_Middle,0.125
22,0.05,0,range_scaled,Pitcher,8,Offspeed_Top,0.125
22,0.05,0,range_scaled,Pitcher,8,Offspeed_Chase,0.125
22,0.05,0,range_scaled,Pitcher,9,Fastball_Bottom,0.125
22,0.05,0,range_scaled,Pitcher,9,Fastball_Middle,0.125
22,0.05,0,range_scaled,Pitcher,9,Fastball_Top,0.125
22,0.05,0,range_scaled,Pitcher,9,Fastball_Chase,0.125
22,0.05,0,range_scaled,Pitcher,9,Offspeed_Bottom,0.125
22,0.05,0,range_scaled,Pitcher,9,Offspeed_Middle,0.125
22,0.05,0,range_scaled,Pitcher,9,Offspeed_Top,0.125
22,0.05,0,range_scaled,Pitcher,9,Offspeed_Chase,0.125
22,0.05,0,range_scaled,Pitcher,10,Fastball_Bottom,0.125
22,0.05,0,range_scaled,Pitcher,10,Fastball_Middle,0.125
22,0.05,0,range_scaled,Pitcher,10,Fastball_Top,0.125
22,0.05,0,range_scaled,Pitcher,10,Fastball_Chase,0.125
22,0.05,0,range_scaled,Pitcher,10,Offspeed_Bottom,0.125
22,0.05,0,range_scaled,Pitcher,10,Offspeed_Middle,0.125
22,0.05,0,range_scaled,Pitcher,10,Offspeed_Top,0.125
22,0.05,0,range_scaled,Pitcher,10,Offspeed_Chase,0.125
22,0.05,0,range_scaled,Pitcher,11,Fastball_Bottom,0.125
22,0.05,0,range_scaled,Pitcher,11,Fastball_Middle,0.125
22,0.05,0,range_scaled,Pitcher,11,Fastball_Top,0.125
22,0.05,0,range_scaled,Pitcher,11,Fastball_Chase,0.125
22,0.05,0,range_scaled,Pitcher,11,Offspeed_Bottom,0.125
22,0.05,0,range_scaled,Pitcher,11,Offspeed_Middle,0.125
22,0.05,0,range_scaled,Pitcher,11,Offspeed_Top,0.125
22,0.05,0,range_scaled,Pitcher,11,Offspeed_Chase,0.125
22,0.05,0,range_scaled,Pitcher,12,Fastball_Bottom,0.125
22,0.05,0,range_scaled,Pitcher,12,Fastball_Middle,0.125
22,0.05,0,range_scaled,Pitcher,12,Fastball_Top,0.125
22,0.05,0,range_scaled,Pitcher,12,Fastball_Chase,0.125
22,0.05,0,range_scaled,Pitcher,12,Offspeed_Bottom,0.125
22,0.05,0,range_scaled,Pitcher,12,Offspeed_Middle,0.125
22,0.05,0,range_scaled,Pitcher,12,Offspeed_Top,0.125
22,0.05,0,range_scaled,Pitcher,12,Offspeed_Chase,0.125
22,0.05,0,range_scaled,Pitcher,13,Fastball_Bottom,0.125
22,0.05,0,range_scaled,Pitcher,13,Fastball_Middle,0.125
22,0.05,0,range_scaled,Pitcher,13,Fastball_Top,0.125
22,0.05,0,range_scaled,Pitcher,13,Fastball_Chase,0.125
22,0.05,0,range_scaled,Pitcher,13,Offspeed_Bottom,0.125
22,0.05,0,range_scaled,Pitcher,13,Offspeed_Middle,0.125
22,0.05,0,range_scaled,Pitcher,13,Offspeed_Top,0.125
22,0.05,0,range_scaled,Pitcher,13,Offspeed_Chase,0.125
22,0.05,0,range_scaled,Pitcher,14,Fastball_Bottom,0.125
22,0.05,0,range_scaled,Pitcher,14,Fastball_Middle,0.125
22,0.05,0,range_scaled,Pitcher,14,Fastball_Top,0.125
22,0.05,0,range_scaled,Pitcher,14,Fastball_Chase,0.125
22,0.05,0,range_scaled,Pitcher,14,Offspeed_Bottom,0.125
22,0.05,0,range_scaled,Pitcher,14,Offspeed_Middle,0.125
22,0.05,0,range_scaled,Pitcher,14,Offspeed_Top,0.125
22,0.05,0,range_scaled,Pitcher,14,Offspeed_Chase,0.125
22,0.05,0,range_scaled,Pitcher,15,Fastball_Bottom,0.125
22,0.05,0,range_scaled,Pitcher,15,Fastball_Middle,0.125
22,0.05,0,range_scaled,Pitcher,15,Fastball_Top,0.125
22,0.05,0,range_scaled,Pitcher,15,Fastball_Chase,0.125
22,0.05,0,range_scaled,Pitcher,15,Offspeed_Bottom,0.125
22,0.05,0,range_scaled,Pitcher,15,Offspeed_Middle,0.125
22,0.05,0,range_scaled,Pitcher,15,Offspeed_Top,0.125
22,0.05,0,range_scaled,Pitcher,15,Offspeed_Chase,0.125
22,0.05,0,range_scaled,Pitcher,16,Fastball_Bottom,0.125
22,0.05,0,range_scaled,Pitcher,16,Fastball_Middle,0.125
22,0.05,0,range_scaled,Pitcher,16,Fastball_Top,0.125
22,0.05,0,range_scaled,Pitcher,16,Fastball_Chase,0.125
22,0.05,0,range_scaled,Pitcher,16,Offspeed_Bottom,0.125
22,0.05,0,range_scaled,Pitcher,16,Offspeed_Middle,0.125
22,0.05,0,range_scaled,Pitcher,16,Offspeed_Top,0.125
22,0.05,0,range_scaled,Pitcher,16,Offspeed_Chase,0.125
22,0.05,0,range_scaled,Pitcher,17,Fastball_Bottom,0.125
22,0.05,0,range_scaled,Pitcher,17,Fastball_Middle,0.125
22,0.05,0,range_scaled,Pitcher,17,Fastball_Top,0.125
22,0.05,0,range_scaled,Pitcher,17,Fastball_Chase,0.125
22,0.05,0,range_scaled,Pitcher,17,Offspeed_Bottom,0.125
22,0.05,0,range_scaled,Pitcher,17,Offspeed_Middle,0.125
22,0.05,0,range_scaled,Pitcher,17,Offspeed_Top,0.125
22,0.05,0,range_scaled,Pitcher,17,Offspeed_Chase,0.125
23,0.05,1,range_scaled,Batter,1,Swing,0.5853101332965364
23,0.05,1,range_scaled,Batter,1,Take,0.41468986670346364
23,0.05,1,range_scaled,Batter,2,Swing,1.0
23,0.05,1,range_scaled,Batter,2,Take,0.0
23,0.05,1,range_scaled,Batter,3,Swing,0.3347697144384983
23,0.05,1,range_scaled,Batter,3,Take,0.6652302855615018
23,0.05,1,range_scaled,Batter,4,Swing,1.0
23,0.05,1,range_scaled,Batter,4,Take,0.0
23,0.05,1,range_scaled,Batter,5,Swing,1.0
23,0.05,1,range_scaled,Batter,5,Take,0.0
23,0.05,1,range_scaled,Batter,6,Swing,1.0
23,0.05,1,range_scaled,Batter,6,Take,0.0
23,0.05,1,range_scaled,Batter,7,Swing,0.0
23,0.05,1,range_scaled,Batter,7,Take,1.0
23,0.05,1,range_scaled,Batter,8,Swing,1.0
23,0.05,1,range_scaled,Batter,8,Take,0.0
23,0.05,1,range_scaled,Batter,9,Swing,0.0
23,0.05,1,range_scaled,Batter,9,Take,1.0
23,0.05,1,range_scaled,Batter,10,Swing,1.0
23,0.05,1,range_scaled,Batter,10,Take,0.0
23,0.05,1,range_scaled,Batter,11,Swing,0.0
23,0.05,1,range_scaled,Batter,11,Take,1.0
23,0.05,1,range_scaled,Batter,12,Swing,1.0
23,0.05,1,range_scaled,Batter,12,Take,0.0
23,0.05,1,range_scaled,Batter,13,Swing,1.0
23,0.05,1,range_scaled,Batter,13,Take,0.0
23,0.05,1,range_scaled,Batter,14,Swing,1.0
23,0.05,1,range_scaled,Batter,14,Take,0.0
23,0.05,1,range_scaled,Batter,15,Swing,0.0
23,0.05,1,range_scaled,Batter,15,Take,1.0
23,0.05,1,range_scaled,Batter,16,Swing,1.0
23,0.05,1,range_scaled,Batter,16,Take,0.0
23,0.05,1,range_scaled,Batter,17,Swing,0.6596528388100091
23,0.05,1,range_scaled,Batter,17,Take,0.340347161189991
23,0.05,1,range_scaled,Pitcher,1,Fastball_Bottom,0.23374404426174789
23,0.05,1,range_scaled,Pitcher,1,Fastball_Middle,0.0
23,0.05,1,range_scaled,Pitcher,1,Fastball_Top,0.0
23,0.05,1,range_scaled,Pitcher,1,Fastball_Chase,0.0
23,0.05,1,range_scaled,Pitcher,1,Offspeed_Bottom,0.0
23,0.05,1,range_scaled,Pitcher,1,Offspeed_Middle,0.0
23,0.05,1,range_scaled,Pitcher,1,Offspeed_Top,0.0
23,0.05,1,range_scaled,Pitcher,1,Offspeed_Chase,0.7662559557382521
23,0.05,1,range_scaled,Pitcher,2,Fastball_Bottom,1.0
23,0.05,1,range_scaled,Pitcher,2,Fastball_Middle,0.0
23,0.05,1,range_scaled,Pitcher,2,Fastball_Top,0.0
23,0.05,1,range_scaled,Pitcher,2,Fastball_Chase,0.0
23,0.05,1,range_scaled,Pitcher,2,Offspeed_Bottom,0.0
23,0.05,1,range_scaled,Pitcher,2,Offspeed_Middle,0.0
23,0.05,1,range_scaled,Pitcher,2,Offspeed_Top,0.0
23,0.05,1,range_scaled,Pitcher,2,Offspeed_Chase,0.0
23,0.05,1,range_scaled,Pitcher,3,Fastball_Bottom,0.05272963669989259
23,0.05,1,range_scaled,Pitcher,3,Fastball_Middle,0.0
23,0.05,1,range_scaled,Pitcher,3,Fastball_Top,0.0
23,0.05,1,range_scaled,Pitcher,3,Fastball_Chase,0.0
23,0.05,1,range_scaled,Pitcher,3,Offspeed_Bottom,0.0
23,0.05,1,range_scaled,Pitcher,3,Offspeed_Middle,0.0
23,0.05,1,range_scaled,Pitcher,3,Offspeed_Top,0.9472703633001078
23,0.05,1,range_scaled,Pitcher,3,Offspeed_Chase,0.0
23,0.05,1,range_scaled,Pitcher,4,Fastball_Bottom,0.125
23,0.05,1,range_scaled,Pitcher,4,Fastball_Middle,0.125
23,0.05,1,range_scaled,Pitcher,4,Fastball_Top,0.125
23,0.05,1,range_scaled,Pitcher,4,Fastball_Chase,0.125
23,0.05,1,range_scaled,Pitcher,4,Offspeed_Bottom,0.125
23,0.05,1,range_scaled,Pitcher,4,Offspeed_Middle,0.125
23,0.05,1,range_scaled,Pitcher,4,Offspeed_Top,0.125
23,0.05,1,range_scaled,Pitcher,4,Offspeed_Chase,0.125
23,0.05,1,range_scaled,Pitcher,5,Fastball_Bottom,0.125
23,0.05,1,range_scaled,Pitcher,5,Fastball_Middle,0.125
23,0.05,1,range_scaled,Pitcher,5,Fastball_Top,0.125
23,0.05,1,range_scaled,Pitcher,5,Fastball_Chase,0.125
23,0.05,1,range_scaled,Pitcher,5,Offspeed_Bottom,0.125
23,0.05,1,range_scaled,Pitcher,5,Offspeed_Middle,0.125
23,0.05,1,range_scaled,Pitcher,5,Offspeed_Top,0.125
23,0.05,1,range_scaled,Pitcher,5,Offspeed_Chase,0.125
23,0.05,1,range_scaled,Pitcher,6,Fastball_Bottom,0.125
23,0.05,1,range_scaled,Pitcher,6,Fastball_Middle,0.125
23,0.05,1,range_scaled,Pitcher,6,Fastball_Top,0.125
23,0.05,1,range_scaled,Pitcher,6,Fastball_Chase,0.125
23,0.05,1,range_scaled,Pitcher,6,Offspeed_Bottom,0.125
23,0.05,1,range_scaled,Pitcher,6,Offspeed_Middle,0.125
23,0.05,1,range_scaled,Pitcher,6,Offspeed_Top,0.125
23,0.05,1,range_scaled,Pitcher,6,Offspeed_Chase,0.125
23,0.05,1,range_scaled,Pitcher,7,Fastball_Bottom,0.125
23,0.05,1,range_scaled,Pitcher,7,Fastball_Middle,0.125
23,0.05,1,range_scaled,Pitcher,7,Fastball_Top,0.125
23,0.05,1,range_scaled,Pitcher,7,Fastball_Chase,0.125
23,0.05,1,range_scaled,Pitcher,7,Offspeed_Bottom,0.125
23,0.05,1,range_scaled,Pitcher,7,Offspeed_Middle,0.125
23,0.05,1,range_scaled,Pitcher,7,Offspeed_Top,0.125
23,0.05,1,range_scaled,Pitcher,7,Offspeed_Chase,0.125
23,0.05,1,range_scaled,Pitcher,8,Fastball_Bottom,0.125
23,0.05,1,range_scaled,Pitcher,8,Fastball_Middle,0.125
23,0.05,1,range_scaled,Pitcher,8,Fastball_Top,0.125
23,0.05,1,range_scaled,Pitcher,8,Fastball_Chase,0.125
23,0.05,1,range_scaled,Pitcher,8,Offspeed_Bottom,0.125
23,0.05,1,range_scaled,Pitcher,8,Offspeed_Middle,0.125
23,0.05,1,range_scaled,Pitcher,8,Offspeed_Top,0.125
23,0.05,1,range_scaled,Pitcher,8,Offspeed_Chase,0.125
23,0.05,1,range_scaled,Pitcher,9,Fastball_Bottom,0.125
23,0.05,1,range_scaled,Pitcher,9,Fastball_Middle,0.125
23,0.05,1,range_scaled,Pitcher,9,Fastball_Top,0.125
23,0.05,1,range_scaled,Pitcher,9,Fastball_Chase,0.125
23,0.05,1,range_scaled,Pitcher,9,Offspeed_Bottom,0.125
23,0.05,1,range_scaled,Pitcher,9,Offspeed_Middle,0.125
23,0.05,1,range_scaled,Pitcher,9,Offspeed_Top,0.125
23,0.05,1,range_scaled,Pitcher,9,Offspeed_Chase,0.125
23,0.05,1,range_scaled,Pitcher,10,Fastball_Bottom,0.125
23,0.05,1,range_scaled,Pitcher,10,Fastball_Middle,0.125
23,0.05,1,range_scaled,Pitcher,10,Fastball_Top,0.125
23,0.05,1,range_scaled,Pitcher,10,Fastball_Chase,0.125
23,0.05,1,range_scaled,Pitcher,10,Offspeed_Bottom,0.125
23,0.05,1,range_scaled,Pitcher,10,Offspeed_Middle,0.125
23,0.05,1,range_scaled,Pitcher,10,Offspeed_Top,0.125
23,0.05,1,range_scaled,Pitcher,10,Offspeed_Chase,0.125
23,0.05,1,range_scaled,Pitcher,11,Fastball_Bottom,0.125
23,0.05,1,range_scaled,Pitcher,11,Fastball_Middle,0.125
23,0.05,1,range_scaled,Pitcher,11,Fastball_Top,0.125
23,0.05,1,range_scaled,Pitcher,11,Fastball_Chase,0.125
23,0.05,1,range_scaled,Pitcher,11,Offspeed_Bottom,0.125
23,0.05,1,range_scaled,Pitcher,11,Offspeed_Middle,0.125
23,0.05,1,range_scaled,Pitcher,11,Offspeed_Top,0.125
23,0.05,1,range_scaled,Pitcher,11,Offspeed_Chase,0.125
23,0.05,1,range_scaled,Pitcher,12,Fastball_Bottom,0.125
23,0.05,1,range_scaled,Pitcher,12,Fastball_Middle,0.125
23,0.05,1,range_scaled,Pitcher,12,Fastball_Top,0.125
23,0.05,1,range_scaled,Pitcher,12,Fastball_Chase,0.125
23,0.05,1,range_scaled,Pitcher,12,Offspeed_Bottom,0.125
23,0.05,1,range_scaled,Pitcher,12,Offspeed_Middle,0.125
23,0.05,1,range_scaled,Pitcher,12,Offspeed_Top,0.125
23,0.05,1,range_scaled,Pitcher,12,Offspeed_Chase,0.125
23,0.05,1,range_scaled,Pitcher,13,Fastball_Bottom,0.125
23,0.05,1,range_scaled,Pitcher,13,Fastball_Middle,0.125
23,0.05,1,range_scaled,Pitcher,13,Fastball_Top,0.125
23,0.05,1,range_scaled,Pitcher,13,Fastball_Chase,0.125
23,0.05,1,range_scaled,Pitcher,13,Offspeed_Bottom,0.125
23,0.05,1,range_scaled,Pitcher,13,Offspeed_Middle,0.125
23,0.05,1,range_scaled,Pitcher,13,Offspeed_Top,0.125
23,0.05,1,range_scaled,Pitcher,13,Offspeed_Chase,0.125
23,0.05,1,range_scaled,Pitcher,14,Fastball_Bottom,0.125
23,0.05,1,range_scaled,Pitcher,14,Fastball_Middle,0.125
23,0.05,1,range_scaled,Pitcher,14,Fastball_Top,0.125
23,0.05,1,range_scaled,Pitcher,14,Fastball_Chase,0.125
23,0.05,1,range_scaled,Pitcher,14,Offspeed_Bottom,0.125
23,0.05,1,range_scaled,Pitcher,14,Offspeed_Middle,0.125
23,0.05,1,range_scaled,Pitcher,14,Offspeed_Top,0.125
23,0.05,1,range_scaled,Pitcher,14,Offspeed_Chase,0.125
23,0.05,1,range_scaled,Pitcher,15,Fastball_Bottom,0.125
23,0.05,1,range_scaled,Pitcher,15,Fastball_Middle,0.125
23,0.05,1,range_scaled,Pitcher,15,Fastball_Top,0.125
23,0.05,1,range_scaled,Pitcher,15,Fastball_Chase,0.125
23,0.05,1,range_scaled,Pitcher,15,Offspeed_Bottom,0.125
23,0.05,1,range_scaled,Pitcher,15,Offspeed_Middle,0.125
23,0.05,1,range_scaled,Pitcher,15,Offspeed_Top,0.125
23,0.05,1,range_scaled,Pitcher,15,Offspeed_Chase,0.125
23,0.05,1,range_scaled,Pitcher,16,Fastball_Bottom,1.0
23,0.05,1,range_scaled,Pitcher,16,Fastball_Middle,0.0
23,0.05,1,range_scaled,Pitcher,16,Fastball_Top,0.0
23,0.05,1,range_scaled,Pitcher,16,Fastball_Chase,0.0
23,0.05,1,range_scaled,Pitcher,16,Offspeed_Bottom,0.0
23,0.05,1,range_scaled,Pitcher,16,Offspeed_Middle,0.0
23,0.05,1,range_scaled,Pitcher,16,Offspeed_Top,0.0
23,0.05,1,range_scaled,Pitcher,16,Offspeed_Chase,0.0
23,0.05,1,range_scaled,Pitcher,17,Fastball_Bottom,0.0
23,0.05,1,range_scaled,Pitcher,17,Fastball_Middle,0.0
23,0.05,1,range_scaled,Pitcher,17,Fastball_Top,0.6249719831884134
23,0.05,1,range_scaled,Pitcher,17,Fastball_Chase,0.0
23,0.05,1,range_scaled,Pitcher,17,Offspeed_Bottom,0.0
23,0.05,1,range_scaled,Pitcher,17,Offspeed_Middle,0.0
23,0.05,1,range_scaled,Pitcher,17,Offspeed_Top,0.0
23,0.05,1,range_scaled,Pitcher,17,Offspeed_Chase,0.3750280168115866
24,0.05,2,range_scaled,Batter,1,Swing,1.0
24,0.05,2,range_scaled,Batter,1,Take,-0.0
24,0.05,2,range_scaled,Batter,2,Swing,1.0
24,0.05,2,range_scaled,Batter,2,Take,0.0
24,0.05,2,range_scaled,Batter,3,Swing,0.5
24,0.05,2,range_scaled,Batter,3,Take,0.5
24,0.05,2,range_scaled,Batter,4,Swing,1.0
24,0.05,2,range_scaled,Batter,4,Take,0.0
24,0.05,2,range_scaled,Batter,5,Swing,0.5
24,0.05,2,range_scaled,Batter,5,Take,0.5
24,0.05,2,range_scaled,Batter,6,Swing,1.0
24,0.05,2,range_scaled,Batter,6,Take,0.0
24,0.05,2,range_scaled,Batter,7,Swing,0.5
24,0.05,2,range_scaled,Batter,7,Take,0.5
24,0.05,2,range_scaled,Batter,8,Swing,1.0
24,0.05,2,range_scaled,Batter,8,Take,0.0
24,0.05,2,range_scaled,Batter,9,Swing,0.5
24,0.05,2,range_scaled,Batter,9,Take,0.5
24,0.05,2,range_scaled,Batter,10,Swing,1.0
24,0.05,2,range_scaled,Batter,10,Take,0.0
24,0.05,2,range_scaled,Batter,11,Swing,0.5
24,0.05,2,range_scaled,Batter,11,Take,0.5
24,0.05,2,range_scaled,Batter,12,Swing,1.0
24,0.05,2,range_scaled,Batter,12,Take,0.0
24,0.05,2,range_scaled,Batter,13,Swing,0.5
24,0.05,2,range_scaled,Batter,13,Take,0.5
24,0.05,2,range_scaled,Batter,14,Swing,1.0
24,0.05,2,range_scaled,Batter,14,Take,0.0
24,0.05,2,range_scaled,Batter,15,Swing,0.5
24,0.05,2,range_scaled,Batter,15,Take,0.5
24,0.05,2,range_scaled,Batter,16,Swing,1.0
24,0.05,2,range_scaled,Batter,16,Take,0.0
24,0.05,2,range_scaled,Batter,17,Swing,0.5
24,0.05,2,range_scaled,Batter,17,Take,0.5
24,0.05,2,range_scaled,Pitcher,1,Fastball_Bottom,0.0
24,0.05,2,range_scaled,Pitcher,1,Fastball_Middle,0.0
24,0.05,2,range_scaled,Pitcher,1,Fastball_Top,0.0
24,0.05,2,range_scaled,Pitcher,1,Fastball_Chase,0.0
24,0.05,2,range_scaled,Pitcher,1,Offspeed_Bottom,0.0
24,0.05,2,range_scaled,Pitcher,1,Offspeed_Middle,0.0
24,0.05,2,range_scaled,Pitcher,1,Offspeed_Top,0.0
24,0.05,2,range_scaled,Pitcher,1,Offspeed_Chase,1.0
24,0.05,2,range_scaled,Pitcher,2,Fastball_Bottom,0.125
24,0.05,2,range_scaled,Pitcher,2,Fastball_Middle,0.125
24,0.05,2,range_scaled,Pitcher,2,Fastball_Top,0.125
24,0.05,2,range_scaled,Pitcher,2,Fastball_Chase,0.125
24,0.05,2,range_scaled,Pitcher,2,Offspeed_Bottom,0.125
24,0.05,2,range_scaled,Pitcher,2,Offspeed_Middle,0.125
24,0.05,2,range_scaled,Pitcher,2,Offspeed_Top,0.125
24,0.05,2,range_scaled,Pitcher,2,Offspeed_Chase,0.125
24,0.05,2,range_scaled,Pitcher,3,Fastball_Bottom,0.125
24,0.05,2,range_scaled,Pitcher,3,Fastball_Middle,0.125
24,0.05,2,range_scaled,Pitcher,3,Fastball_Top,0.125
24,0.05,2,range_scaled,Pitcher,3,Fastball_Chase,0.125
24,0.05,2,range_scaled,Pitcher,3,Offspeed_Bottom,0.125
24,0.05,2,range_scaled,Pitcher,3,Offspeed_Middle,0.125
24,0.05,2,range_scaled,Pitcher,3,Offspeed_Top,0.125
24,0.05,2,range_scaled,Pitcher,3,Offspeed_Chase,0.125
24,0.05,2,range_scaled,Pitcher,4,Fastball_Bottom,0.125
24,0.05,2,range_scaled,Pitcher,4,Fastball_Middle,0.125
24,0.05,2,range_scaled,Pitcher,4,Fastball_Top,0.125
24,0.05,2,range_scaled,Pitcher,4,Fastball_Chase,0.125
24,0.05,2,range_scaled,Pitcher,4,Offspeed_Bottom,0.125
24,0.05,2,range_scaled,Pitcher,4,Offspeed_Middle,0.125
24,0.05,2,range_scaled,Pitcher,4,Offspeed_Top,0.125
24,0.05,2,range_scaled,Pitcher,4,Offspeed_Chase,0.125
24,0.05,2,range_scaled,Pitcher,5,Fastball_Bottom,0.125
24,0.05,2,range_scaled,Pitcher,5,Fastball_Middle,0.125
24,0.05,2,range_scaled,Pitcher,5,Fastball_Top,0.125
24,0.05,2,range_scaled,Pitcher,5,Fastball_Chase,0.125
24,0.05,2,range_scaled,Pitcher,5,Offspeed_Bottom,0.125
24,0.05,2,range_scaled,Pitcher,5,Offspeed_Middle,0.125
24,0.05,2,range_scaled,Pitcher,5,Offspeed_Top,0.125
24,0.05,2,range_scaled,Pitcher,5,Offspeed_Chase,0.125
24,0.05,2,range_scaled,Pitcher,6,Fastball_Bottom,0.125
24,0.05,2,range_scaled,Pitcher,6,Fastball_Middle,0.125
24,0.05,2,range_scaled,Pitcher,6,Fastball_Top,0.125
24,0.05,2,range_scaled,Pitcher,6,Fastball_Chase,0.125
24,0.05,2,range_scaled,Pitcher,6,Offspeed_Bottom,0.125
24,0.05,2,range_scaled,Pitcher,6,Offspeed_Middle,0.125
24,0.05,2,range_scaled,Pitcher,6,Offspeed_Top,0.125
24,0.05,2,range_scaled,Pitcher,6,Offspeed_Chase,0.125
24,0.05,2,range_scaled,Pitcher,7,Fastball_Bottom,0.125
24,0.05,2,range_scaled,Pitcher,7,Fastball_Middle,0.125
24,0.05,2,range_scaled,Pitcher,7,Fastball_Top,0.125
24,0.05,2,range_scaled,Pitcher,7,Fastball_Chase,0.125
24,0.05,2,range_scaled,Pitcher,7,Offspeed_Bottom,0.125
24,0.05,2,range_scaled,Pitcher,7,Offspeed_Middle,0.125
24,0.05,2,range_scaled,Pitcher,7,Offspeed_Top,0.125
24,0.05,2,range_scaled,Pitcher,7,Offspeed_Chase,0.125
24,0.05,2,range_scaled,Pitcher,8,Fastball_Bottom,0.125
24,0.05,2,range_scaled,Pitcher,8,Fastball_Middle,0.125
24,0.05,2,range_scaled,Pitcher,8,Fastball_Top,0.125
24,0.05,2,range_scaled,Pitcher,8,Fastball_Chase,0.125
24,0.05,2,range_scaled,Pitcher,8,Offspeed_Bottom,0.125
24,0.05,2,range_scaled,Pitcher,8,Offspeed_Middle,0.125
24,0.05,2,range_scaled,Pitcher,8,Offspeed_Top,0.125
24,0.05,2,range_scaled,Pitcher,8,Offspeed_Chase,0.125
24,0.05,2,range_scaled,Pitcher,9,Fastball_Bottom,0.125
24,0.05,2,range_scaled,Pitcher,9,Fastball_Middle,0.125
24,0.05,2,range_scaled,Pitcher,9,Fastball_Top,0.125
24,0.05,2,range_scaled,Pitcher,9,Fastball_Chase,0.125
24,0.05,2,range_scaled,Pitcher,9,Offspeed_Bottom,0.125
24,0.05,2,range_scaled,Pitcher,9,Offspeed_Middle,0.125
24,0.05,2,range_scaled,Pitcher,9,Offspeed_Top,0.125
24,0.05,2,range_scaled,Pitcher,9,Offspeed_Chase,0.125
24,0.05,2,range_scaled,Pitcher,10,Fastball_Bottom,0.125
24,0.05,2,range_scaled,Pitcher,10,Fastball_Middle,0.125
24,0.05,2,range_scaled,Pitcher,10,Fastball_Top,0.125
24,0.05,2,range_scaled,Pitcher,10,Fastball_Chase,0.125
24,0.05,2,range_scaled,Pitcher,10,Offspeed_Bottom,0.125
24,0.05,2,range_scaled,Pitcher,10,Offspeed_Middle,0.125
24,0.05,2,range_scaled,Pitcher,10,Offspeed_Top,0.125
24,0.05,2,range_scaled,Pitcher,10,Offspeed_Chase,0.125
24,0.05,2,range_scaled,Pitcher,11,Fastball_Bottom,0.125
24,0.05,2,range_scaled,Pitcher,11,Fastball_Middle,0.125
24,0.05,2,range_scaled,Pitcher,11,Fastball_Top,0.125
24,0.05,2,range_scaled,Pitcher,11,Fastball_Chase,0.125
24,0.05,2,range_scaled,Pitcher,11,Offspeed_Bottom,0.125
24,0.05,2,range_scaled,Pitcher,11,Offspeed_Middle,0.125
24,0.05,2,range_scaled,Pitcher,11,Offspeed_Top,0.125
24,0.05,2,range_scaled,Pitcher,11,Offspeed_Chase,0.125
24,0.05,2,range_scaled,Pitcher,12,Fastball_Bottom,0.125
24,0.05,2,range_scaled,Pitcher,12,Fastball_Middle,0.125
24,0.05,2,range_scaled,Pitcher,12,Fastball_Top,0.125
24,0.05,2,range_scaled,Pitcher,12,Fastball_Chase,0.125
24,0.05,2,range_scaled,Pitcher,12,Offspeed_Bottom,0.125
24,0.05,2,range_scaled,Pitcher,12,Offspeed_Middle,0.125
24,0.05,2,range_scaled,Pitcher,12,Offspeed_Top,0.125
24,0.05,2,range_scaled,Pitcher,12,Offspeed_Chase,0.125
24,0.05,2,range_scaled,Pitcher,13,Fastball_Bottom,0.125
24,0.05,2,range_scaled,Pitcher,13,Fastball_Middle,0.125
24,0.05,2,range_scaled,Pitcher,13,Fastball_Top,0.125
24,0.05,2,range_scaled,Pitcher,13,Fastball_Chase,0.125
24,0.05,2,range_scaled,Pitcher,13,Offspeed_Bottom,0.125
24,0.05,2,range_scaled,Pitcher,13,Offspeed_Middle,0.125
24,0.05,2,range_scaled,Pitcher,13,Offspeed_Top,0.125
24,0.05,2,range_scaled,Pitcher,13,Offspeed_Chase,0.125
24,0.05,2,range_scaled,Pitcher,14,Fastball_Bottom,0.125
24,0.05,2,range_scaled,Pitcher,14,Fastball_Middle,0.125
24,0.05,2,range_scaled,Pitcher,14,Fastball_Top,0.125
24,0.05,2,range_scaled,Pitcher,14,Fastball_Chase,0.125
24,0.05,2,range_scaled,Pitcher,14,Offspeed_Bottom,0.125
24,0.05,2,range_scaled,Pitcher,14,Offspeed_Middle,0.125
24,0.05,2,range_scaled,Pitcher,14,Offspeed_Top,0.125
24,0.05,2,range_scaled,Pitcher,14,Offspeed_Chase,0.125
24,0.05,2,range_scaled,Pitcher,15,Fastball_Bottom,0.125
24,0.05,2,range_scaled,Pitcher,15,Fastball_Middle,0.125
24,0.05,2,range_scaled,Pitcher,15,Fastball_Top,0.125
24,0.05,2,range_scaled,Pitcher,15,Fastball_Chase,0.125
24,0.05,2,range_scaled,Pitcher,15,Offspeed_Bottom,0.125
24,0.05,2,range_scaled,Pitcher,15,Offspeed_Middle,0.125
24,0.05,2,range_scaled,Pitcher,15,Offspeed_Top,0.125
24,0.05,2,range_scaled,Pitcher,15,Offspeed_Chase,0.125
24,0.05,2,range_scaled,Pitcher,16,Fastball_Bottom,1.0
24,0.05,2,range_scaled,Pitcher,16,Fastball_Middle,0.0
24,0.05,2,range_scaled,Pitcher,16,Fastball_Top,0.0
24,0.05,2,range_scaled,Pitcher,16,Fastball_Chase,0.0
24,0.05,2,range_scaled,Pitcher,16,Offspeed_Bottom,0.0
24,0.05,2,range_scaled,Pitcher,16,Offspeed_Middle,0.0
24,0.05,2,range_scaled,Pitcher,16,Offspeed_Top,0.0
24,0.05,2,range_scaled,Pitcher,16,Offspeed_Chase,0.0
24,0.05,2,range_scaled,Pitcher,17,Fastball_Bottom,0.0
24,0.05,2,range_scaled,Pitcher,17,Fastball_Middle,0.0
24,0.05,2,range_scaled,Pitcher,17,Fastball_Top,0.0
24,0.05,2,range_scaled,Pitcher,17,Fastball_Chase,0.0
24,0.05,2,range_scaled,Pitcher,17,Offspeed_Bottom,0.1744287662560277
24,0.05,2,range_scaled,Pitcher,17,Offspeed_Middle,0.580280564689648
24,0.05,2,range_scaled,Pitcher,17,Offspeed_Top,0.0
24,0.05,2,range_scaled,Pitcher,17,Offspeed_Chase,0.24529066905432434
25,0.05,3,range_scaled,Batter,1,Swing,0.45840080444226383
25,0.05,3,range_scaled,Batter,1,Take,0.5415991955577362
25,0.05,3,range_scaled,Batter,2,Swing,1.0
25,0.05,3,range_scaled,Batter,2,Take,0.0
25,0.05,3,range_scaled,Batter,3,Swing,0.5890644796140431
25,0.05,3,range_scaled,Batter,3,Take,0.41093552038595693
25,0.05,3,range_scaled,Batter,4,Swing,1.0
25,0.05,3,range_scaled,Batter,4,Take,0.0
25,0.05,3,range_scaled,Batter,5,Swing,1.0
25,0.05,3,range_scaled,Batter,5,Take,0.0
25,0.05,3,range_scaled,Batter,6,Swing,1.0
25,0.05,3,range_scaled,Batter,6,Take,0.0
25,0.05,3,range_scaled,Batter,7,Swing,0.0
25,0.05,3,range_scaled,Batter,7,Take,1.0
25,0.05,3,range_scaled,Batter,8,Swing,1.0
25,0.05,3,range_scaled,Batter,8,Take,0.0
25,0.05,3,range_scaled,Batter,9,Swing,0.0
25,0.05,3,range_scaled,Batter,9,Take,1.0
25,0.05,3,range_scaled,Batter,10,Swing,1.0
25,0.05,3,range_scaled,Batter,10,Take,0.0
25,0.05,3,range_scaled,Batter,11,Swing,1.0
25,0.05,3,range_scaled,Batter,11,Take,0.0
25,0.05,3,range_scaled,Batter,12,Swing,1.0
25,0.05,3,range_scaled,Batter,12,Take,0.0
25,0.05,3,range_scaled,Batter,13,Swing,1.0
25,0.05,3,range_scaled,Batter,13,Take,0.0
25,0.05,3,range_scaled,Batter,14,Swing,1.0
25,0.05,3,range_scaled,Batter,14,Take,0.0
25,0.05,3,range_scaled,Batter,15,Swing,0.0
25,0.05,3,range_scaled,Batter,15,Take,1.0
25,0.05,3,range_scaled,Batter,16,Swing,1.0
25,0.05,3,range_scaled,Batter,16,Take,0.0
25,0.05,3,range_scaled,Batter,17,Swing,0.6978812674443647
25,0.05,3,range_scaled,Batter,17,Take,0.3021187325556353
25,0.05,3,range_scaled,Pitcher,1,Fastball_Bottom,0.41997842848907485
25,0.05,3,range_scaled,Pitcher,1,Fastball_Middle,0.0
25,0.05,3,range_scaled,Pitcher,1,Fastball_Top,0.0
25,0.05,3,range_scaled,Pitcher,1,Fastball_Chase,0.0
25,0.05,3,range_scaled,Pitcher,1,Offspeed_Bottom,0.0
25,0.05,3,range_scaled,Pitcher,1,Offspeed_Middle,0.0
25,0.05,3,range_scaled,Pitcher,1,Offspeed_Top,0.0
25,0.05,3,range_scaled,Pitcher,1,Offspeed_Chase,0.5800215715109251
25,0.05,3,range_scaled,Pitcher,2,Fastball_Bottom,1.0
25,0.05,3,range_scaled,Pitcher,2,Fastball_Middle,0.0
25,0.05,3,range_scaled,Pitcher,2,Fastball_Top,0.0
25,0.05,3,range_scaled,Pitcher,2,Fastball_Chase,0.0
25,0.05,3,range_scaled,Pitcher,2,Offspeed_Bottom,0.0
25,0.05,3,range_scaled,Pitcher,2,Offspeed_Middle,0.0
25,0.05,3,range_scaled,Pitcher,2,Offspeed_Top,0.0
25,0.05,3,range_scaled,Pitcher,2,Offspeed_Chase,0.0
25,0.05,3,range_scaled,Pitcher,3,Fastball_Bottom,0.7441115690451593
25,0.05,3,range_scaled,Pitcher,3,Fastball_Middle,0.0
25,0.05,3,range_scaled,Pitcher,3,Fastball_Top,0.0
25,0.05,3,range_scaled,Pitcher,3,Fastball_Chase,0.0
25,0.05,3,range_scaled,Pitcher,3,Offspeed_Bottom,0.0
25,0.05,3,range_scaled,Pitcher,3,Offspeed_Middle,0.0
25,0.05,3,range_scaled,Pitcher,3,Offspeed_Top,0.0
25,0.05,3,range_scaled,Pitcher,3,Offspeed_Chase,0.2558884309548409
25,0.05,3,range_scaled,Pitcher,4,Fastball_Bottom,0.125
25,0.05,3,range_scaled,Pitcher,4,Fastball_Middle,0.125
25,0.05,3,range_scaled,Pitcher,4,Fastball_Top,0.125
25,0.05,3,range_scaled,Pitcher,4,Fastball_Chase,0.125
25,0.05,3,range_scaled,Pitcher,4,Offspeed_Bottom,0.125
25,0.05,3,range_scaled,Pitcher,4,Offspeed_Middle,0.125
25,0.05,3,range_scaled,Pitcher,4,Offspeed_Top,0.125
25,0.05,3,range_scaled,Pitcher,4,Offspeed_Chase,0.125
25,0.05,3,range_scaled,Pitcher,5,Fastball_Bottom,0.125
25,0.05,3,range_scaled,Pitcher,5,Fastball_Middle,0.125
25,0.05,3,range_scaled,Pitcher,5,Fastball_Top,0.125
25,0.05,3,range_scaled,Pitcher,5,Fastball_Chase,0.125
25,0.05,3,range_scaled,Pitcher,5,Offspeed_Bottom,0.125
25,0.05,3,range_scaled,Pitcher,5,Offspeed_Middle,0.125
25,0.05,3,range_scaled,Pitcher,5,Offspeed_Top,0.125
25,0.05,3,range_scaled,Pitcher,5,Offspeed_Chase,0.125
25,0.05,3,range_scaled,Pitcher,6,Fastball_Bottom,0.125
25,0.05,3,range_scaled,Pitcher,6,Fastball_Middle,0.125
25,0.05,3,range_scaled,Pitcher,6,Fastball_Top,0.125
25,0.05,3,range_scaled,Pitcher,6,Fastball_Chase,0.125
25,0.05,3,range_scaled,Pitcher,6,Offspeed_Bottom,0.125
25,0.05,3,range_scaled,Pitcher,6,Offspeed_Middle,0.125
25,0.05,3,range_scaled,Pitcher,6,Offspeed_Top,0.125
25,0.05,3,range_scaled,Pitcher,6,Offspeed_Chase,0.125
25,0.05,3,range_scaled,Pitcher,7,Fastball_Bottom,0.125
25,0.05,3,range_scaled,Pitcher,7,Fastball_Middle,0.125
25,0.05,3,range_scaled,Pitcher,7,Fastball_Top,0.125
25,0.05,3,range_scaled,Pitcher,7,Fastball_Chase,0.125
25,0.05,3,range_scaled,Pitcher,7,Offspeed_Bottom,0.125
25,0.05,3,range_scaled,Pitcher,7,Offspeed_Middle,0.125
25,0.05,3,range_scaled,Pitcher,7,Offspeed_Top,0.125
25,0.05,3,range_scaled,Pitcher,7,Offspeed_Chase,0.125
25,0.05,3,range_scaled,Pitcher,8,Fastball_Bottom,0.125
25,0.05,3,range_scaled,Pitcher,8,Fastball_Middle,0.125
25,0.05,3,range_scaled,Pitcher,8,Fastball_Top,0.125
25,0.05,3,range_scaled,Pitcher,8,Fastball_Chase,0.125
25,0.05,3,range_scaled,Pitcher,8,Offspeed_Bottom,0.125
25,0.05,3,range_scaled,Pitcher,8,Offspeed_Middle,0.125
25,0.05,3,range_scaled,Pitcher,8,Offspeed_Top,0.125
25,0.05,3,range_scaled,Pitcher,8,Offspeed_Chase,0.125
25,0.05,3,range_scaled,Pitcher,9,Fastball_Bottom,0.125
25,0.05,3,range_scaled,Pitcher,9,Fastball_Middle,0.125
25,0.05,3,range_scaled,Pitcher,9,Fastball_Top,0.125
25,0.05,3,range_scaled,Pitcher,9,Fastball_Chase,0.125
25,0.05,3,range_scaled,Pitcher,9,Offspeed_Bottom,0.125
25,0.05,3,range_scaled,Pitcher,9,Offspeed_Middle,0.125
25,0.05,3,range_scaled,Pitcher,9,Offspeed_Top,0.125
25,0.05,3,range_scaled,Pitcher,9,Offspeed_Chase,0.125
25,0.05,3,range_scaled,Pitcher,10,Fastball_Bottom,0.125
25,0.05,3,range_scaled,Pitcher,10,Fastball_Middle,0.125
25,0.05,3,range_scaled,Pitcher,10,Fastball_Top,0.125
25,0.05,3,range_scaled,Pitcher,10,Fastball_Chase,0.125
25,0.05,3,range_scaled,Pitcher,10,Offspeed_Bottom,0.125
25,0.05,3,range_scaled,Pitcher,10,Offspeed_Middle,0.125
25,0.05,3,range_scaled,Pitcher,10,Offspeed_Top,0.125
25,0.05,3,range_scaled,Pitcher,10,Offspeed_Chase,0.125
25,0.05,3,range_scaled,Pitcher,11,Fastball_Bottom,0.125
25,0.05,3,range_scaled,Pitcher,11,Fastball_Middle,0.125
25,0.05,3,range_scaled,Pitcher,11,Fastball_Top,0.125
25,0.05,3,range_scaled,Pitcher,11,Fastball_Chase,0.125
25,0.05,3,range_scaled,Pitcher,11,Offspeed_Bottom,0.125
25,0.05,3,range_scaled,Pitcher,11,Offspeed_Middle,0.125
25,0.05,3,range_scaled,Pitcher,11,Offspeed_Top,0.125
25,0.05,3,range_scaled,Pitcher,11,Offspeed_Chase,0.125
25,0.05,3,range_scaled,Pitcher,12,Fastball_Bottom,0.125
25,0.05,3,range_scaled,Pitcher,12,Fastball_Middle,0.125
25,0.05,3,range_scaled,Pitcher,12,Fastball_Top,0.125
25,0.05,3,range_scaled,Pitcher,12,Fastball_Chase,0.125
25,0.05,3,range_scaled,Pitcher,12,Offspeed_Bottom,0.125
25,0.05,3,range_scaled,Pitcher,12,Offspeed_Middle,0.125
25,0.05,3,range_scaled,Pitcher,12,Offspeed_Top,0.125
25,0.05,3,range_scaled,Pitcher,12,Offspeed_Chase,0.125
25,0.05,3,range_scaled,Pitcher,13,Fastball_Bottom,0.125
25,0.05,3,range_scaled,Pitcher,13,Fastball_Middle,0.125
25,0.05,3,range_scaled,Pitcher,13,Fastball_Top,0.125
25,0.05,3,range_scaled,Pitcher,13,Fastball_Chase,0.125
25,0.05,3,range_scaled,Pitcher,13,Offspeed_Bottom,0.125
25,0.05,3,range_scaled,Pitcher,13,Offspeed_Middle,0.125
25,0.05,3,range_scaled,Pitcher,13,Offspeed_Top,0.125
25,0.05,3,range_scaled,Pitcher,13,Offspeed_Chase,0.125
25,0.05,3,range_scaled,Pitcher,14,Fastball_Bottom,0.125
25,0.05,3,range_scaled,Pitcher,14,Fastball_Middle,0.125
25,0.05,3,range_scaled,Pitcher,14,Fastball_Top,0.125
25,0.05,3,range_scaled,Pitcher,14,Fastball_Chase,0.125
25,0.05,3,range_scaled,Pitcher,14,Offspeed_Bottom,0.125
25,0.05,3,range_scaled,Pitcher,14,Offspeed_Middle,0.125
25,0.05,3,range_scaled,Pitcher,14,Offspeed_Top,0.125
25,0.05,3,range_scaled,Pitcher,14,Offspeed_Chase,0.125
25,0.05,3,range_scaled,Pitcher,15,Fastball_Bottom,0.125
25,0.05,3,range_scaled,Pitcher,15,Fastball_Middle,0.125
25,0.05,3,range_scaled,Pitcher,15,Fastball_Top,0.125
25,0.05,3,range_scaled,Pitcher,15,Fastball_Chase,0.125
25,0.05,3,range_scaled,Pitcher,15,Offspeed_Bottom,0.125
25,0.05,3,range_scaled,Pitcher,15,Offspeed_Middle,0.125
25,0.05,3,range_scaled,Pitcher,15,Offspeed_Top,0.125
25,0.05,3,range_scaled,Pitcher,15,Offspeed_Chase,0.125
25,0.05,3,range_scaled,Pitcher,16,Fastball_Bottom,1.0
25,0.05,3,range_scaled,Pitcher,16,Fastball_Middle,0.0
25,0.05,3,range_scaled,Pitcher,16,Fastball_Top,0.0
25,0.05,3,range_scaled,Pitcher,16,Fastball_Chase,0.0
25,0.05,3,range_scaled,Pitcher,16,Offspeed_Bottom,0.0
25,0.05,3,range_scaled,Pitcher,16,Offspeed_Middle,0.0
25,0.05,3,range_scaled,Pitcher,16,Offspeed_Top,0.0
25,0.05,3,range_scaled,Pitcher,16,Offspeed_Chase,0.0
25,0.05,3,range_scaled,Pitcher,17,Fastball_Bottom,0.0
25,0.05,3,range_scaled,Pitcher,17,Fastball_Middle,0.8955737826324829
25,0.05,3,range_scaled,Pitcher,17,Fastball_Top,0.0
25,0.05,3,range_scaled,Pitcher,17,Fastball_Chase,0.0
25,0.05,3,range_scaled,Pitcher,17,Offspeed_Bottom,0.0
25,0.05,3,range_scaled,Pitcher,17,Offspeed_Middle,0.0
25,0.05,3,range_scaled,Pitcher,17,Offspeed_Top,0.0
25,0.05,3,range_scaled,Pitcher,17,Offspeed_Chase,0.10442621736751716
26,0.05,4,range_scaled,Batter,1,Swing,1.0
26,0.05,4,range_scaled,Batter,1,Take,-0.0
26,0.05,4,range_scaled,Batter,2,Swing,1.0
26,0.05,4,range_scaled,Batter,2,Take,0.0
26,0.05,4,range_scaled,Batter,3,Swing,0.5
26,0.05,4,range_scaled,Batter,3,Take,0.5
26,0.05,4,range_scaled,Batter,4,Swing,1.0
26,0.05,4,range_scaled,Batter,4,Take,0.0
26,0.05,4,range_scaled,Batter,5,Swing,0.5
26,0.05,4,range_scaled,Batter,5,Take,0.5
26,0.05,4,range_scaled,Batter,6,Swing,1.0
26,0.05,4,range_scaled,Batter,6,Take,0.0
26,0.05,4,range_scaled,Batter,7,Swing,0.5
26,0.05,4,range_scaled,Batter,7,Take,0.5
26,0.05,4,range_scaled,Batter,8,Swing,1.0
26,0.05,4,range_scaled,Batter,8,Take,0.0
26,0.05,4,range_scaled,Batter,9,Swing,0.5
26,0.05,4,range_scaled,Batter,9,Take,0.5
26,0.05,4,range_scaled,Batter,10,Swing,1.0
26,0.05,4,range_scaled,Batter,10,Take,0.0
26,0.05,4,range_scaled,Batter,11,Swing,0.5
26,0.05,4,range_scaled,Batter,11,Take,0.5
26,0.05,4,range_scaled,Batter,12,Swing,1.0
26,0.05,4,range_scaled,Batter,12,Take,0.0
26,0.05,4,range_scaled,Batter,13,Swing,0.5
26,0.05,4,range_scaled,Batter,13,Take,0.5
26,0.05,4,range_scaled,Batter,14,Swing,1.0
26,0.05,4,range_scaled,Batter,14,Take,0.0
26,0.05,4,range_scaled,Batter,15,Swing,0.5
26,0.05,4,range_scaled,Batter,15,Take,0.5
26,0.05,4,range_scaled,Batter,16,Swing,1.0
26,0.05,4,range_scaled,Batter,16,Take,0.0
26,0.05,4,range_scaled,Batter,17,Swing,0.5
26,0.05,4,range_scaled,Batter,17,Take,0.5
26,0.05,4,range_scaled,Pitcher,1,Fastball_Bottom,0.0
26,0.05,4,range_scaled,Pitcher,1,Fastball_Middle,0.0
26,0.05,4,range_scaled,Pitcher,1,Fastball_Top,0.0
26,0.05,4,range_scaled,Pitcher,1,Fastball_Chase,1.0
26,0.05,4,range_scaled,Pitcher,1,Offspeed_Bottom,0.0
26,0.05,4,range_scaled,Pitcher,1,Offspeed_Middle,0.0
26,0.05,4,range_scaled,Pitcher,1,Offspeed_Top,0.0
26,0.05,4,range_scaled,Pitcher,1,Offspeed_Chase,0.0
26,0.05,4,range_scaled,Pitcher,2,Fastball_Bottom,0.125
26,0.05,4,range_scaled,Pitcher,2,Fastball_Middle,0.125
26,0.05,4,range_scaled,Pitcher,2,Fastball_Top,0.125
26,0.05,4,range_scaled,Pitcher,2,Fastball_Chase,0.125
26,0.05,4,range_scaled,Pitcher,2,Offspeed_Bottom,0.125
26,0.05,4,range_scaled,Pitcher,2,Offspeed_Middle,0.125
26,0.05,4,range_scaled,Pitcher,2,Offspeed_Top,0.125
26,0.05,4,range_scaled,Pitcher,2,Offspeed_Chase,0.125
26,0.05,4,range_scaled,Pitcher,3,Fastball_Bottom,0.125
26,0.05,4,range_scaled,Pitcher,3,Fastball_Middle,0.125
26,0.05,4,range_scaled,Pitcher,3,Fastball_Top,0.125
26,0.05,4,range_scaled,Pitcher,3,Fastball_Chase,0.125
26,0.05,4,range_scaled,Pitcher,3,Offspeed_Bottom,0.125
26,0.05,4,range_scaled,Pitcher,3,Offspeed_Middle,0.125
26,0.05,4,range_scaled,Pitcher,3,Offspeed_Top,0.125
26,0.05,4,range_scaled,Pitcher,3,Offspeed_Chase,0.125
26,0.05,4,range_scaled,Pitcher,4,Fastball_Bottom,0.125
26,0.05,4,range_scaled,Pitcher,4,Fastball_Middle,0.125
26,0.05,4,range_scaled,Pitcher,4,Fastball_Top,0.125
26,0.05,4,range_scaled,Pitcher,4,Fastball_Chase,0.125
26,0.05,4,range_scaled,Pitcher,4,Offspeed_Bottom,0.125
26,0.05,4,range_scaled,Pitcher,4,Offspeed_Middle,0.125
26,0.05,4,range_scaled,Pitcher,4,Offspeed_Top,0.125
26,0.05,4,range_scaled,Pitcher,4,Offspeed_Chase,0.125
26,0.05,4,range_scaled,Pitcher,5,Fastball_Bottom,0.125
26,0.05,4,range_scaled,Pitcher,5,Fastball_Middle,0.125
26,0.05,4,range_scaled,Pitcher,5,Fastball_Top,0.125
26,0.05,4,range_scaled,Pitcher,5,Fastball_Chase,0.125
26,0.05,4,range_scaled,Pitcher,5,Offspeed_Bottom,0.125
26,0.05,4,range_scaled,Pitcher,5,Offspeed_Middle,0.125
26,0.05,4,range_scaled,Pitcher,5,Offspeed_Top,0.125
26,0.05,4,range_scaled,Pitcher,5,Offspeed_Chase,0.125
26,0.05,4,range_scaled,Pitcher,6,Fastball_Bottom,0.125
26,0.05,4,range_scaled,Pitcher,6,Fastball_Middle,0.125
26,0.05,4,range_scaled,Pitcher,6,Fastball_Top,0.125
26,0.05,4,range_scaled,Pitcher,6,Fastball_Chase,0.125
26,0.05,4,range_scaled,Pitcher,6,Offspeed_Bottom,0.125
26,0.05,4,range_scaled,Pitcher,6,Offspeed_Middle,0.125
26,0.05,4,range_scaled,Pitcher,6,Offspeed_Top,0.125
26,0.05,4,range_scaled,Pitcher,6,Offspeed_Chase,0.125
26,0.05,4,range_scaled,Pitcher,7,Fastball_Bottom,0.125
26,0.05,4,range_scaled,Pitcher,7,Fastball_Middle,0.125
26,0.05,4,range_scaled,Pitcher,7,Fastball_Top,0.125
26,0.05,4,range_scaled,Pitcher,7,Fastball_Chase,0.125
26,0.05,4,range_scaled,Pitcher,7,Offspeed_Bottom,0.125
26,0.05,4,range_scaled,Pitcher,7,Offspeed_Middle,0.125
26,0.05,4,range_scaled,Pitcher,7,Offspeed_Top,0.125
26,0.05,4,range_scaled,Pitcher,7,Offspeed_Chase,0.125
26,0.05,4,range_scaled,Pitcher,8,Fastball_Bottom,1.0
26,0.05,4,range_scaled,Pitcher,8,Fastball_Middle,0.0
26,0.05,4,range_scaled,Pitcher,8,Fastball_Top,0.0
26,0.05,4,range_scaled,Pitcher,8,Fastball_Chase,0.0
26,0.05,4,range_scaled,Pitcher,8,Offspeed_Bottom,0.0
26,0.05,4,range_scaled,Pitcher,8,Offspeed_Middle,0.0
26,0.05,4,range_scaled,Pitcher,8,Offspeed_Top,0.0
26,0.05,4,range_scaled,Pitcher,8,Offspeed_Chase,0.0
26,0.05,4,range_scaled,Pitcher,9,Fastball_Bottom,0.0
26,0.05,4,range_scaled,Pitcher,9,Fastball_Middle,0.0
26,0.05,4,range_scaled,Pitcher,9,Fastball_Top,0.7845354295778085
26,0.05,4,range_scaled,Pitcher,9,Fastball_Chase,0.0
26,0.05,4,range_scaled,Pitcher,9,Offspeed_Bottom,0.0
26,0.05,4,range_scaled,Pitcher,9,Offspeed_Middle,0.0
26,0.05,4,range_scaled,Pitcher,9,Offspeed_Top,0.0
26,0.05,4,range_scaled,Pitcher,9,Offspeed_Chase,0.21546457042219147
26,0.05,4,range_scaled,Pitcher,10,Fastball_Bottom,0.125
26,0.05,4,range_scaled,Pitcher,10,Fastball_Middle,0.125
26,0.05,4,range_scaled,Pitcher,10,Fastball_Top,0.125
26,0.05,4,range_scaled,Pitcher,10,Fastball_Chase,0.125
26,0.05,4,range_scaled,Pitcher,10,Offspeed_Bottom,0.125
26,0.05,4,range_scaled,Pitcher,10,Offspeed_Middle,0.125
26,0.05,4,range_scaled,Pitcher,10,Offspeed_Top,0.125
26,0.05,4,range_scaled,Pitcher,10,Offspeed_Chase,0.125
26,0.05,4,range_scaled,Pitcher,11,Fastball_Bottom,0.125
26,0.05,4,range_scaled,Pitcher,11,Fastball_Middle,0.125
26,0.05,4,range_scaled,Pitcher,11,Fastball_Top,0.125
26,0.05,4,range_scaled,Pitcher,11,Fastball_Chase,0.125
26,0.05,4,range_scaled,Pitcher,11,Offspeed_Bottom,0.125
26,0.05,4,range_scaled,Pitcher,11,Offspeed_Middle,0.125
26,0.05,4,range_scaled,Pitcher,11,Offspeed_Top,0.125
26,0.05,4,range_scaled,Pitcher,11,Offspeed_Chase,0.125
26,0.05,4,range_scaled,Pitcher,12,Fastball_Bottom,0.125
26,0.05,4,range_scaled,Pitcher,12,Fastball_Middle,0.125
26,0.05,4,range_scaled,Pitcher,12,Fastball_Top,0.125
26,0.05,4,range_scaled,Pitcher,12,Fastball_Chase,0.125
26,0.05,4,range_scaled,Pitcher,12,Offspeed_Bottom,0.125
26,0.05,4,range_scaled,Pitcher,12,Offspeed_Middle,0.125
26,0.05,4,range_scaled,Pitcher,12,Offspeed_Top,0.125
26,0.05,4,range_scaled,Pitcher,12,Offspeed_Chase,0.125
26,0.05,4,range_scaled,Pitcher,13,Fastball_Bottom,0.125
26,0.05,4,range_scaled,Pitcher,13,Fastball_Middle,0.125
26,0.05,4,range_scaled,Pitcher,13,Fastball_Top,0.125
26,0.05,4,range_scaled,Pitcher,13,Fastball_Chase,0.125
26,0.05,4,range_scaled,Pitcher,13,Offspeed_Bottom,0.125
26,0.05,4,range_scaled,Pitcher,13,Offspeed_Middle,0.125
26,0.05,4,range_scaled,Pitcher,13,Offspeed_Top,0.125
26,0.05,4,range_scaled,Pitcher,13,Offspeed_Chase,0.125
26,0.05,4,range_scaled,Pitcher,14,Fastball_Bottom,0.125
26,0.05,4,range_scaled,Pitcher,14,Fastball_Middle,0.125
26,0.05,4,range_scaled,Pitcher,14,Fastball_Top,0.125
26,0.05,4,range_scaled,Pitcher,14,Fastball_Chase,0.125
26,0.05,4,range_scaled,Pitcher,14,Offspeed_Bottom,0.125
26,0.05,4,range_scaled,Pitcher,14,Offspeed_Middle,0.125
26,0.05,4,range_scaled,Pitcher,14,Offspeed_Top,0.125
26,0.05,4,range_scaled,Pitcher,14,Offspeed_Chase,0.125
26,0.05,4,range_scaled,Pitcher,15,Fastball_Bottom,0.125
26,0.05,4,range_scaled,Pitcher,15,Fastball_Middle,0.125
26,0.05,4,range_scaled,Pitcher,15,Fastball_Top,0.125
26,0.05,4,range_scaled,Pitcher,15,Fastball_Chase,0.125
26,0.05,4,range_scaled,Pitcher,15,Offspeed_Bottom,0.125
26,0.05,4,range_scaled,Pitcher,15,Offspeed_Middle,0.125
26,0.05,4,range_scaled,Pitcher,15,Offspeed_Top,0.125
26,0.05,4,range_scaled,Pitcher,15,Offspeed_Chase,0.125
26,0.05,4,range_scaled,Pitcher,16,Fastball_Bottom,0.125
26,0.05,4,range_scaled,Pitcher,16,Fastball_Middle,0.125
26,0.05,4,range_scaled,Pitcher,16,Fastball_Top,0.125
26,0.05,4,range_scaled,Pitcher,16,Fastball_Chase,0.125
26,0.05,4,range_scaled,Pitcher,16,Offspeed_Bottom,0.125
26,0.05,4,range_scaled,Pitcher,16,Offspeed_Middle,0.125
26,0.05,4,range_scaled,Pitcher,16,Offspeed_Top,0.125
26,0.05,4,range_scaled,Pitcher,16,Offspeed_Chase,0.125
26,0.05,4,range_scaled,Pitcher,17,Fastball_Bottom,0.125
26,0.05,4,range_scaled,Pitcher,17,Fastball_Middle,0.125
26,0.05,4,range_scaled,Pitcher,17,Fastball_Top,0.125
26,0.05,4,range_scaled,Pitcher,17,Fastball_Chase,0.125
26,0.05,4,range_scaled,Pitcher,17,Offspeed_Bottom,0.125
26,0.05,4,range_scaled,Pitcher,17,Offspeed_Middle,0.125
26,0.05,4,range_scaled,Pitcher,17,Offspeed_Top,0.125
26,0.05,4,range_scaled,Pitcher,17,Offspeed_Chase,0.125
27,0.05,5,range_scaled,Batter,1,Swing,0.9240084414077407
27,0.05,5,range_scaled,Batter,1,Take,0.07599155859225921
27,0.05,5,range_scaled,Batter,2,Swing,1.0
27,0.05,5,range_scaled,Batter,2,Take,0.0
27,0.05,5,range_scaled,Batter,3,Swing,0.0
27,0.05,5,range_scaled,Batter,3,Take,1.0
27,0.05,5,range_scaled,Batter,4,Swing,1.0
27,0.05,5,range_scaled,Batter,4,Take,0.0
27,0.05,5,range_scaled,Batter,5,Swing,0.0
27,0.05,5,range_scaled,Batter,5,Take,1.0
27,0.05,5,range_scaled,Batter,6,Swing,1.0
27,0.05,5,range_scaled,Batter,6,Take,0.0
27,0.05,5,range_scaled,Batter,7,Swing,0.8733549735220505
27,0.05,5,range_scaled,Batter,7,Take,0.12664502647794934
27,0.05,5,range_scaled,Batter,8,Swing,1.0
27,0.05,5,range_scaled,Batter,8,Take,0.0
27,0.05,5,range_scaled,Batter,9,Swing,1.0
27,0.05,5,range_scaled,Batter,9,Take,0.0
27,0.05,5,range_scaled,Batter,10,Swing,1.0
27,0.05,5,range_scaled,Batter,10,Take,0.0
27,0.05,5,range_scaled,Batter,11,Swing,0.0
27,0.05,5,range_scaled,Batter,11,Take,1.0
27,0.05,5,range_scaled,Batter,12,Swing,1.0
27,0.05,5,range_scaled,Batter,12,Take,0.0
27,0.05,5,range_scaled,Batter,13,Swing,1.0
27,0.05,5,range_scaled,Batter,13,Take,0.0
27,0.05,5,range_scaled,Batter,14,Swing,1.0
27,0.05,5,range_scaled,Batter,14,Take,0.0
27,0.05,5,range_scaled,Batter,15,Swing,0.0
27,0.05,5,range_scaled,Batter,15,Take,1.0
27,0.05,5,range_scaled,Batter,16,Swing,1.0
27,0.05,5,range_scaled,Batter,16,Take,0.0
27,0.05,5,range_scaled,Batter,17,Swing,0.4161384784121292
27,0.05,5,range_scaled,Batter,17,Take,0.5838615215878709
27,0.05,5,range_scaled,Pitcher,1,Fastball_Bottom,0.0
27,0.05,5,range_scaled,Pitcher,1,Fastball_Middle,0.0
27,0.05,5,range_scaled,Pitcher,1,Fastball_Top,0.3237850244489462
27,0.05,5,range_scaled,Pitcher,1,Fastball_Chase,0.0
27,0.05,5,range_scaled,Pitcher,1,Offspeed_Bottom,0.0
27,0.05,5,range_scaled,Pitcher,1,Offspeed_Middle,0.0
27,0.05,5,range_scaled,Pitcher,1,Offspeed_Top,0.0
27,0.05,5,range_scaled,Pitcher,1,Offspeed_Chase,0.6762149755510538
27,0.05,5,range_scaled,Pitcher,2,Fastball_Bottom,0.125
27,0.05,5,range_scaled,Pitcher,2,Fastball_Middle,0.125
27,0.05,5,range_scaled,Pitcher,2,Fastball_Top,0.125
27,0.05,5,range_scaled,Pitcher,2,Fastball_Chase,0.125
27,0.05,5,range_scaled,Pitcher,2,Offspeed_Bottom,0.125
27,0.05,5,range_scaled,Pitcher,2,Offspeed_Middle,0.125
27,0.05,5,range_scaled,Pitcher,2,Offspeed_Top,0.125
27,0.05,5,range_scaled,Pitcher,2,Offspeed_Chase,0.125
27,0.05,5,range_scaled,Pitcher,3,Fastball_Bottom,0.125
27,0.05,5,range_scaled,Pitcher,3,Fastball_Middle,0.125
27,0.05,5,range_scaled,Pitcher,3,Fastball_Top,0.125
27,0.05,5,range_scaled,Pitcher,3,Fastball_Chase,0.125
27,0.05,5,range_scaled,Pitcher,3,Offspeed_Bottom,0.125
27,0.05,5,range_scaled,Pitcher,3,Offspeed_Middle,0.125
27,0.05,5,range_scaled,Pitcher,3,Offspeed_Top,0.125
27,0.05,5,range_scaled,Pitcher,3,Offspeed_Chase,0.125
27,0.05,5,range_scaled,Pitcher,4,Fastball_Bottom,0.125
27,0.05,5,range_scaled,Pitcher,4,Fastball_Middle,0.125
27,0.05,5,range_scaled,Pitcher,4,Fastball_Top,0.125
27,0.05,5,range_scaled,Pitcher,4,Fastball_Chase,0.125
27,0.05,5,range_scaled,Pitcher,4,Offspeed_Bottom,0.125
27,0.05,5,range_scaled,Pitcher,4,Offspeed_Middle,0.125
27,0.05,5,range_scaled,Pitcher,4,Offspeed_Top,0.125
27,0.05,5,range_scaled,Pitcher,4,Offspeed_Chase,0.125
27,0.05,5,range_scaled,Pitcher,5,Fastball_Bottom,0.125
27,0.05,5,range_scaled,Pitcher,5,Fastball_Middle,0.125
27,0.05,5,range_scaled,Pitcher,5,Fastball_Top,0.125
27,0.05,5,range_scaled,Pitcher,5,Fastball_Chase,0.125
27,0.05,5,range_scaled,Pitcher,5,Offspeed_Bottom,0.125
27,0.05,5,range_scaled,Pitcher,5,Offspeed_Middle,0.125
27,0.05,5,range_scaled,Pitcher,5,Offspeed_Top,0.125
27,0.05,5,range_scaled,Pitcher,5,Offspeed_Chase,0.125
27,0.05,5,range_scaled,Pitcher,6,Fastball_Bottom,1.0
27,0.05,5,range_scaled,Pitcher,6,Fastball_Middle,0.0
27,0.05,5,range_scaled,Pitcher,6,Fastball_Top,0.0
27,0.05,5,range_scaled,Pitcher,6,Fastball_Chase,0.0
27,0.05,5,range_scaled,Pitcher,6,Offspeed_Bottom,0.0
27,0.05,5,range_scaled,Pitcher,6,Offspeed_Middle,0.0
27,0.05,5,range_scaled,Pitcher,6,Offspeed_Top,0.0
27,0.05,5,range_scaled,Pitcher,6,Offspeed_Chase,0.0
27,0.05,5,range_scaled,Pitcher,7,Fastball_Bottom,0.0
27,0.05,5,range_scaled,Pitcher,7,Fastball_Middle,0.7140588892342414
27,0.05,5,range_scaled,Pitcher,7,Fastball_Top,0.0
27,0.05,5,range_scaled,Pitcher,7,Fastball_Chase,0.0
27,0.05,5,range_scaled,Pitcher,7,Offspeed_Bottom,0.0
27,0.05,5,range_scaled,Pitcher,7,Offspeed_Middle,0.0
27,0.05,5,range_scaled,Pitcher,7,Offspeed_Top,0.0
27,0.05,5,range_scaled,Pitcher,7,Offspeed_Chase,0.28594111076575796
27,0.05,5,range_scaled,Pitcher,8,Fastball_Bottom,0.125
27,0.05,5,range_scaled,Pitcher,8,Fastball_Middle,0.125
27,0.05,5,range_scaled,Pitcher,8,Fastball_Top,0.125
27,0.05,5,range_scaled,Pitcher,8,Fastball_Chase,0.125
27,0.05,5,range_scaled,Pitcher,8,Offspeed_Bottom,0.125
27,0.05,5,range_scaled,Pitcher,8,Offspeed_Middle,0.125
27,0.05,5,range_scaled,Pitcher,8,Offspeed_Top,0.125
27,0.05,5,range_scaled,Pitcher,8,Offspeed_Chase,0.125
27,0.05,5,range_scaled,Pitcher,9,Fastball_Bottom,0.125
27,0.05,5,range_scaled,Pitcher,9,Fastball_Middle,0.125
27,0.05,5,range_scaled,Pitcher,9,Fastball_Top,0.125
27,0.05,5,range_scaled,Pitcher,9,Fastball_Chase,0.125
27,0.05,5,range_scaled,Pitcher,9,Offspeed_Bottom,0.125
27,0.05,5,range_scaled,Pitcher,9,Offspeed_Middle,0.125
27,0.05,5,range_scaled,Pitcher,9,Offspeed_Top,0.125
27,0.05,5,range_scaled,Pitcher,9,Offspeed_Chase,0.125
27,0.05,5,range_scaled,Pitcher,10,Fastball_Bottom,0.125
27,0.05,5,range_scaled,Pitcher,10,Fastball_Middle,0.125
27,0.05,5,range_scaled,Pitcher,10,Fastball_Top,0.125
27,0.05,5,range_scaled,Pitcher,10,Fastball_Chase,0.125
27,0.05,5,range_scaled,Pitcher,10,Offspeed_Bottom,0.125
27,0.05,5,range_scaled,Pitcher,10,Offspeed_Middle,0.125
27,0.05,5,range_scaled,Pitcher,10,Offspeed_Top,0.125
27,0.05,5,range_scaled,Pitcher,10,Offspeed_Chase,0.125
27,0.05,5,range_scaled,Pitcher,11,Fastball_Bottom,0.125
27,0.05,5,range_scaled,Pitcher,11,Fastball_Middle,0.125
27,0.05,5,range_scaled,Pitcher,11,Fastball_Top,0.125
27,0.05,5,range_scaled,Pitcher,11,Fastball_Chase,0.125
27,0.05,5,range_scaled,Pitcher,11,Offspeed_Bottom,0.125
27,0.05,5,range_scaled,Pitcher,11,Offspeed_Middle,0.125
27,0.05,5,range_scaled,Pitcher,11,Offspeed_Top,0.125
27,0.05,5,range_scaled,Pitcher,11,Offspeed_Chase,0.125
27,0.05,5,range_scaled,Pitcher,12,Fastball_Bottom,0.125
27,0.05,5,range_scaled,Pitcher,12,Fastball_Middle,0.125
27,0.05,5,range_scaled,Pitcher,12,Fastball_Top,0.125
27,0.05,5,range_scaled,Pitcher,12,Fastball_Chase,0.125
27,0.05,5,range_scaled,Pitcher,12,Offspeed_Bottom,0.125
27,0.05,5,range_scaled,Pitcher,12,Offspeed_Middle,0.125
27,0.05,5,range_scaled,Pitcher,12,Offspeed_Top,0.125
27,0.05,5,range_scaled,Pitcher,12,Offspeed_Chase,0.125
27,0.05,5,range_scaled,Pitcher,13,Fastball_Bottom,0.125
27,0.05,5,range_scaled,Pitcher,13,Fastball_Middle,0.125
27,0.05,5,range_scaled,Pitcher,13,Fastball_Top,0.125
27,0.05,5,range_scaled,Pitcher,13,Fastball_Chase,0.125
27,0.05,5,range_scaled,Pitcher,13,Offspeed_Bottom,0.125
27,0.05,5,range_scaled,Pitcher,13,Offspeed_Middle,0.125
27,0.05,5,range_scaled,Pitcher,13,Offspeed_Top,0.125
27,0.05,5,range_scaled,Pitcher,13,Offspeed_Chase,0.125
27,0.05,5,range_scaled,Pitcher,14,Fastball_Bottom,0.125
27,0.05,5,range_scaled,Pitcher,14,Fastball_Middle,0.125
27,0.05,5,range_scaled,Pitcher,14,Fastball_Top,0.125
27,0.05,5,range_scaled,Pitcher,14,Fastball_Chase,0.125
27,0.05,5,range_scaled,Pitcher,14,Offspeed_Bottom,0.125
27,0.05,5,range_scaled,Pitcher,14,Offspeed_Middle,0.125
27,0.05,5,range_scaled,Pitcher,14,Offspeed_Top,0.125
27,0.05,5,range_scaled,Pitcher,14,Offspeed_Chase,0.125
27,0.05,5,range_scaled,Pitcher,15,Fastball_Bottom,0.125
27,0.05,5,range_scaled,Pitcher,15,Fastball_Middle,0.125
27,0.05,5,range_scaled,Pitcher,15,Fastball_Top,0.125
27,0.05,5,range_scaled,Pitcher,15,Fastball_Chase,0.125
27,0.05,5,range_scaled,Pitcher,15,Offspeed_Bottom,0.125
27,0.05,5,range_scaled,Pitcher,15,Offspeed_Middle,0.125
27,0.05,5,range_scaled,Pitcher,15,Offspeed_Top,0.125
27,0.05,5,range_scaled,Pitcher,15,Offspeed_Chase,0.125
27,0.05,5,range_scaled,Pitcher,16,Fastball_Bottom,1.0
27,0.05,5,range_scaled,Pitcher,16,Fastball_Middle,0.0
27,0.05,5,range_scaled,Pitcher,16,Fastball_Top,0.0
27,0.05,5,range_scaled,Pitcher,16,Fastball_Chase,0.0
27,0.05,5,range_scaled,Pitcher,16,Offspeed_Bottom,0.0
27,0.05,5,range_scaled,Pitcher,16,Offspeed_Middle,0.0
27,0.05,5,range_scaled,Pitcher,16,Offspeed_Top,0.0
27,0.05,5,range_scaled,Pitcher,16,Offspeed_Chase,0.0
27,0.05,5,range_scaled,Pitcher,17,Fastball_Bottom,0.19722448102840326
27,0.05,5,range_scaled,Pitcher,17,Fastball_Middle,0.0
27,0.05,5,range_scaled,Pitcher,17,Fastball_Top,0.0
27,0.05,5,range_scaled,Pitcher,17,Fastball_Chase,0.0
27,0.05,5,range_scaled,Pitcher,17,Offspeed_Bottom,0.0
27,0.05,5,range_scaled,Pitcher,17,Offspeed_Middle,0.0
27,0.05,5,range_scaled,Pitcher,17,Offspeed_Top,0.8027755189715968
27,0.05,5,range_scaled,Pitcher,17,Offspeed_Chase,0.0
28,0.05,6,range_scaled,Batter,1,Swing,1.0
28,0.05,6,range_scaled,Batter,1,Take,-0.0
28,0.05,6,range_scaled,Batter,2,Swing,1.0
28,0.05,6,range_scaled,Batter,2,Take,0.0
28,0.05,6,range_scaled,Batter,3,Swing,0.5
28,0.05,6,range_scaled,Batter,3,Take,0.5
28,0.05,6,range_scaled,Batter,4,Swing,1.0
28,0.05,6,range_scaled,Batter,4,Take,0.0
28,0.05,6,range_scaled,Batter,5,Swing,0.5
28,0.05,6,range_scaled,Batter,5,Take,0.5
28,0.05,6,range_scaled,Batter,6,Swing,1.0
28,0.05,6,range_scaled,Batter,6,Take,0.0
28,0.05,6,range_scaled,Batter,7,Swing,0.5
28,0.05,6,range_scaled,Batter,7,Take,0.5
28,0.05,6,range_scaled,Batter,8,Swing,1.0
28,0.05,6,range_scaled,Batter,8,Take,0.0
28,0.05,6,range_scaled,Batter,9,Swing,0.5
28,0.05,6,range_scaled,Batter,9,Take,0.5
28,0.05,6,range_scaled,Batter,10,Swing,1.0
28,0.05,6,range_scaled,Batter,10,Take,0.0
28,0.05,6,range_scaled,Batter,11,Swing,0.5
28,0.05,6,range_scaled,Batter,11,Take,0.5
28,0.05,6,range_scaled,Batter,12,Swing,1.0
28,0.05,6,range_scaled,Batter,12,Take,0.0
28,0.05,6,range_scaled,Batter,13,Swing,0.5
28,0.05,6,range_scaled,Batter,13,Take,0.5
28,0.05,6,range_scaled,Batter,14,Swing,1.0
28,0.05,6,range_scaled,Batter,14,Take,0.0
28,0.05,6,range_scaled,Batter,15,Swing,0.5
28,0.05,6,range_scaled,Batter,15,Take,0.5
28,0.05,6,range_scaled,Batter,16,Swing,1.0
28,0.05,6,range_scaled,Batter,16,Take,0.0
28,0.05,6,range_scaled,Batter,17,Swing,0.5
28,0.05,6,range_scaled,Batter,17,Take,0.5
28,0.05,6,range_scaled,Pitcher,1,Fastball_Bottom,0.0
28,0.05,6,range_scaled,Pitcher,1,Fastball_Middle,0.0
28,0.05,6,range_scaled,Pitcher,1,Fastball_Top,0.0
28,0.05,6,range_scaled,Pitcher,1,Fastball_Chase,0.0
28,0.05,6,range_scaled,Pitcher,1,Offspeed_Bottom,0.0
28,0.05,6,range_scaled,Pitcher,1,Offspeed_Middle,0.0
28,0.05,6,range_scaled,Pitcher,1,Offspeed_Top,0.0
28,0.05,6,range_scaled,Pitcher,1,Offspeed_Chase,1.0
28,0.05,6,range_scaled,Pitcher,2,Fastball_Bottom,0.125
28,0.05,6,range_scaled,Pitcher,2,Fastball_Middle,0.125
28,0.05,6,range_scaled,Pitcher,2,Fastball_Top,0.125
28,0.05,6,range_scaled,Pitcher,2,Fastball_Chase,0.125
28,0.05,6,range_scaled,Pitcher,2,Offspeed_Bottom,0.125
28,0.05,6,range_scaled,Pitcher,2,Offspeed_Middle,0.125
28,0.05,6,range_scaled,Pitcher,2,Offspeed_Top,0.125
28,0.05,6,range_scaled,Pitcher,2,Offspeed_Chase,0.125
28,0.05,6,range_scaled,Pitcher,3,Fastball_Bottom,0.125
28,0.05,6,range_scaled,Pitcher,3,Fastball_Middle,0.125
28,0.05,6,range_scaled,Pitcher,3,Fastball_Top,0.125
28,0.05,6,range_scaled,Pitcher,3,Fastball_Chase,0.125
28,0.05,6,range_scaled,Pitcher,3,Offspeed_Bottom,0.125
28,0.05,6,range_scaled,Pitcher,3,Offspeed_Middle,0.125
28,0.05,6,range_scaled,Pitcher,3,Offspeed_Top,0.125
28,0.05,6,range_scaled,Pitcher,3,Offspeed_Chase,0.125
28,0.05,6,range_scaled,Pitcher,4,Fastball_Bottom,0.125
28,0.05,6,range_scaled,Pitcher,4,Fastball_Middle,0.125
28,0.05,6,range_scaled,Pitcher,4,Fastball_Top,0.125
28,0.05,6,range_scaled,Pitcher,4,Fastball_Chase,0.125
28,0.05,6,range_scaled,Pitcher,4,Offspeed_Bottom,0.125
28,0.05,6,range_scaled,Pitcher,4,Offspeed_Middle,0.125
28,0.05,6,range_scaled,Pitcher,4,Offspeed_Top,0.125
28,0.05,6,range_scaled,Pitcher,4,Offspeed_Chase,0.125
28,0.05,6,range_scaled,Pitcher,5,Fastball_Bottom,0.125
28,0.05,6,range_scaled,Pitcher,5,Fastball_Middle,0.125
28,0.05,6,range_scaled,Pitcher,5,Fastball_Top,0.125
28,0.05,6,range_scaled,Pitcher,5,Fastball_Chase,0.125
28,0.05,6,range_scaled,Pitcher,5,Offspeed_Bottom,0.125
28,0.05,6,range_scaled,Pitcher,5,Offspeed_Middle,0.125
28,0.05,6,range_scaled,Pitcher,5,Offspeed_Top,0.125
28,0.05,6,range_scaled,Pitcher,5,Offspeed_Chase,0.125
28,0.05,6,range_scaled,Pitcher,6,Fastball_Bottom,0.125
28,0.05,6,range_scaled,Pitcher,6,Fastball_Middle,0.125
28,0.05,6,range_scaled,Pitcher,6,Fastball_Top,0.125
28,0.05,6,range_scaled,Pitcher,6,Fastball_Chase,0.125
28,0.05,6,range_scaled,Pitcher,6,Offspeed_Bottom,0.125
28,0.05,6,range_scaled,Pitcher,6,Offspeed_Middle,0.125
28,0.05,6,range_scaled,Pitcher,6,Offspeed_Top,0.125
28,0.05,6,range_scaled,Pitcher,6,Offspeed_Chase,0.125
28,0.05,6,range_scaled,Pitcher,7,Fastball_Bottom,0.125
28,0.05,6,range_scaled,Pitcher,7,Fastball_Middle,0.125
28,0.05,6,range_scaled,Pitcher,7,Fastball_Top,0.125
28,0.05,6,range_scaled,Pitcher,7,Fastball_Chase,0.125
28,0.05,6,range_scaled,Pitcher,7,Offspeed_Bottom,0.125
28,0.05,6,range_scaled,Pitcher,7,Offspeed_Middle,0.125
28,0.05,6,range_scaled,Pitcher,7,Offspeed_Top,0.125
28,0.05,6,range_scaled,Pitcher,7,Offspeed_Chase,0.125
28,0.05,6,range_scaled,Pitcher,8,Fastball_Bottom,0.125
28,0.05,6,range_scaled,Pitcher,8,Fastball_Middle,0.125
28,0.05,6,range_scaled,Pitcher,8,Fastball_Top,0.125
28,0.05,6,range_scaled,Pitcher,8,Fastball_Chase,0.125
28,0.05,6,range_scaled,Pitcher,8,Offspeed_Bottom,0.125
28,0.05,6,range_scaled,Pitcher,8,Offspeed_Middle,0.125
28,0.05,6,range_scaled,Pitcher,8,Offspeed_Top,0.125
28,0.05,6,range_scaled,Pitcher,8,Offspeed_Chase,0.125
28,0.05,6,range_scaled,Pitcher,9,Fastball_Bottom,0.125
28,0.05,6,range_scaled,Pitcher,9,Fastball_Middle,0.125
28,0.05,6,range_scaled,Pitcher,9,Fastball_Top,0.125
28,0.05,6,range_scaled,Pitcher,9,Fastball_Chase,0.125
28,0.05,6,range_scaled,Pitcher,9,Offspeed_Bottom,0.125
28,0.05,6,range_scaled,Pitcher,9,Offspeed_Middle,0.125
28,0.05,6,range_scaled,Pitcher,9,Offspeed_Top,0.125
28,0.05,6,range_scaled,Pitcher,9,Offspeed_Chase,0.125
28,0.05,6,range_scaled,Pitcher,10,Fastball_Bottom,0.125
28,0.05,6,range_scaled,Pitcher,10,Fastball_Middle,0.125
28,0.05,6,range_scaled,Pitcher,10,Fastball_Top,0.125
28,0.05,6,range_scaled,Pitcher,10,Fastball_Chase,0.125
28,0.05,6,range_scaled,Pitcher,10,Offspeed_Bottom,0.125
28,0.05,6,range_scaled,Pitcher,10,Offspeed_Middle,0.125
28,0.05,6,range_scaled,Pitcher,10,Offspeed_Top,0.125
28,0.05,6,range_scaled,Pitcher,10,Offspeed_Chase,0.125
28,0.05,6,range_scaled,Pitcher,11,Fastball_Bottom,0.125
28,0.05,6,range_scaled,Pitcher,11,Fastball_Middle,0.125
28,0.05,6,range_scaled,Pitcher,11,Fastball_Top,0.125
28,0.05,6,range_scaled,Pitcher,11,Fastball_Chase,0.125
28,0.05,6,range_scaled,Pitcher,11,Offspeed_Bottom,0.125
28,0.05,6,range_scaled,Pitcher,11,Offspeed_Middle,0.125
28,0.05,6,range_scaled,Pitcher,11,Offspeed_Top,0.125
28,0.05,6,range_scaled,Pitcher,11,Offspeed_Chase,0.125
28,0.05,6,range_scaled,Pitcher,12,Fastball_Bottom,0.125
28,0.05,6,range_scaled,Pitcher,12,Fastball_Middle,0.125
28,0.05,6,range_scaled,Pitcher,12,Fastball_Top,0.125
28,0.05,6,range_scaled,Pitcher,12,Fastball_Chase,0.125
28,0.05,6,range_scaled,Pitcher,12,Offspeed_Bottom,0.125
28,0.05,6,range_scaled,Pitcher,12,Offspeed_Middle,0.125
28,0.05,6,range_scaled,Pitcher,12,Offspeed_Top,0.125
28,0.05,6,range_scaled,Pitcher,12,Offspeed_Chase,0.125
28,0.05,6,range_scaled,Pitcher,13,Fastball_Bottom,0.125
28,0.05,6,range_scaled,Pitcher,13,Fastball_Middle,0.125
28,0.05,6,range_scaled,Pitcher,13,Fastball_Top,0.125
28,0.05,6,range_scaled,Pitcher,13,Fastball_Chase,0.125
28,0.05,6,range_scaled,Pitcher,13,Offspeed_Bottom,0.125
28,0.05,6,range_scaled,Pitcher,13,Offspeed_Middle,0.125
28,0.05,6,range_scaled,Pitcher,13,Offspeed_Top,0.125
28,0.05,6,range_scaled,Pitcher,13,Offspeed_Chase,0.125
28,0.05,6,range_scaled,Pitcher,14,Fastball_Bottom,0.125
28,0.05,6,range_scaled,Pitcher,14,Fastball_Middle,0.125
28,0.05,6,range_scaled,Pitcher,14,Fastball_Top,0.125
28,0.05,6,range_scaled,Pitcher,14,Fastball_Chase,0.125
28,0.05,6,range_scaled,Pitcher,14,Offspeed_Bottom,0.125
28,0.05,6,range_scaled,Pitcher,14,Offspeed_Middle,0.125
28,0.05,6,range_scaled,Pitcher,14,Offspeed_Top,0.125
28,0.05,6,range_scaled,Pitcher,14,Offspeed_Chase,0.125
28,0.05,6,range_scaled,Pitcher,15,Fastball_Bottom,0.125
28,0.05,6,range_scaled,Pitcher,15,Fastball_Middle,0.125
28,0.05,6,range_scaled,Pitcher,15,Fastball_Top,0.125
28,0.05,6,range_scaled,Pitcher,15,Fastball_Chase,0.125
28,0.05,6,range_scaled,Pitcher,15,Offspeed_Bottom,0.125
28,0.05,6,range_scaled,Pitcher,15,Offspeed_Middle,0.125
28,0.05,6,range_scaled,Pitcher,15,Offspeed_Top,0.125
28,0.05,6,range_scaled,Pitcher,15,Offspeed_Chase,0.125
28,0.05,6,range_scaled,Pitcher,16,Fastball_Bottom,1.0
28,0.05,6,range_scaled,Pitcher,16,Fastball_Middle,0.0
28,0.05,6,range_scaled,Pitcher,16,Fastball_Top,0.0
28,0.05,6,range_scaled,Pitcher,16,Fastball_Chase,0.0
28,0.05,6,range_scaled,Pitcher,16,Offspeed_Bottom,0.0
28,0.05,6,range_scaled,Pitcher,16,Offspeed_Middle,0.0
28,0.05,6,range_scaled,Pitcher,16,Offspeed_Top,0.0
28,0.05,6,range_scaled,Pitcher,16,Offspeed_Chase,0.0
28,0.05,6,range_scaled,Pitcher,17,Fastball_Bottom,0.0
28,0.05,6,range_scaled,Pitcher,17,Fastball_Middle,0.0
28,0.05,6,range_scaled,Pitcher,17,Fastball_Top,0.41636489894173095
28,0.05,6,range_scaled,Pitcher,17,Fastball_Chase,0.0
28,0.05,6,range_scaled,Pitcher,17,Offspeed_Bottom,0.0
28,0.05,6,range_scaled,Pitcher,17,Offspeed_Middle,0.0
28,0.05,6,range_scaled,Pitcher,17,Offspeed_Top,0.34693719770713566
28,0.05,6,range_scaled,Pitcher,17,Offspeed_Chase,0.23669790335113342
29,0.05,7,range_scaled,Batter,1,Swing,0.5019469785123806
29,0.05,7,range_scaled,Batter,1,Take,0.49805302148761943
29,0.05,7,range_scaled,Batter,2,Swing,1.0
29,0.05,7,range_scaled,Batter,2,Take,0.0
29,0.05,7,range_scaled,Batter,3,Swing,1.0
29,0.05,7,range_scaled,Batter,3,Take,0.0
29,0.05,7,range_scaled,Batter,4,Swing,1.0
29,0.05,7,range_scaled,Batter,4,Take,0.0
29,0.05,7,range_scaled,Batter,5,Swing,0.0
29,0.05,7,range_scaled,Batter,5,Take,1.0
29,0.05,7,range_scaled,Batter,6,Swing,1.0
29,0.05,7,range_scaled,Batter,6,Take,0.0
29,0.05,7,range_scaled,Batter,7,Swing,0.0
29,0.05,7,range_scaled,Batter,7,Take,1.0
29,0.05,7,range_scaled,Batter,8,Swing,1.0
29,0.05,7,range_scaled,Batter,8,Take,0.0
29,0.05,7,range_scaled,Batter,9,Swing,1.0
29,0.05,7,range_scaled,Batter,9,Take,0.0
29,0.05,7,range_scaled,Batter,10,Swing,1.0
29,0.05,7,range_scaled,Batter,10,Take,0.0
29,0.05,7,range_scaled,Batter,11,Swing,1.0
29,0.05,7,range_scaled,Batter,11,Take,0.0
29,0.05,7,range_scaled,Batter,12,Swing,1.0
29,0.05,7,range_scaled,Batter,12,Take,0.0
29,0.05,7,range_scaled,Batter,13,Swing,1.0
29,0.05,7,range_scaled,Batter,13,Take,0.0
29,0.05,7,range_scaled,Batter,14,Swing,1.0
29,0.05,7,range_scaled,Batter,14,Take,0.0
29,0.05,7,range_scaled,Batter,15,Swing,1.0
29,0.05,7,range_scaled,Batter,15,Take,0.0
29,0.05,7,range_scaled,Batter,16,Swing,1.0
29,0.05,7,range_scaled,Batter,16,Take,0.0
29,0.05,7,range_scaled,Batter,17,Swing,1.0
29,0.05,7,range_scaled,Batter,17,Take,0.0
29,0.05,7,range_scaled,Pitcher,1,Fastball_Bottom,0.4689306880666079
29,0.05,7,range_scaled,Pitcher,1,Fastball_Middle,0.0
29,0.05,7,range_scaled,Pitcher,1,Fastball_Top,0.0
29,0.05,7,range_scaled,Pitcher,1,Fastball_Chase,0.531069311933392
29,0.05,7,range_scaled,Pitcher,1,Offspeed_Bottom,0.0
29,0.05,7,range_scaled,Pitcher,1,Offspeed_Middle,0.0
29,0.05,7,range_scaled,Pitcher,1,Offspeed_Top,0.0
29,0.05,7,range_scaled,Pitcher,1,Offspeed_Chase,0.0
29,0.05,7,range_scaled,Pitcher,2,Fastball_Bottom,1.0
29,0.05,7,range_scaled,Pitcher,2,Fastball_Middle,0.0
29,0.05,7,range_scaled,Pitcher,2,Fastball_Top,0.0
29,0.05,7,range_scaled,Pitcher,2,Fastball_Chase,0.0
29,0.05,7,range_scaled,Pitcher,2,Offspeed_Bottom,0.0
29,0.05,7,range_scaled,Pitcher,2,Offspeed_Middle,0.0
29,0.05,7,range_scaled,Pitcher,2,Offspeed_Top,0.0
29,0.05,7,range_scaled,Pitcher,2,Offspeed_Chase,0.0
29,0.05,7,range_scaled,Pitcher,3,Fastball_Bottom,0.0
29,0.05,7,range_scaled,Pitcher,3,Fastball_Middle,1.0
29,0.05,7,range_scaled,Pitcher,3,Fastball_Top,0.0
29,0.05,7,range_scaled,Pitcher,3,Fastball_Chase,0.0
29,0.05,7,range_scaled,Pitcher,3,Offspeed_Bottom,0.0
29,0.05,7,range_scaled,Pitcher,3,Offspeed_Middle,0.0
29,0.05,7,range_scaled,Pitcher,3,Offspeed_Top,0.0
29,0.05,7,range_scaled,Pitcher,3,Offspeed_Chase,0.0
29,0.05,7,range_scaled,Pitcher,4,Fastball_Bottom,0.125
29,0.05,7,range_scaled,Pitcher,4,Fastball_Middle,0.125
29,0.05,7,range_scaled,Pitcher,4,Fastball_Top,0.125
29,0.05,7,range_scaled,Pitcher,4,Fastball_Chase,0.125
29,0.05,7,range_scaled,Pitcher,4,Offspeed_Bottom,0.125
29,0.05,7,range_scaled,Pitcher,4,Offspeed_Middle,0.125
29,0.05,7,range_scaled,Pitcher,4,Offspeed_Top,0.125
29,0.05,7,range_scaled,Pitcher,4,Offspeed_Chase,0.125
29,0.05,7,range_scaled,Pitcher,5,Fastball_Bottom,0.125
29,0.05,7,range_scaled,Pitcher,5,Fastball_Middle,0.125
29,0.05,7,range_scaled,Pitcher,5,Fastball_Top,0.125
29,0.05,7,range_scaled,Pitcher,5,Fastball_Chase,0.125
29,0.05,7,range_scaled,Pitcher,5,Offspeed_Bottom,0.125
29,0.05,7,range_scaled,Pitcher,5,Offspeed_Middle,0.125
29,0.05,7,range_scaled,Pitcher,5,Offspeed_Top,0.125
29,0.05,7,range_scaled,Pitcher,5,Offspeed_Chase,0.125
29,0.05,7,range_scaled,Pitcher,6,Fastball_Bottom,0.125
29,0.05,7,range_scaled,Pitcher,6,Fastball_Middle,0.125
29,0.05,7,range_scaled,Pitcher,6,Fastball_Top,0.125
29,0.05,7,range_scaled,Pitcher,6,Fastball_Chase,0.125
29,0.05,7,range_scaled,Pitcher,6,Offspeed_Bottom,0.125
29,0.05,7,range_scaled,Pitcher,6,Offspeed_Middle,0.125
29,0.05,7,range_scaled,Pitcher,6,Offspeed_Top,0.125
29,0.05,7,range_scaled,Pitcher,6,Offspeed_Chase,0.125
29,0.05,7,range_scaled,Pitcher,7,Fastball_Bottom,0.125
29,0.05,7,range_scaled,Pitcher,7,Fastball_Middle,0.125
29,0.05,7,range_scaled,Pitcher,7,Fastball_Top,0.125
29,0.05,7,range_scaled,Pitcher,7,Fastball_Chase,0.125
29,0.05,7,range_scaled,Pitcher,7,Offspeed_Bottom,0.125
29,0.05,7,range_scaled,Pitcher,7,Offspeed_Middle,0.125
29,0.05,7,range_scaled,Pitcher,7,Offspeed_Top,0.125
29,0.05,7,range_scaled,Pitcher,7,Offspeed_Chase,0.125
29,0.05,7,range_scaled,Pitcher,8,Fastball_Bottom,1.0
29,0.05,7,range_scaled,Pitcher,8,Fastball_Middle,0.0
29,0.05,7,range_scaled,Pitcher,8,Fastball_Top,0.0
29,0.05,7,range_scaled,Pitcher,8,Fastball_Chase,0.0
29,0.05,7,range_scaled,Pitcher,8,Offspeed_Bottom,0.0
29,0.05,7,range_scaled,Pitcher,8,Offspeed_Middle,0.0
29,0.05,7,range_scaled,Pitcher,8,Offspeed_Top,0.0
29,0.05,7,range_scaled,Pitcher,8,Offspeed_Chase,0.0
29,0.05,7,range_scaled,Pitcher,9,Fastball_Bottom,0.0
29,0.05,7,range_scaled,Pitcher,9,Fastball_Middle,0.0
29,0.05,7,range_scaled,Pitcher,9,Fastball_Top,0.0
29,0.05,7,range_scaled,Pitcher,9,Fastball_Chase,0.0
29,0.05,7,range_scaled,Pitcher,9,Offspeed_Bottom,0.0
29,0.05,7,range_scaled,Pitcher,9,Offspeed_Middle,0.0
29,0.05,7,range_scaled,Pitcher,9,Offspeed_Top,1.0
29,0.05,7,range_scaled,Pitcher,9,Offspeed_Chase,0.0
29,0.05,7,range_scaled,Pitcher,10,Fastball_Bottom,0.125
29,0.05,7,range_scaled,Pitcher,10,Fastball_Middle,0.125
29,0.05,7,range_scaled,Pitcher,10,Fastball_Top,0.125
29,0.05,7,range_scaled,Pitcher,10,Fastball_Chase,0.125
29,0.05,7,range_scaled,Pitcher,10,Offspeed_Bottom,0.125
29,0.05,7,range_scaled,Pitcher,10,Offspeed_Middle,0.125
29,0.05,7,range_scaled,Pitcher,10,Offspeed_Top,0.125
29,0.05,7,range_scaled,Pitcher,10,Offspeed_Chase,0.125
29,0.05,7,range_scaled,Pitcher,11,Fastball_Bottom,0.125
29,0.05,7,range_scaled,Pitcher,11,Fastball_Middle,0.125
29,0.05,7,range_scaled,Pitcher,11,Fastball_Top,0.125
29,0.05,7,range_scaled,Pitcher,11,Fastball_Chase,0.125
29,0.05,7,range_scaled,Pitcher,11,Offspeed_Bottom,0.125
29,0.05,7,range_scaled,Pitcher,11,Offspeed_Middle,0.125
29,0.05,7,range_scaled,Pitcher,11,Offspeed_Top,0.125
29,0.05,7,range_scaled,Pitcher,11,Offspeed_Chase,0.125
29,0.05,7,range_scaled,Pitcher,12,Fastball_Bottom,0.125
29,0.05,7,range_scaled,Pitcher,12,Fastball_Middle,0.125
29,0.05,7,range_scaled,Pitcher,12,Fastball_Top,0.125
29,0.05,7,range_scaled,Pitcher,12,Fastball_Chase,0.125
29,0.05,7,range_scaled,Pitcher,12,Offspeed_Bottom,0.125
29,0.05,7,range_scaled,Pitcher,12,Offspeed_Middle,0.125
29,0.05,7,range_scaled,Pitcher,12,Offspeed_Top,0.125
29,0.05,7,range_scaled,Pitcher,12,Offspeed_Chase,0.125
29,0.05,7,range_scaled,Pitcher,13,Fastball_Bottom,0.125
29,0.05,7,range_scaled,Pitcher,13,Fastball_Middle,0.125
29,0.05,7,range_scaled,Pitcher,13,Fastball_Top,0.125
29,0.05,7,range_scaled,Pitcher,13,Fastball_Chase,0.125
29,0.05,7,range_scaled,Pitcher,13,Offspeed_Bottom,0.125
29,0.05,7,range_scaled,Pitcher,13,Offspeed_Middle,0.125
29,0.05,7,range_scaled,Pitcher,13,Offspeed_Top,0.125
29,0.05,7,range_scaled,Pitcher,13,Offspeed_Chase,0.125
29,0.05,7,range_scaled,Pitcher,14,Fastball_Bottom,0.125
29,0.05,7,range_scaled,Pitcher,14,Fastball_Middle,0.125
29,0.05,7,range_scaled,Pitcher,14,Fastball_Top,0.125
29,0.05,7,range_scaled,Pitcher,14,Fastball_Chase,0.125
29,0.05,7,range_scaled,Pitcher,14,Offspeed_Bottom,0.125
29,0.05,7,range_scaled,Pitcher,14,Offspeed_Middle,0.125
29,0.05,7,range_scaled,Pitcher,14,Offspeed_Top,0.125
29,0.05,7,range_scaled,Pitcher,14,Offspeed_Chase,0.125
29,0.05,7,range_scaled,Pitcher,15,Fastball_Bottom,0.125
29,0.05,7,range_scaled,Pitcher,15,Fastball_Middle,0.125
29,0.05,7,range_scaled,Pitcher,15,Fastball_Top,0.125
29,0.05,7,range_scaled,Pitcher,15,Fastball_Chase,0.125
29,0.05,7,range_scaled,Pitcher,15,Offspeed_Bottom,0.125
29,0.05,7,range_scaled,Pitcher,15,Offspeed_Middle,0.125
29,0.05,7,range_scaled,Pitcher,15,Offspeed_Top,0.125
29,0.05,7,range_scaled,Pitcher,15,Offspeed_Chase,0.125
29,0.05,7,range_scaled,Pitcher,16,Fastball_Bottom,0.125
29,0.05,7,range_scaled,Pitcher,16,Fastball_Middle,0.125
29,0.05,7,range_scaled,Pitcher,16,Fastball_Top,0.125
29,0.05,7,range_scaled,Pitcher,16,Fastball_Chase,0.125
29,0.05,7,range_scaled,Pitcher,16,Offspeed_Bottom,0.125
29,0.05,7,range_scaled,Pitcher,16,Offspeed_Middle,0.125
29,0.05,7,range_scaled,Pitcher,16,Offspeed_Top,0.125
29,0.05,7,range_scaled,Pitcher,16,Offspeed_Chase,0.125
29,0.05,7,range_scaled,Pitcher,17,Fastball_Bottom,0.125
29,0.05,7,range_scaled,Pitcher,17,Fastball_Middle,0.125
29,0.05,7,range_scaled,Pitcher,17,Fastball_Top,0.125
29,0.05,7,range_scaled,Pitcher,17,Fastball_Chase,0.125
29,0.05,7,range_scaled,Pitcher,17,Offspeed_Bottom,0.125
29,0.05,7,range_scaled,Pitcher,17,Offspeed_Middle,0.125
29,0.05,7,range_scaled,Pitcher,17,Offspeed_Top,0.125
29,0.05,7,range_scaled,Pitcher,17,Offspeed_Chase,0.125
30,0.05,8,range_scaled,Batter,1,Swing,1.0
30,0.05,8,range_scaled,Batter,1,Take,0.0
30,0.05,8,range_scaled,Batter,2,Swing,1.0
30,0.05,8,range_scaled,Batter,2,Take,0.0
30,0.05,8,range_scaled,Batter,3,Swing,0.5
30,0.05,8,range_scaled,Batter,3,Take,0.5
30,0.05,8,range_scaled,Batter,4,Swing,1.0
30,0.05,8,range_scaled,Batter,4,Take,0.0
30,0.05,8,range_scaled,Batter,5,Swing,0.5
30,0.05,8,range_scaled,Batter,5,Take,0.5
30,0.05,8,range_scaled,Batter,6,Swing,1.0
30,0.05,8,range_scaled,Batter,6,Take,0.0
30,0.05,8,range_scaled,Batter,7,Swing,0.5
30,0.05,8,range_scaled,Batter,7,Take,0.5
30,0.05,8,range_scaled,Batter,8,Swing,1.0
30,0.05,8,range_scaled,Batter,8,Take,0.0
30,0.05,8,range_scaled,Batter,9,Swing,0.5
30,0.05,8,range_scaled,Batter,9,Take,0.5
30,0.05,8,range_scaled,Batter,10,Swing,1.0
30,0.05,8,range_scaled,Batter,10,Take,0.0
30,0.05,8,range_scaled,Batter,11,Swing,0.5
30,0.05,8,range_scaled,Batter,11,Take,0.5
30,0.05,8,range_scaled,Batter,12,Swing,1.0
30,0.05,8,range_scaled,Batter,12,Take,0.0
30,0.05,8,range_scaled,Batter,13,Swing,0.5
30,0.05,8,range_scaled,Batter,13,Take,0.5
30,0.05,8,range_scaled,Batter,14,Swing,1.0
30,0.05,8,range_scaled,Batter,14,Take,0.0
30,0.05,8,range_scaled,Batter,15,Swing,0.5
30,0.05,8,range_scaled,Batter,15,Take,0.5
30,0.05,8,range_scaled,Batter,16,Swing,1.0
30,0.05,8,range_scaled,Batter,16,Take,0.0
30,0.05,8,range_scaled,Batter,17,Swing,0.5
30,0.05,8,range_scaled,Batter,17,Take,0.5
30,0.05,8,range_scaled,Pitcher,1,Fastball_Bottom,0.0
30,0.05,8,range_scaled,Pitcher,1,Fastball_Middle,0.0
30,0.05,8,range_scaled,Pitcher,1,Fastball_Top,1.0
30,0.05,8,range_scaled,Pitcher,1,Fastball_Chase,0.0
30,0.05,8,range_scaled,Pitcher,1,Offspeed_Bottom,0.0
30,0.05,8,range_scaled,Pitcher,1,Offspeed_Middle,0.0
30,0.05,8,range_scaled,Pitcher,1,Offspeed_Top,0.0
30,0.05,8,range_scaled,Pitcher,1,Offspeed_Chase,0.0
30,0.05,8,range_scaled,Pitcher,2,Fastball_Bottom,0.125
30,0.05,8,range_scaled,Pitcher,2,Fastball_Middle,0.125
30,0.05,8,range_scaled,Pitcher,2,Fastball_Top,0.125
30,0.05,8,range_scaled,Pitcher,2,Fastball_Chase,0.125
30,0.05,8,range_scaled,Pitcher,2,Offspeed_Bottom,0.125
30,0.05,8,range_scaled,Pitcher,2,Offspeed_Middle,0.125
30,0.05,8,range_scaled,Pitcher,2,Offspeed_Top,0.125
30,0.05,8,range_scaled,Pitcher,2,Offspeed_Chase,0.125
30,0.05,8,range_scaled,Pitcher,3,Fastball_Bottom,0.125
30,0.05,8,range_scaled,Pitcher,3,Fastball_Middle,0.125
30,0.05,8,range_scaled,Pitcher,3,Fastball_Top,0.125
30,0.05,8,range_scaled,Pitcher,3,Fastball_Chase,0.125
30,0.05,8,range_scaled,Pitcher,3,Offspeed_Bottom,0.125
30,0.05,8,range_scaled,Pitcher,3,Offspeed_Middle,0.125
30,0.05,8,range_scaled,Pitcher,3,Offspeed_Top,0.125
30,0.05,8,range_scaled,Pitcher,3,Offspeed_Chase,0.125
30,0.05,8,range_scaled,Pitcher,4,Fastball_Bottom,0.125
30,0.05,8,range_scaled,Pitcher,4,Fastball_Middle,0.125
30,0.05,8,range_scaled,Pitcher,4,Fastball_Top,0.125
30,0.05,8,range_scaled,Pitcher,4,Fastball_Chase,0.125
30,0.05,8,range_scaled,Pitcher,4,Offspeed_Bottom,0.125
30,0.05,8,range_scaled,Pitcher,4,Offspeed_Middle,0.125
30,0.05,8,range_scaled,Pitcher,4,Offspeed_Top,0.125
30,0.05,8,range_scaled,Pitcher,4,Offspeed_Chase,0.125
30,0.05,8,range_scaled,Pitcher,5,Fastball_Bottom,0.125
30,0.05,8,range_scaled,Pitcher,5,Fastball_Middle,0.125
30,0.05,8,range_scaled,Pitcher,5,Fastball_Top,0.125
30,0.05,8,range_scaled,Pitcher,5,Fastball_Chase,0.125
30,0.05,8,range_scaled,Pitcher,5,Offspeed_Bottom,0.125
30,0.05,8,range_scaled,Pitcher,5,Offspeed_Middle,0.125
30,0.05,8,range_scaled,Pitcher,5,Offspeed_Top,0.125
30,0.05,8,range_scaled,Pitcher,5,Offspeed_Chase,0.125
30,0.05,8,range_scaled,Pitcher,6,Fastball_Bottom,1.0
30,0.05,8,range_scaled,Pitcher,6,Fastball_Middle,0.0
30,0.05,8,range_scaled,Pitcher,6,Fastball_Top,0.0
30,0.05,8,range_scaled,Pitcher,6,Fastball_Chase,0.0
30,0.05,8,range_scaled,Pitcher,6,Offspeed_Bottom,0.0
30,0.05,8,range_scaled,Pitcher,6,Offspeed_Middle,0.0
30,0.05,8,range_scaled,Pitcher,6,Offspeed_Top,0.0
30,0.05,8,range_scaled,Pitcher,6,Offspeed_Chase,0.0
30,0.05,8,range_scaled,Pitcher,7,Fastball_Bottom,0.0
30,0.05,8,range_scaled,Pitcher,7,Fastball_Middle,0.0
30,0.05,8,range_scaled,Pitcher,7,Fastball_Top,0.0
30,0.05,8,range_scaled,Pitcher,7,Fastball_Chase,1.0
30,0.05,8,range_scaled,Pitcher,7,Offspeed_Bottom,0.0
30,0.05,8,range_scaled,Pitcher,7,Offspeed_Middle,0.0
30,0.05,8,range_scaled,Pitcher,7,Offspeed_Top,0.0
30,0.05,8,range_scaled,Pitcher,7,Offspeed_Chase,0.0
30,0.05,8,range_scaled,Pitcher,8,Fastball_Bottom,0.125
30,0.05,8,range_scaled,Pitcher,8,Fastball_Middle,0.125
30,0.05,8,range_scaled,Pitcher,8,Fastball_Top,0.125
30,0.05,8,range_scaled,Pitcher,8,Fastball_Chase,0.125
30,0.05,8,range_scaled,Pitcher,8,Offspeed_Bottom,0.125
30,0.05,8,range_scaled,Pitcher,8,Offspeed_Middle,0.125
30,0.05,8,range_scaled,Pitcher,8,Offspeed_Top,0.125
30,0.05,8,range_scaled,Pitcher,8,Offspeed_Chase,0.125
30,0.05,8,range_scaled,Pitcher,9,Fastball_Bottom,0.125
30,0.05,8,range_scaled,Pitcher,9,Fastball_Middle,0.125
30,0.05,8,range_scaled,Pitcher,9,Fastball_Top,0.125
30,0.05,8,range_scaled,Pitcher,9,Fastball_Chase,0.125
30,0.05,8,range_scaled,Pitcher,9,Offspeed_Bottom,0.125
30,0.05,8,range_scaled,Pitcher,9,Offspeed_Middle,0.125
30,0.05,8,range_scaled,Pitcher,9,Offspeed_Top,0.125
30,0.05,8,range_scaled,Pitcher,9,Offspeed_Chase,0.125
30,0.05,8,range_scaled,Pitcher,10,Fastball_Bottom,0.125
30,0.05,8,range_scaled,Pitcher,10,Fastball_Middle,0.125
30,0.05,8,range_scaled,Pitcher,10,Fastball_Top,0.125
30,0.05,8,range_scaled,Pitcher,10,Fastball_Chase,0.125
30,0.05,8,range_scaled,Pitcher,10,Offspeed_Bottom,0.125
30,0.05,8,range_scaled,Pitcher,10,Offspeed_Middle,0.125
30,0.05,8,range_scaled,Pitcher,10,Offspeed_Top,0.125
30,0.05,8,range_scaled,Pitcher,10,Offspeed_Chase,0.125
30,0.05,8,range_scaled,Pitcher,11,Fastball_Bottom,0.125
30,0.05,8,range_scaled,Pitcher,11,Fastball_Middle,0.125
30,0.05,8,range_scaled,Pitcher,11,Fastball_Top,0.125
30,0.05,8,range_scaled,Pitcher,11,Fastball_Chase,0.125
30,0.05,8,range_scaled,Pitcher,11,Offspeed_Bottom,0.125
30,0.05,8,range_scaled,Pitcher,11,Offspeed_Middle,0.125
30,0.05,8,range_scaled,Pitcher,11,Offspeed_Top,0.125
30,0.05,8,range_scaled,Pitcher,11,Offspeed_Chase,0.125
30,0.05,8,range_scaled,Pitcher,12,Fastball_Bottom,0.125
30,0.05,8,range_scaled,Pitcher,12,Fastball_Middle,0.125
30,0.05,8,range_scaled,Pitcher,12,Fastball_Top,0.125
30,0.05,8,range_scaled,Pitcher,12,Fastball_Chase,0.125
30,0.05,8,range_scaled,Pitcher,12,Offspeed_Bottom,0.125
30,0.05,8,range_scaled,Pitcher,12,Offspeed_Middle,0.125
30,0.05,8,range_scaled,Pitcher,12,Offspeed_Top,0.125
30,0.05,8,range_scaled,Pitcher,12,Offspeed_Chase,0.125
30,0.05,8,range_scaled,Pitcher,13,Fastball_Bottom,0.125
30,0.05,8,range_scaled,Pitcher,13,Fastball_Middle,0.125
30,0.05,8,range_scaled,Pitcher,13,Fastball_Top,0.125
30,0.05,8,range_scaled,Pitcher,13,Fastball_Chase,0.125
30,0.05,8,range_scaled,Pitcher,13,Offspeed_Bottom,0.125
30,0.05,8,range_scaled,Pitcher,13,Offspeed_Middle,0.125
30,0.05,8,range_scaled,Pitcher,13,Offspeed_Top,0.125
30,0.05,8,range_scaled,Pitcher,13,Offspeed_Chase,0.125
30,0.05,8,range_scaled,Pitcher,14,Fastball_Bottom,0.125
30,0.05,8,range_scaled,Pitcher,14,Fastball_Middle,0.125
30,0.05,8,range_scaled,Pitcher,14,Fastball_Top,0.125
30,0.05,8,range_scaled,Pitcher,14,Fastball_Chase,0.125
30,0.05,8,range_scaled,Pitcher,14,Offspeed_Bottom,0.125
30,0.05,8,range_scaled,Pitcher,14,Offspeed_Middle,0.125
30,0.05,8,range_scaled,Pitcher,14,Offspeed_Top,0.125
30,0.05,8,range_scaled,Pitcher,14,Offspeed_Chase,0.125
30,0.05,8,range_scaled,Pitcher,15,Fastball_Bottom,0.125
30,0.05,8,range_scaled,Pitcher,15,Fastball_Middle,0.125
30,0.05,8,range_scaled,Pitcher,15,Fastball_Top,0.125
30,0.05,8,range_scaled,Pitcher,15,Fastball_Chase,0.125
30,0.05,8,range_scaled,Pitcher,15,Offspeed_Bottom,0.125
30,0.05,8,range_scaled,Pitcher,15,Offspeed_Middle,0.125
30,0.05,8,range_scaled,Pitcher,15,Offspeed_Top,0.125
30,0.05,8,range_scaled,Pitcher,15,Offspeed_Chase,0.125
30,0.05,8,range_scaled,Pitcher,16,Fastball_Bottom,0.125
30,0.05,8,range_scaled,Pitcher,16,Fastball_Middle,0.125
30,0.05,8,range_scaled,Pitcher,16,Fastball_Top,0.125
30,0.05,8,range_scaled,Pitcher,16,Fastball_Chase,0.125
30,0.05,8,range_scaled,Pitcher,16,Offspeed_Bottom,0.125
30,0.05,8,range_scaled,Pitcher,16,Offspeed_Middle,0.125
30,0.05,8,range_scaled,Pitcher,16,Offspeed_Top,0.125
30,0.05,8,range_scaled,Pitcher,16,Offspeed_Chase,0.125
30,0.05,8,range_scaled,Pitcher,17,Fastball_Bottom,0.125
30,0.05,8,range_scaled,Pitcher,17,Fastball_Middle,0.125
30,0.05,8,range_scaled,Pitcher,17,Fastball_Top,0.125
30,0.05,8,range_scaled,Pitcher,17,Fastball_Chase,0.125
30,0.05,8,range_scaled,Pitcher,17,Offspeed_Bottom,0.125
30,0.05,8,range_scaled,Pitcher,17,Offspeed_Middle,0.125
30,0.05,8,range_scaled,Pitcher,17,Offspeed_Top,0.125
30,0.05,8,range_scaled,Pitcher,17,Offspeed_Chase,0.125
31,0.05,9,range_scaled,Batter,1,Swing,0.4548182358402778
31,0.05,9,range_scaled,Batter,1,Take,0.5451817641597222
31,0.05,9,range_scaled,Batter,2,Swing,1.0
31,0.05,9,range_scaled,Batter,2,Take,0.0
31,0.05,9,range_scaled,Batter,3,Swing,1.0
31,0.05,9,range_scaled,Batter,3,Take,0.0
31,0.05,9,range_scaled,Batter,4,Swing,1.0
31,0.05,9,range_scaled,Batter,4,Take,0.0
31,0.05,9,range_scaled,Batter,5,Swing,0.0
31,0.05,9,range_scaled,Batter,5,Take,1.0
31,0.05,9,range_scaled,Batter,6,Swing,1.0
31,0.05,9,range_scaled,Batter,6,Take,0.0
31,0.05,9,range_scaled,Batter,7,Swing,0.0
31,0.05,9,range_scaled,Batter,7,Take,1.0
31,0.05,9,range_scaled,Batter,8,Swing,1.0
31,0.05,9,range_scaled,Batter,8,Take,0.0
31,0.05,9,range_scaled,Batter,9,Swing,0.0
31,0.05,9,range_scaled,Batter,9,Take,1.0
31,0.05,9,range_scaled,Batter,10,Swing,1.0
31,0.05,9,range_scaled,Batter,10,Take,0.0
31,0.05,9,range_scaled,Batter,11,Swing,0.0
31,0.05,9,range_scaled,Batter,11,Take,1.0
31,0.05,9,range_scaled,Batter,12,Swing,1.0
31,0.05,9,range_scaled,Batter,12,Take,0.0
31,0.05,9,range_scaled,Batter,13,Swing,0.6085235849566065
31,0.05,9,range_scaled,Batter,13,Take,0.3914764150433935
31,0.05,9,range_scaled,Batter,14,Swing,1.0
31,0.05,9,range_scaled,Batter,14,Take,0.0
31,0.05,9,range_scaled,Batter,15,Swing,1.0
31,0.05,9,range_scaled,Batter,15,Take,0.0
31,0.05,9,range_scaled,Batter,16,Swing,1.0
31,0.05,9,range_scaled,Batter,16,Take,0.0
31,0.05,9,range_scaled,Batter,17,Swing,0.6693676498283874
31,0.05,9,range_scaled,Batter,17,Take,0.3306323501716127
31,0.05,9,range_scaled,Pitcher,1,Fastball_Bottom,0.0
31,0.05,9,range_scaled,Pitcher,1,Fastball_Middle,0.0
31,0.05,9,range_scaled,Pitcher,1,Fastball_Top,0.0
31,0.05,9,range_scaled,Pitcher,1,Fastball_Chase,0.0
31,0.05,9,range_scaled,Pitcher,1,Offspeed_Bottom,0.0
31,0.05,9,range_scaled,Pitcher,1,Offspeed_Middle,0.25348649359621256
31,0.05,9,range_scaled,Pitcher,1,Offspeed_Top,0.0
31,0.05,9,range_scaled,Pitcher,1,Offspeed_Chase,0.7465135064037874
31,0.05,9,range_scaled,Pitcher,2,Fastball_Bottom,0.125
31,0.05,9,range_scaled,Pitcher,2,Fastball_Middle,0.125
31,0.05,9,range_scaled,Pitcher,2,Fastball_Top,0.125
31,0.05,9,range_scaled,Pitcher,2,Fastball_Chase,0.125
31,0.05,9,range_scaled,Pitcher,2,Offspeed_Bottom,0.125
31,0.05,9,range_scaled,Pitcher,2,Offspeed_Middle,0.125
31,0.05,9,range_scaled,Pitcher,2,Offspeed_Top,0.125
31,0.05,9,range_scaled,Pitcher,2,Offspeed_Chase,0.125
31,0.05,9,range_scaled,Pitcher,3,Fastball_Bottom,0.125
31,0.05,9,range_scaled,Pitcher,3,Fastball_Middle,0.125
31,0.05,9,range_scaled,Pitcher,3,Fastball_Top,0.125
31,0.05,9,range_scaled,Pitcher,3,Fastball_Chase,0.125
31,0.05,9,range_scaled,Pitcher,3,Offspeed_Bottom,0.125
31,0.05,9,range_scaled,Pitcher,3,Offspeed_Middle,0.125
31,0.05,9,range_scaled,Pitcher,3,Offspeed_Top,0.125
31,0.05,9,range_scaled,Pitcher,3,Offspeed_Chase,0.125
31,0.05,9,range_scaled,Pitcher,4,Fastball_Bottom,0.125
31,0.05,9,range_scaled,Pitcher,4,Fastball_Middle,0.125
31,0.05,9,range_scaled,Pitcher,4,Fastball_Top,0.125
31,0.05,9,range_scaled,Pitcher,4,Fastball_Chase,0.125
31,0.05,9,range_scaled,Pitcher,4,Offspeed_Bottom,0.125
31,0.05,9,range_scaled,Pitcher,4,Offspeed_Middle,0.125
31,0.05,9,range_scaled,Pitcher,4,Offspeed_Top,0.125
31,0.05,9,range_scaled,Pitcher,4,Offspeed_Chase,0.125
31,0.05,9,range_scaled,Pitcher,5,Fastball_Bottom,0.125
31,0.05,9,range_scaled,Pitcher,5,Fastball_Middle,0.125
31,0.05,9,range_scaled,Pitcher,5,Fastball_Top,0.125
31,0.05,9,range_scaled,Pitcher,5,Fastball_Chase,0.125
31,0.05,9,range_scaled,Pitcher,5,Offspeed_Bottom,0.125
31,0.05,9,range_scaled,Pitcher,5,Offspeed_Middle,0.125
31,0.05,9,range_scaled,Pitcher,5,Offspeed_Top,0.125
31,0.05,9,range_scaled,Pitcher,5,Offspeed_Chase,0.125
31,0.05,9,range_scaled,Pitcher,6,Fastball_Bottom,0.125
31,0.05,9,range_scaled,Pitcher,6,Fastball_Middle,0.125
31,0.05,9,range_scaled,Pitcher,6,Fastball_Top,0.125
31,0.05,9,range_scaled,Pitcher,6,Fastball_Chase,0.125
31,0.05,9,range_scaled,Pitcher,6,Offspeed_Bottom,0.125
31,0.05,9,range_scaled,Pitcher,6,Offspeed_Middle,0.125
31,0.05,9,range_scaled,Pitcher,6,Offspeed_Top,0.125
31,0.05,9,range_scaled,Pitcher,6,Offspeed_Chase,0.125
31,0.05,9,range_scaled,Pitcher,7,Fastball_Bottom,0.125
31,0.05,9,range_scaled,Pitcher,7,Fastball_Middle,0.125
31,0.05,9,range_scaled,Pitcher,7,Fastball_Top,0.125
31,0.05,9,range_scaled,Pitcher,7,Fastball_Chase,0.125
31,0.05,9,range_scaled,Pitcher,7,Offspeed_Bottom,0.125
31,0.05,9,range_scaled,Pitcher,7,Offspeed_Middle,0.125
31,0.05,9,range_scaled,Pitcher,7,Offspeed_Top,0.125
31,0.05,9,range_scaled,Pitcher,7,Offspeed_Chase,0.125
31,0.05,9,range_scaled,Pitcher,8,Fastball_Bottom,0.125
31,0.05,9,range_scaled,Pitcher,8,Fastball_Middle,0.125
31,0.05,9,range_scaled,Pitcher,8,Fastball_Top,0.125
31,0.05,9,range_scaled,Pitcher,8,Fastball_Chase,0.125
31,0.05,9,range_scaled,Pitcher,8,Offspeed_Bottom,0.125
31,0.05,9,range_scaled,Pitcher,8,Offspeed_Middle,0.125
31,0.05,9,range_scaled,Pitcher,8,Offspeed_Top,0.125
31,0.05,9,range_scaled,Pitcher,8,Offspeed_Chase,0.125
31,0.05,9,range_scaled,Pitcher,9,Fastball_Bottom,0.125
31,0.05,9,range_scaled,Pitcher,9,Fastball_Middle,0.125
31,0.05,9,range_scaled,Pitcher,9,Fastball_Top,0.125
31,0.05,9,range_scaled,Pitcher,9,Fastball_Chase,0.125
31,0.05,9,range_scaled,Pitcher,9,Offspeed_Bottom,0.125
31,0.05,9,range_scaled,Pitcher,9,Offspeed_Middle,0.125
31,0.05,9,range_scaled,Pitcher,9,Offspeed_Top,0.125
31,0.05,9,range_scaled,Pitcher,9,Offspeed_Chase,0.125
31,0.05,9,range_scaled,Pitcher,10,Fastball_Bottom,0.125
31,0.05,9,range_scaled,Pitcher,10,Fastball_Middle,0.125
31,0.05,9,range_scaled,Pitcher,10,Fastball_Top,0.125
31,0.05,9,range_scaled,Pitcher,10,Fastball_Chase,0.125
31,0.05,9,range_scaled,Pitcher,10,Offspeed_Bottom,0.125
31,0.05,9,range_scaled,Pitcher,10,Offspeed_Middle,0.125
31,0.05,9,range_scaled,Pitcher,10,Offspeed_Top,0.125
31,0.05,9,range_scaled,Pitcher,10,Offspeed_Chase,0.125
31,0.05,9,range_scaled,Pitcher,11,Fastball_Bottom,0.125
31,0.05,9,range_scaled,Pitcher,11,Fastball_Middle,0.125
31,0.05,9,range_scaled,Pitcher,11,Fastball_Top,0.125
31,0.05,9,range_scaled,Pitcher,11,Fastball_Chase,0.125
31,0.05,9,range_scaled,Pitcher,11,Offspeed_Bottom,0.125
31,0.05,9,range_scaled,Pitcher,11,Offspeed_Middle,0.125
31,0.05,9,range_scaled,Pitcher,11,Offspeed_Top,0.125
31,0.05,9,range_scaled,Pitcher,11,Offspeed_Chase,0.125
31,0.05,9,range_scaled,Pitcher,12,Fastball_Bottom,1.0
31,0.05,9,range_scaled,Pitcher,12,Fastball_Middle,0.0
31,0.05,9,range_scaled,Pitcher,12,Fastball_Top,0.0
31,0.05,9,range_scaled,Pitcher,12,Fastball_Chase,0.0
31,0.05,9,range_scaled,Pitcher,12,Offspeed_Bottom,0.0
31,0.05,9,range_scaled,Pitcher,12,Offspeed_Middle,0.0
31,0.05,9,range_scaled,Pitcher,12,Offspeed_Top,0.0
31,0.05,9,range_scaled,Pitcher,12,Offspeed_Chase,0.0
31,0.05,9,range_scaled,Pitcher,13,Fastball_Bottom,0.38883050580032896
31,0.05,9,range_scaled,Pitcher,13,Fastball_Middle,0.0
31,0.05,9,range_scaled,Pitcher,13,Fastball_Top,0.0
31,0.05,9,range_scaled,Pitcher,13,Fastball_Chase,0.6111694941996711
31,0.05,9,range_scaled,Pitcher,13,Offspeed_Bottom,0.0
31,0.05,9,range_scaled,Pitcher,13,Offspeed_Middle,0.0
31,0.05,9,range_scaled,Pitcher,13,Offspeed_Top,0.0
31,0.05,9,range_scaled,Pitcher,13,Offspeed_Chase,0.0
31,0.05,9,range_scaled,Pitcher,14,Fastball_Bottom,0.125
31,0.05,9,range_scaled,Pitcher,14,Fastball_Middle,0.125
31,0.05,9,range_scaled,Pitcher,14,Fastball_Top,0.125
31,0.05,9,range_scaled,Pitcher,14,Fastball_Chase,0.125
31,0.05,9,range_scaled,Pitcher,14,Offspeed_Bottom,0.125
31,0.05,9,range_scaled,Pitcher,14,Offspeed_Middle,0.125
31,0.05,9,range_scaled,Pitcher,14,Offspeed_Top,0.125
31,0.05,9,range_scaled,Pitcher,14,Offspeed_Chase,0.125
31,0.05,9,range_scaled,Pitcher,15,Fastball_Bottom,0.125
31,0.05,9,range_scaled,Pitcher,15,Fastball_Middle,0.125
31,0.05,9,range_scaled,Pitcher,15,Fastball_Top,0.125
31,0.05,9,range_scaled,Pitcher,15,Fastball_Chase,0.125
31,0.05,9,range_scaled,Pitcher,15,Offspeed_Bottom,0.125
31,0.05,9,range_scaled,Pitcher,15,Offspeed_Middle,0.125
31,0.05,9,range_scaled,Pitcher,15,Offspeed_Top,0.125
31,0.05,9,range_scaled,Pitcher,15,Offspeed_Chase,0.125
31,0.05,9,range_scaled,Pitcher,16,Fastball_Bottom,1.0
31,0.05,9,range_scaled,Pitcher,16,Fastball_Middle,0.0
31,0.05,9,range_scaled,Pitcher,16,Fastball_Top,0.0
31,0.05,9,range_scaled,Pitcher,16,Fastball_Chase,0.0
31,0.05,9,range_scaled,Pitcher,16,Offspeed_Bottom,0.0
31,0.05,9,range_scaled,Pitcher,16,Offspeed_Middle,0.0
31,0.05,9,range_scaled,Pitcher,16,Offspeed_Top,0.0
31,0.05,9,range_scaled,Pitcher,16,Offspeed_Chase,0.0
31,0.05,9,range_scaled,Pitcher,17,Fastball_Bottom,0.0
31,0.05,9,range_scaled,Pitcher,17,Fastball_Middle,0.0
31,0.05,9,range_scaled,Pitcher,17,Fastball_Top,0.0
31,0.05,9,range_scaled,Pitcher,17,Fastball_Chase,0.0
31,0.05,9,range_scaled,Pitcher,17,Offspeed_Bottom,0.0
31,0.05,9,range_scaled,Pitcher,17,Offspeed_Middle,0.335649322488344
31,0.05,9,range_scaled,Pitcher,17,Offspeed_Top,0.664350677511656
31,0.05,9,range_scaled,Pitcher,17,Offspeed_Chase,0.0
32,0.05,10,range_scaled,Batter,1,Swing,1.0
32,0.05,10,range_scaled,Batter,1,Take,-0.0
32,0.05,10,range_scaled,Batter,2,Swing,1.0
32,0.05,10,range_scaled,Batter,2,Take,0.0
32,0.05,10,range_scaled,Batter,3,Swing,0.5
32,0.05,10,range_scaled,Batter,3,Take,0.5
32,0.05,10,range_scaled,Batter,4,Swing,1.0
32,0.05,10,range_scaled,Batter,4,Take,0.0
32,0.05,10,range_scaled,Batter,5,Swing,0.5
32,0.05,10,range_scaled,Batter,5,Take,0.5
32,0.05,10,range_scaled,Batter,6,Swing,1.0
32,0.05,10,range_scaled,Batter,6,Take,0.0
32,0.05,10,range_scaled,Batter,7,Swing,0.5
32,0.05,10,range_scaled,Batter,7,Take,0.5
32,0.05,10,range_scaled,Batter,8,Swing,1.0
32,0.05,10,range_scaled,Batter,8,Take,0.0
32,0.05,10,range_scaled,Batter,9,Swing,0.5
32,0.05,10,range_scaled,Batter,9,Take,0.5
32,0.05,10,range_scaled,Batter,10,Swing,1.0
32,0.05,10,range_scaled,Batter,10,Take,0.0
32,0.05,10,range_scaled,Batter,11,Swing,0.5
32,0.05,10,range_scaled,Batter,11,Take,0.5
32,0.05,10,range_scaled,Batter,12,Swing,1.0
32,0.05,10,range_scaled,Batter,12,Take,0.0
32,0.05,10,range_scaled,Batter,13,Swing,0.5
32,0.05,10,range_scaled,Batter,13,Take,0.5
32,0.05,10,range_scaled,Batter,14,Swing,1.0
32,0.05,10,range_scaled,Batter,14,Take,0.0
32,0.05,10,range_scaled,Batter,15,Swing,0.5
32,0.05,10,range_scaled,Batter,15,Take,0.5
32,0.05,10,range_scaled,Batter,16,Swing,1.0
32,0.05,10,range_scaled,Batter,16,Take,0.0
32,0.05,10,range_scaled,Batter,17,Swing,0.5
32,0.05,10,range_scaled,Batter,17,Take,0.5
32,0.05,10,range_scaled,Pitcher,1,Fastball_Bottom,0.0
32,0.05,10,range_scaled,Pitcher,1,Fastball_Middle,0.0
32,0.05,10,range_scaled,Pitcher,1,Fastball_Top,0.0
32,0.05,10,range_scaled,Pitcher,1,Fastball_Chase,1.0
32,0.05,10,range_scaled,Pitcher,1,Offspeed_Bottom,0.0
32,0.05,10,range_scaled,Pitcher,1,Offspeed_Middle,0.0
32,0.05,10,range_scaled,Pitcher,1,Offspeed_Top,0.0
32,0.05,10,range_scaled,Pitcher,1,Offspeed_Chase,0.0
32,0.05,10,range_scaled,Pitcher,2,Fastball_Bottom,0.125
32,0.05,10,range_scaled,Pitcher,2,Fastball_Middle,0.125
32,0.05,10,range_scaled,Pitcher,2,Fastball_Top,0.125
32,0.05,10,range_scaled,Pitcher,2,Fastball_Chase,0.125
32,0.05,10,range_scaled,Pitcher,2,Offspeed_Bottom,0.125
32,0.05,10,range_scaled,Pitcher,2,Offspeed_Middle,0.125
32,0.05,10,range_scaled,Pitcher,2,Offspeed_Top,0.125
32,0.05,10,range_scaled,Pitcher,2,Offspeed_Chase,0.125
32,0.05,10,range_scaled,Pitcher,3,Fastball_Bottom,0.125
32,0.05,10,range_scaled,Pitcher,3,Fastball_Middle,0.125
32,0.05,10,range_scaled,Pitcher,3,Fastball_Top,0.125
32,0.05,10,range_scaled,Pitcher,3,Fastball_Chase,0.125
32,0.05,10,range_scaled,Pitcher,3,Offspeed_Bottom,0.125
32,0.05,10,range_scaled,Pitcher,3,Offspeed_Middle,0.125
32,0.05,10,range_scaled,Pitcher,3,Offspeed_Top,0.125
32,0.05,10,range_scaled,Pitcher,3,Offspeed_Chase,0.125
32,0.05,10,range_scaled,Pitcher,4,Fastball_Bottom,0.125
32,0.05,10,range_scaled,Pitcher,4,Fastball_Middle,0.125
32,0.05,10,range_scaled,Pitcher,4,Fastball_Top,0.125
32,0.05,10,range_scaled,Pitcher,4,Fastball_Chase,0.125
32,0.05,10,range_scaled,Pitcher,4,Offspeed_Bottom,0.125
32,0.05,10,range_scaled,Pitcher,4,Offspeed_Middle,0.125
32,0.05,10,range_scaled,Pitcher,4,Offspeed_Top,0.125
32,0.05,10,range_scaled,Pitcher,4,Offspeed_Chase,0.125
32,0.05,10,range_scaled,Pitcher,5,Fastball_Bottom,0.125
32,0.05,10,range_scaled,Pitcher,5,Fastball_Middle,0.125
32,0.05,10,range_scaled,Pitcher,5,Fastball_Top,0.125
32,0.05,10,range_scaled,Pitcher,5,Fastball_Chase,0.125
32,0.05,10,range_scaled,Pitcher,5,Offspeed_Bottom,0.125
32,0.05,10,range_scaled,Pitcher,5,Offspeed_Middle,0.125
32,0.05,10,range_scaled,Pitcher,5,Offspeed_Top,0.125
32,0.05,10,range_scaled,Pitcher,5,Offspeed_Chase,0.125
32,0.05,10,range_scaled,Pitcher,6,Fastball_Bottom,0.125
32,0.05,10,range_scaled,Pitcher,6,Fastball_Middle,0.125
32,0.05,10,range_scaled,Pitcher,6,Fastball_Top,0.125
32,0.05,10,range_scaled,Pitcher,6,Fastball_Chase,0.125
32,0.05,10,range_scaled,Pitcher,6,Offspeed_Bottom,0.125
32,0.05,10,range_scaled,Pitcher,6,Offspeed_Middle,0.125
32,0.05,10,range_scaled,Pitcher,6,Offspeed_Top,0.125
32,0.05,10,range_scaled,Pitcher,6,Offspeed_Chase,0.125
32,0.05,10,range_scaled,Pitcher,7,Fastball_Bottom,0.125
32,0.05,10,range_scaled,Pitcher,7,Fastball_Middle,0.125
32,0.05,10,range_scaled,Pitcher,7,Fastball_Top,0.125
32,0.05,10,range_scaled,Pitcher,7,Fastball_Chase,0.125
32,0.05,10,range_scaled,Pitcher,7,Offspeed_Bottom,0.125
32,0.05,10,range_scaled,Pitcher,7,Offspeed_Middle,0.125
32,0.05,10,range_scaled,Pitcher,7,Offspeed_Top,0.125
32,0.05,10,range_scaled,Pitcher,7,Offspeed_Chase,0.125
32,0.05,10,range_scaled,Pitcher,8,Fastball_Bottom,1.0
32,0.05,10,range_scaled,Pitcher,8,Fastball_Middle,0.0
32,0.05,10,range_scaled,Pitcher,8,Fastball_Top,0.0
32,0.05,10,range_scaled,Pitcher,8,Fastball_Chase,0.0
32,0.05,10,range_scaled,Pitcher,8,Offspeed_Bottom,0.0
32,0.05,10,range_scaled,Pitcher,8,Offspeed_Middle,0.0
32,0.05,10,range_scaled,Pitcher,8,Offspeed_Top,0.0
32,0.05,10,range_scaled,Pitcher,8,Offspeed_Chase,0.0
32,0.05,10,range_scaled,Pitcher,9,Fastball_Bottom,0.0
32,0.05,10,range_scaled,Pitcher,9,Fastball_Middle,0.0
32,0.05,10,range_scaled,Pitcher,9,Fastball_Top,1.0
32,0.05,10,range_scaled,Pitcher,9,Fastball_Chase,0.0
32,0.05,10,range_scaled,Pitcher,9,Offspeed_Bottom,0.0
32,0.05,10,range_scaled,Pitcher,9,Offspeed_Middle,0.0
32,0.05,10,range_scaled,Pitcher,9,Offspeed_Top,0.0
32,0.05,10,range_scaled,Pitcher,9,Offspeed_Chase,0.0
32,0.05,10,range_scaled,Pitcher,10,Fastball_Bottom,0.125
32,0.05,10,range_scaled,Pitcher,10,Fastball_Middle,0.125
32,0.05,10,range_scaled,Pitcher,10,Fastball_Top,0.125
32,0.05,10,range_scaled,Pitcher,10,Fastball_Chase,0.125
32,0.05,10,range_scaled,Pitcher,10,Offspeed_Bottom,0.125
32,0.05,10,range_scaled,Pitcher,10,Offspeed_Middle,0.125
32,0.05,10,range_scaled,Pitcher,10,Offspeed_Top,0.125
32,0.05,10,range_scaled,Pitcher,10,Offspeed_Chase,0.125
32,0.05,10,range_scaled,Pitcher,11,Fastball_Bottom,0.125
32,0.05,10,range_scaled,Pitcher,11,Fastball_Middle,0.125
32,0.05,10,range_scaled,Pitcher,11,Fastball_Top,0.125
32,0.05,10,range_scaled,Pitcher,11,Fastball_Chase,0.125
32,0.05,10,range_scaled,Pitcher,11,Offspeed_Bottom,0.125
32,0.05,10,range_scaled,Pitcher,11,Offspeed_Middle,0.125
32,0.05,10,range_scaled,Pitcher,11,Offspeed_Top,0.125
32,0.05,10,range_scaled,Pitcher,11,Offspeed_Chase,0.125
32,0.05,10,range_scaled,Pitcher,12,Fastball_Bottom,0.125
32,0.05,10,range_scaled,Pitcher,12,Fastball_Middle,0.125
32,0.05,10,range_scaled,Pitcher,12,Fastball_Top,0.125
32,0.05,10,range_scaled,Pitcher,12,Fastball_Chase,0.125
32,0.05,10,range_scaled,Pitcher,12,Offspeed_Bottom,0.125
32,0.05,10,range_scaled,Pitcher,12,Offspeed_Middle,0.125
32,0.05,10,range_scaled,Pitcher,12,Offspeed_Top,0.125
32,0.05,10,range_scaled,Pitcher,12,Offspeed_Chase,0.125
32,0.05,10,range_scaled,Pitcher,13,Fastball_Bottom,0.125
32,0.05,10,range_scaled,Pitcher,13,Fastball_Middle,0.125
32,0.05,10,range_scaled,Pitcher,13,Fastball_Top,0.125
32,0.05,10,range_scaled,Pitcher,13,Fastball_Chase,0.125
32,0.05,10,range_scaled,Pitcher,13,Offspeed_Bottom,0.125
32,0.05,10,range_scaled,Pitcher,13,Offspeed_Middle,0.125
32,0.05,10,range_scaled,Pitcher,13,Offspeed_Top,0.125
32,0.05,10,range_scaled,Pitcher,13,Offspeed_Chase,0.125
32,0.05,10,range_scaled,Pitcher,14,Fastball_Bottom,0.125
32,0.05,10,range_scaled,Pitcher,14,Fastball_Middle,0.125
32,0.05,10,range_scaled,Pitcher,14,Fastball_Top,0.125
32,0.05,10,range_scaled,Pitcher,14,Fastball_Chase,0.125
32,0.05,10,range_scaled,Pitcher,14,Offspeed_Bottom,0.125
32,0.05,10,range_scaled,Pitcher,14,Offspeed_Middle,0.125
32,0.05,10,range_scaled,Pitcher,14,Offspeed_Top,0.125
32,0.05,10,range_scaled,Pitcher,14,Offspeed_Chase,0.125
32,0.05,10,range_scaled,Pitcher,15,Fastball_Bottom,0.125
32,0.05,10,range_scaled,Pitcher,15,Fastball_Middle,0.125
32,0.05,10,range_scaled,Pitcher,15,Fastball_Top,0.125
32,0.05,10,range_scaled,Pitcher,15,Fastball_Chase,0.125
32,0.05,10,range_scaled,Pitcher,15,Offspeed_Bottom,0.125
32,0.05,10,range_scaled,Pitcher,15,Offspeed_Middle,0.125
32,0.05,10,range_scaled,Pitcher,15,Offspeed_Top,0.125
32,0.05,10,range_scaled,Pitcher,15,Offspeed_Chase,0.125
32,0.05,10,range_scaled,Pitcher,16,Fastball_Bottom,0.125
32,0.05,10,range_scaled,Pitcher,16,Fastball_Middle,0.125
32,0.05,10,range_scaled,Pitcher,16,Fastball_Top,0.125
32,0.05,10,range_scaled,Pitcher,16,Fastball_Chase,0.125
32,0.05,10,range_scaled,Pitcher,16,Offspeed_Bottom,0.125
32,0.05,10,range_scaled,Pitcher,16,Offspeed_Middle,0.125
32,0.05,10,range_scaled,Pitcher,16,Offspeed_Top,0.125
32,0.05,10,range_scaled,Pitcher,16,Offspeed_Chase,0.125
32,0.05,10,range_scaled,Pitcher,17,Fastball_Bottom,0.125
32,0.05,10,range_scaled,Pitcher,17,Fastball_Middle,0.125
32,0.05,10,range_scaled,Pitcher,17,Fastball_Top,0.125
32,0.05,10,range_scaled,Pitcher,17,Fastball_Chase,0.125
32,0.05,10,range_scaled,Pitcher,17,Offspeed_Bottom,0.125
32,0.05,10,range_scaled,Pitcher,17,Offspeed_Middle,0.125
32,0.05,10,range_scaled,Pitcher,17,Offspeed_Top,0.125
32,0.05,10,range_scaled,Pitcher,17,Offspeed_Chase,0.125
33,0.05,11,range_scaled,Batter,1,Swing,0.5282439176931756
33,0.05,11,range_scaled,Batter,1,Take,0.4717560823068244
33,0.05,11,range_scaled,Batter,2,Swing,1.0
33,0.05,11,range_scaled,Batter,2,Take,0.0
33,0.05,11,range_scaled,Batter,3,Swing,0.0
33,0.05,11,range_scaled,Batter,3,Take,1.0
33,0.05,11,range_scaled,Batter,4,Swing,1.0
33,0.05,11,range_scaled,Batter,4,Take,0.0
33,0.05,11,range_scaled,Batter,5,Swing,1.0
33,0.05,11,range_scaled,Batter,5,Take,0.0
33,0.05,11,range_scaled,Batter,6,Swing,1.0
33,0.05,11,range_scaled,Batter,6,Take,0.0
33,0.05,11,range_scaled,Batter,7,Swing,0.0
33,0.05,11,range_scaled,Batter,7,Take,1.0
33,0.05,11,range_scaled,Batter,8,Swing,1.0
33,0.05,11,range_scaled,Batter,8,Take,0.0
33,0.05,11,range_scaled,Batter,9,Swing,0.8259787338615259
33,0.05,11,range_scaled,Batter,9,Take,0.17402126613847418
33,0.05,11,range_scaled,Batter,10,Swing,1.0
33,0.05,11,range_scaled,Batter,10,Take,0.0
33,0.05,11,range_scaled,Batter,11,Swing,0.0
33,0.05,11,range_scaled,Batter,11,Take,1.0
33,0.05,11,range_scaled,Batter,12,Swing,1.0
33,0.05,11,range_scaled,Batter,12,Take,0.0
33,0.05,11,range_scaled,Batter,13,Swing,0.9348412996066123
33,0.05,11,range_scaled,Batter,13,Take,0.06515870039338773
33,0.05,11,range_scaled,Batter,14,Swing,1.0
33,0.05,11,range_scaled,Batter,14,Take,0.0
33,0.05,11,range_scaled,Batter,15,Swing,0.0
33,0.05,11,range_scaled,Batter,15,Take,1.0
33,0.05,11,range_scaled,Batter,16,Swing,1.0
33,0.05,11,range_scaled,Batter,16,Take,0.0
33,0.05,11,range_scaled,Batter,17,Swing,1.0
33,0.05,11,range_scaled,Batter,17,Take,0.0
33,0.05,11,range_scaled,Pitcher,1,Fastball_Bottom,0.0
33,0.05,11,range_scaled,Pitcher,1,Fastball_Middle,0.0
33,0.05,11,range_scaled,Pitcher,1,Fastball_Top,0.0
33,0.05,11,range_scaled,Pitcher,1,Fastball_Chase,0.9610886538448979
33,0.05,11,range_scaled,Pitcher,1,Offspeed_Bottom,0.0
33,0.05,11,range_scaled,Pitcher,1,Offspeed_Middle,0.03891134615510208
33,0.05,11,range_scaled,Pitcher,1,Offspeed_Top,0.0
33,0.05,11,range_scaled,Pitcher,1,Offspeed_Chase,0.0
33,0.05,11,range_scaled,Pitcher,2,Fastball_Bottom,0.125
33,0.05,11,range_scaled,Pitcher,2,Fastball_Middle,0.125
33,0.05,11,range_scaled,Pitcher,2,Fastball_Top,0.125
33,0.05,11,range_scaled,Pitcher,2,Fastball_Chase,0.125
33,0.05,11,range_scaled,Pitcher,2,Offspeed_Bottom,0.125
33,0.05,11,range_scaled,Pitcher,2,Offspeed_Middle,0.125
33,0.05,11,range_scaled,Pitcher,2,Offspeed_Top,0.125
33,0.05,11,range_scaled,Pitcher,2,Offspeed_Chase,0.125
33,0.05,11,range_scaled,Pitcher,3,Fastball_Bottom,0.125
33,0.05,11,range_scaled,Pitcher,3,Fastball_Middle,0.125
33,0.05,11,range_scaled,Pitcher,3,Fastball_Top,0.125
33,0.05,11,range_scaled,Pitcher,3,Fastball_Chase,0.125
33,0.05,11,range_scaled,Pitcher,3,Offspeed_Bottom,0.125
33,0.05,11,range_scaled,Pitcher,3,Offspeed_Middle,0.125
33,0.05,11,range_scaled,Pitcher,3,Offspeed_Top,0.125
33,0.05,11,range_scaled,Pitcher,3,Offspeed_Chase,0.125
33,0.05,11,range_scaled,Pitcher,4,Fastball_Bottom,0.125
33,0.05,11,range_scaled,Pitcher,4,Fastball_Middle,0.125
33,0.05,11,range_scaled,Pitcher,4,Fastball_Top,0.125
33,0.05,11,range_scaled,Pitcher,4,Fastball_Chase,0.125
33,0.05,11,range_scaled,Pitcher,4,Offspeed_Bottom,0.125
33,0.05,11,range_scaled,Pitcher,4,Offspeed_Middle,0.125
33,0.05,11,range_scaled,Pitcher,4,Offspeed_Top,0.125
33,0.05,11,range_scaled,Pitcher,4,Offspeed_Chase,0.125
33,0.05,11,range_scaled,Pitcher,5,Fastball_Bottom,0.125
33,0.05,11,range_scaled,Pitcher,5,Fastball_Middle,0.125
33,0.05,11,range_scaled,Pitcher,5,Fastball_Top,0.125
33,0.05,11,range_scaled,Pitcher,5,Fastball_Chase,0.125
33,0.05,11,range_scaled,Pitcher,5,Offspeed_Bottom,0.125
33,0.05,11,range_scaled,Pitcher,5,Offspeed_Middle,0.125
33,0.05,11,range_scaled,Pitcher,5,Offspeed_Top,0.125
33,0.05,11,range_scaled,Pitcher,5,Offspeed_Chase,0.125
33,0.05,11,range_scaled,Pitcher,6,Fastball_Bottom,0.125
33,0.05,11,range_scaled,Pitcher,6,Fastball_Middle,0.125
33,0.05,11,range_scaled,Pitcher,6,Fastball_Top,0.125
33,0.05,11,range_scaled,Pitcher,6,Fastball_Chase,0.125
33,0.05,11,range_scaled,Pitcher,6,Offspeed_Bottom,0.125
33,0.05,11,range_scaled,Pitcher,6,Offspeed_Middle,0.125
33,0.05,11,range_scaled,Pitcher,6,Offspeed_Top,0.125
33,0.05,11,range_scaled,Pitcher,6,Offspeed_Chase,0.125
33,0.05,11,range_scaled,Pitcher,7,Fastball_Bottom,0.125
33,0.05,11,range_scaled,Pitcher,7,Fastball_Middle,0.125
33,0.05,11,range_scaled,Pitcher,7,Fastball_Top,0.125
33,0.05,11,range_scaled,Pitcher,7,Fastball_Chase,0.125
33,0.05,11,range_scaled,Pitcher,7,Offspeed_Bottom,0.125
33,0.05,11,range_scaled,Pitcher,7,Offspeed_Middle,0.125
33,0.05,11,range_scaled,Pitcher,7,Offspeed_Top,0.125
33,0.05,11,range_scaled,Pitcher,7,Offspeed_Chase,0.125
33,0.05,11,range_scaled,Pitcher,8,Fastball_Bottom,1.0
33,0.05,11,range_scaled,Pitcher,8,Fastball_Middle,0.0
33,0.05,11,range_scaled,Pitcher,8,Fastball_Top,0.0
33,0.05,11,range_scaled,Pitcher,8,Fastball_Chase,0.0
33,0.05,11,range_scaled,Pitcher,8,Offspeed_Bottom,0.0
33,0.05,11,range_scaled,Pitcher,8,Offspeed_Middle,0.0
33,0.05,11,range_scaled,Pitcher,8,Offspeed_Top,0.0
33,0.05,11,range_scaled,Pitcher,8,Offspeed_Chase,0.0
33,0.05,11,range_scaled,Pitcher,9,Fastball_Bottom,0.0
33,0.05,11,range_scaled,Pitcher,9,Fastball_Middle,0.0842995127212961
33,0.05,11,range_scaled,Pitcher,9,Fastball_Top,0.9157004872787039
33,0.05,11,range_scaled,Pitcher,9,Fastball_Chase,0.0
33,0.05,11,range_scaled,Pitcher,9,Offspeed_Bottom,0.0
33,0.05,11,range_scaled,Pitcher,9,Offspeed_Middle,0.0
33,0.05,11,range_scaled,Pitcher,9,Offspeed_Top,0.0
33,0.05,11,range_scaled,Pitcher,9,Offspeed_Chase,0.0
33,0.05,11,range_scaled,Pitcher,10,Fastball_Bottom,0.125
33,0.05,11,range_scaled,Pitcher,10,Fastball_Middle,0.125
33,0.05,11,range_scaled,Pitcher,10,Fastball_Top,0.125
33,0.05,11,range_scaled,Pitcher,10,Fastball_Chase,0.125
33,0.05,11,range_scaled,Pitcher,10,Offspeed_Bottom,0.125
33,0.05,11,range_scaled,Pitcher,10,Offspeed_Middle,0.125
33,0.05,11,range_scaled,Pitcher,10,Offspeed_Top,0.125
33,0.05,11,range_scaled,Pitcher,10,Offspeed_Chase,0.125
33,0.05,11,range_scaled,Pitcher,11,Fastball_Bottom,0.125
33,0.05,11,range_scaled,Pitcher,11,Fastball_Middle,0.125
33,0.05,11,range_scaled,Pitcher,11,Fastball_Top,0.125
33,0.05,11,range_scaled,Pitcher,11,Fastball_Chase,0.125
33,0.05,11,range_scaled,Pitcher,11,Offspeed_Bottom,0.125
33,0.05,11,range_scaled,Pitcher,11,Offspeed_Middle,0.125
33,0.05,11,range_scaled,Pitcher,11,Offspeed_Top,0.125
33,0.05,11,range_scaled,Pitcher,11,Offspeed_Chase,0.125
33,0.05,11,range_scaled,Pitcher,12,Fastball_Bottom,1.0
33,0.05,11,range_scaled,Pitcher,12,Fastball_Middle,0.0
33,0.05,11,range_scaled,Pitcher,12,Fastball_Top,0.0
33,0.05,11,range_scaled,Pitcher,12,Fastball_Chase,0.0
33,0.05,11,range_scaled,Pitcher,12,Offspeed_Bottom,0.0
33,0.05,11,range_scaled,Pitcher,12,Offspeed_Middle,0.0
33,0.05,11,range_scaled,Pitcher,12,Offspeed_Top,0.0
33,0.05,11,range_scaled,Pitcher,12,Offspeed_Chase,0.0
33,0.05,11,range_scaled,Pitcher,13,Fastball_Bottom,0.0
33,0.05,11,range_scaled,Pitcher,13,Fastball_Middle,0.0
33,0.05,11,range_scaled,Pitcher,13,Fastball_Top,0.6214573276378925
33,0.05,11,range_scaled,Pitcher,13,Fastball_Chase,0.3785426723621076
33,0.05,11,range_scaled,Pitcher,13,Offspeed_Bottom,0.0
33,0.05,11,range_scaled,Pitcher,13,Offspeed_Middle,0.0
33,0.05,11,range_scaled,Pitcher,13,Offspeed_Top,0.0
33,0.05,11,range_scaled,Pitcher,13,Offspeed_Chase,0.0
33,0.05,11,range_scaled,Pitcher,14,Fastball_Bottom,0.125
33,0.05,11,range_scaled,Pitcher,14,Fastball_Middle,0.125
33,0.05,11,range_scaled,Pitcher,14,Fastball_Top,0.125
33,0.05,11,range_scaled,Pitcher,14,Fastball_Chase,0.125
33,0.05,11,range_scaled,Pitcher,14,Offspeed_Bottom,0.125
33,0.05,11,range_scaled,Pitcher,14,Offspeed_Middle,0.125
33,0.05,11,range_scaled,Pitcher,14,Offspeed_Top,0.125
33,0.05,11,range_scaled,Pitcher,14,Offspeed_Chase,0.125
33,0.05,11,range_scaled,Pitcher,15,Fastball_Bottom,0.125
33,0.05,11,range_scaled,Pitcher,15,Fastball_Middle,0.125
33,0.05,11,range_scaled,Pitcher,15,Fastball_Top,0.125
33,0.05,11,range_scaled,Pitcher,15,Fastball_Chase,0.125
33,0.05,11,range_scaled,Pitcher,15,Offspeed_Bottom,0.125
33,0.05,11,range_scaled,Pitcher,15,Offspeed_Middle,0.125
33,0.05,11,range_scaled,Pitcher,15,Offspeed_Top,0.125
33,0.05,11,range_scaled,Pitcher,15,Offspeed_Chase,0.125
33,0.05,11,range_scaled,Pitcher,16,Fastball_Bottom,0.125
33,0.05,11,range_scaled,Pitcher,16,Fastball_Middle,0.125
33,0.05,11,range_scaled,Pitcher,16,Fastball_Top,0.125
33,0.05,11,range_scaled,Pitcher,16,Fastball_Chase,0.125
33,0.05,11,range_scaled,Pitcher,16,Offspeed_Bottom,0.125
33,0.05,11,range_scaled,Pitcher,16,Offspeed_Middle,0.125
33,0.05,11,range_scaled,Pitcher,16,Offspeed_Top,0.125
33,0.05,11,range_scaled,Pitcher,16,Offspeed_Chase,0.125
33,0.05,11,range_scaled,Pitcher,17,Fastball_Bottom,0.125
33,0.05,11,range_scaled,Pitcher,17,Fastball_Middle,0.125
33,0.05,11,range_scaled,Pitcher,17,Fastball_Top,0.125
33,0.05,11,range_scaled,Pitcher,17,Fastball_Chase,0.125
33,0.05,11,range_scaled,Pitcher,17,Offspeed_Bottom,0.125
33,0.05,11,range_scaled,Pitcher,17,Offspeed_Middle,0.125
33,0.05,11,range_scaled,Pitcher,17,Offspeed_Top,0.125
33,0.05,11,range_scaled,Pitcher,17,Offspeed_Chase,0.125
34,0.05,12,range_scaled,Batter,1,Swing,0.4543991592725386
34,0.05,12,range_scaled,Batter,1,Take,0.5456008407274614
34,0.05,12,range_scaled,Batter,2,Swing,1.0
34,0.05,12,range_scaled,Batter,2,Take,0.0
34,0.05,12,range_scaled,Batter,3,Swing,0.0
34,0.05,12,range_scaled,Batter,3,Take,1.0
34,0.05,12,range_scaled,Batter,4,Swing,1.0
34,0.05,12,range_scaled,Batter,4,Take,0.0
34,0.05,12,range_scaled,Batter,5,Swing,1.0
34,0.05,12,range_scaled,Batter,5,Take,0.0
34,0.05,12,range_scaled,Batter,6,Swing,1.0
34,0.05,12,range_scaled,Batter,6,Take,0.0
34,0.05,12,range_scaled,Batter,7,Swing,1.0
34,0.05,12,range_scaled,Batter,7,Take,0.0
34,0.05,12,range_scaled,Batter,8,Swing,1.0
34,0.05,12,range_scaled,Batter,8,Take,0.0
34,0.05,12,range_scaled,Batter,9,Swing,0.9391823377893214
34,0.05,12,range_scaled,Batter,9,Take,0.060817662210678615
34,0.05,12,range_scaled,Batter,10,Swing,1.0
34,0.05,12,range_scaled,Batter,10,Take,0.0
34,0.05,12,range_scaled,Batter,11,Swing,0.8535294815835406
34,0.05,12,range_scaled,Batter,11,Take,0.14647051841645936
34,0.05,12,range_scaled,Batter,12,Swing,1.0
34,0.05,12,range_scaled,Batter,12,Take,0.0
34,0.05,12,range_scaled,Batter,13,Swing,1.0
34,0.05,12,range_scaled,Batter,13,Take,0.0
34,0.05,12,range_scaled,Batter,14,Swing,1.0
34,0.05,12,range_scaled,Batter,14,Take,0.0
34,0.05,12,range_scaled,Batter,15,Swing,0.9995544451388779
34,0.05,12,range_scaled,Batter,15,Take,0.00044555486112207965
34,0.05,12,range_scaled,Batter,16,Swing,1.0
34,0.05,12,range_scaled,Batter,16,Take,0.0
34,0.05,12,range_scaled,Batter,17,Swing,0.7022367513876184
34,0.05,12,range_scaled,Batter,17,Take,0.2977632486123816
34,0.05,12,range_scaled,Pitcher,1,Fastball_Bottom,0.0
34,0.05,12,range_scaled,Pitcher,1,Fastball_Middle,0.0
34,0.05,12,range_scaled,Pitcher,1,Fastball_Top,0.0
34,0.05,12,range_scaled,Pitcher,1,Fastball_Chase,-0.0
34,0.05,12,range_scaled,Pitcher,1,Offspeed_Bottom,0.6260111841804543
34,0.05,12,range_scaled,Pitcher,1,Offspeed_Middle,0.0
34,0.05,12,range_scaled,Pitcher,1,Offspeed_Top,0.0
34,0.05,12,range_scaled,Pitcher,1,Offspeed_Chase,0.3739888158195457
34,0.05,12,range_scaled,Pitcher,2,Fastball_Bottom,0.125
34,0.05,12,range_scaled,Pitcher,2,Fastball_Middle,0.125
34,0.05,12,range_scaled,Pitcher,2,Fastball_Top,0.125
34,0.05,12,range_scaled,Pitcher,2,Fastball_Chase,0.125
34,0.05,12,range_scaled,Pitcher,2,Offspeed_Bottom,0.125
34,0.05,12,range_scaled,Pitcher,2,Offspeed_Middle,0.125
34,0.05,12,range_scaled,Pitcher,2,Offspeed_Top,0.125
34,0.05,12,range_scaled,Pitcher,2,Offspeed_Chase,0.125
34,0.05,12,range_scaled,Pitcher,3,Fastball_Bottom,0.125
34,0.05,12,range_scaled,Pitcher,3,Fastball_Middle,0.125
34,0.05,12,range_scaled,Pitcher,3,Fastball_Top,0.125
34,0.05,12,range_scaled,Pitcher,3,Fastball_Chase,0.125
34,0.05,12,range_scaled,Pitcher,3,Offspeed_Bottom,0.125
34,0.05,12,range_scaled,Pitcher,3,Offspeed_Middle,0.125
34,0.05,12,range_scaled,Pitcher,3,Offspeed_Top,0.125
34,0.05,12,range_scaled,Pitcher,3,Offspeed_Chase,0.125
34,0.05,12,range_scaled,Pitcher,4,Fastball_Bottom,0.125
34,0.05,12,range_scaled,Pitcher,4,Fastball_Middle,0.125
34,0.05,12,range_scaled,Pitcher,4,Fastball_Top,0.125
34,0.05,12,range_scaled,Pitcher,4,Fastball_Chase,0.125
34,0.05,12,range_scaled,Pitcher,4,Offspeed_Bottom,0.125
34,0.05,12,range_scaled,Pitcher,4,Offspeed_Middle,0.125
34,0.05,12,range_scaled,Pitcher,4,Offspeed_Top,0.125
34,0.05,12,range_scaled,Pitcher,4,Offspeed_Chase,0.125
34,0.05,12,range_scaled,Pitcher,5,Fastball_Bottom,0.125
34,0.05,12,range_scaled,Pitcher,5,Fastball_Middle,0.125
34,0.05,12,range_scaled,Pitcher,5,Fastball_Top,0.125
34,0.05,12,range_scaled,Pitcher,5,Fastball_Chase,0.125
34,0.05,12,range_scaled,Pitcher,5,Offspeed_Bottom,0.125
34,0.05,12,range_scaled,Pitcher,5,Offspeed_Middle,0.125
34,0.05,12,range_scaled,Pitcher,5,Offspeed_Top,0.125
34,0.05,12,range_scaled,Pitcher,5,Offspeed_Chase,0.125
34,0.05,12,range_scaled,Pitcher,6,Fastball_Bottom,0.125
34,0.05,12,range_scaled,Pitcher,6,Fastball_Middle,0.125
34,0.05,12,range_scaled,Pitcher,6,Fastball_Top,0.125
34,0.05,12,range_scaled,Pitcher,6,Fastball_Chase,0.125
34,0.05,12,range_scaled,Pitcher,6,Offspeed_Bottom,0.125
34,0.05,12,range_scaled,Pitcher,6,Offspeed_Middle,0.125
34,0.05,12,range_scaled,Pitcher,6,Offspeed_Top,0.125
34,0.05,12,range_scaled,Pitcher,6,Offspeed_Chase,0.125
34,0.05,12,range_scaled,Pitcher,7,Fastball_Bottom,0.125
34,0.05,12,range_scaled,Pitcher,7,Fastball_Middle,0.125
34,0.05,12,range_scaled,Pitcher,7,Fastball_Top,0.125
34,0.05,12,range_scaled,Pitcher,7,Fastball_Chase,0.125
34,0.05,12,range_scaled,Pitcher,7,Offspeed_Bottom,0.125
34,0.05,12,range_scaled,Pitcher,7,Offspeed_Middle,0.125
34,0.05,12,range_scaled,Pitcher,7,Offspeed_Top,0.125
34,0.05,12,range_scaled,Pitcher,7,Offspeed_Chase,0.125
34,0.05,12,range_scaled,Pitcher,8,Fastball_Bottom,0.125
34,0.05,12,range_scaled,Pitcher,8,Fastball_Middle,0.125
34,0.05,12,range_scaled,Pitcher,8,Fastball_Top,0.125
34,0.05,12,range_scaled,Pitcher,8,Fastball_Chase,0.125
34,0.05,12,range_scaled,Pitcher,8,Offspeed_Bottom,0.125
34,0.05,12,range_scaled,Pitcher,8,Offspeed_Middle,0.125
34,0.05,12,range_scaled,Pitcher,8,Offspeed_Top,0.125
34,0.05,12,range_scaled,Pitcher,8,Offspeed_Chase,0.125
34,0.05,12,range_scaled,Pitcher,9,Fastball_Bottom,0.125
34,0.05,12,range_scaled,Pitcher,9,Fastball_Middle,0.125
34,0.05,12,range_scaled,Pitcher,9,Fastball_Top,0.125
34,0.05,12,range_scaled,Pitcher,9,Fastball_Chase,0.125
34,0.05,12,range_scaled,Pitcher,9,Offspeed_Bottom,0.125
34,0.05,12,range_scaled,Pitcher,9,Offspeed_Middle,0.125
34,0.05,12,range_scaled,Pitcher,9,Offspeed_Top,0.125
34,0.05,12,range_scaled,Pitcher,9,Offspeed_Chase,0.125
34,0.05,12,range_scaled,Pitcher,10,Fastball_Bottom,1.0
34,0.05,12,range_scaled,Pitcher,10,Fastball_Middle,0.0
34,0.05,12,range_scaled,Pitcher,10,Fastball_Top,0.0
34,0.05,12,range_scaled,Pitcher,10,Fastball_Chase,0.0
34,0.05,12,range_scaled,Pitcher,10,Offspeed_Bottom,0.0
34,0.05,12,range_scaled,Pitcher,10,Offspeed_Middle,0.0
34,0.05,12,range_scaled,Pitcher,10,Offspeed_Top,0.0
34,0.05,12,range_scaled,Pitcher,10,Offspeed_Chase,0.0
34,0.05,12,range_scaled,Pitcher,11,Fastball_Bottom,0.0
34,0.05,12,range_scaled,Pitcher,11,Fastball_Middle,0.41198136762572807
34,0.05,12,range_scaled,Pitcher,11,Fastball_Top,0.0
34,0.05,12,range_scaled,Pitcher,11,Fastball_Chase,0.0
34,0.05,12,range_scaled,Pitcher,11,Offspeed_Bottom,0.0
34,0.05,12,range_scaled,Pitcher,11,Offspeed_Middle,0.0
34,0.05,12,range_scaled,Pitcher,11,Offspeed_Top,0.0
34,0.05,12,range_scaled,Pitcher,11,Offspeed_Chase,0.588018632374272
34,0.05,12,range_scaled,Pitcher,12,Fastball_Bottom,0.125
34,0.05,12,range_scaled,Pitcher,12,Fastball_Middle,0.125
34,0.05,12,range_scaled,Pitcher,12,Fastball_Top,0.125
34,0.05,12,range_scaled,Pitcher,12,Fastball_Chase,0.125
34,0.05,12,range_scaled,Pitcher,12,Offspeed_Bottom,0.125
34,0.05,12,range_scaled,Pitcher,12,Offspeed_Middle,0.125
34,0.05,12,range_scaled,Pitcher,12,Offspeed_Top,0.125
34,0.05,12,range_scaled,Pitcher,12,Offspeed_Chase,0.125
34,0.05,12,range_scaled,Pitcher,13,Fastball_Bottom,0.125
34,0.05,12,range_scaled,Pitcher,13,Fastball_Middle,0.125
34,0.05,12,range_scaled,Pitcher,13,Fastball_Top,0.125
34,0.05,12,range_scaled,Pitcher,13,Fastball_Chase,0.125
34,0.05,12,range_scaled,Pitcher,13,Offspeed_Bottom,0.125
34,0.05,12,range_scaled,Pitcher,13,Offspeed_Middle,0.125
34,0.05,12,range_scaled,Pitcher,13,Offspeed_Top,0.125
34,0.05,12,range_scaled,Pitcher,13,Offspeed_Chase,0.125
34,0.05,12,range_scaled,Pitcher,14,Fastball_Bottom,0.125
34,0.05,12,range_scaled,Pitcher,14,Fastball_Middle,0.125
34,0.05,12,range_scaled,Pitcher,14,Fastball_Top,0.125
34,0.05,12,range_scaled,Pitcher,14,Fastball_Chase,0.125
34,0.05,12,range_scaled,Pitcher,14,Offspeed_Bottom,0.125
34,0.05,12,range_scaled,Pitcher,14,Offspeed_Middle,0.125
34,0.05,12,range_scaled,Pitcher,14,Offspeed_Top,0.125
34,0.05,12,range_scaled,Pitcher,14,Offspeed_Chase,0.125
34,0.05,12,range_scaled,Pitcher,15,Fastball_Bottom,0.125
34,0.05,12,range_scaled,Pitcher,15,Fastball_Middle,0.125
34,0.05,12,range_scaled,Pitcher,15,Fastball_Top,0.125
34,0.05,12,range_scaled,Pitcher,15,Fastball_Chase,0.125
34,0.05,12,range_scaled,Pitcher,15,Offspeed_Bottom,0.125
34,0.05,12,range_scaled,Pitcher,15,Offspeed_Middle,0.125
34,0.05,12,range_scaled,Pitcher,15,Offspeed_Top,0.125
34,0.05,12,range_scaled,Pitcher,15,Offspeed_Chase,0.125
34,0.05,12,range_scaled,Pitcher,16,Fastball_Bottom,1.0
34,0.05,12,range_scaled,Pitcher,16,Fastball_Middle,0.0
34,0.05,12,range_scaled,Pitcher,16,Fastball_Top,0.0
34,0.05,12,range_scaled,Pitcher,16,Fastball_Chase,0.0
34,0.05,12,range_scaled,Pitcher,16,Offspeed_Bottom,0.0
34,0.05,12,range_scaled,Pitcher,16,Offspeed_Middle,0.0
34,0.05,12,range_scaled,Pitcher,16,Offspeed_Top,0.0
34,0.05,12,range_scaled,Pitcher,16,Offspeed_Chase,0.0
34,0.05,12,range_scaled,Pitcher,17,Fastball_Bottom,0.0
34,0.05,12,range_scaled,Pitcher,17,Fastball_Middle,0.0
34,0.05,12,range_scaled,Pitcher,17,Fastball_Top,0.8536757804353812
34,0.05,12,range_scaled,Pitcher,17,Fastball_Chase,0.0
34,0.05,12,range_scaled,Pitcher,17,Offspeed_Bottom,0.0
34,0.05,12,range_scaled,Pitcher,17,Offspeed_Middle,0.0
34,0.05,12,range_scaled,Pitcher,17,Offspeed_Top,0.1463242195646187
34,0.05,12,range_scaled,Pitcher,17,Offspeed_Chase,0.0
35,0.05,13,range_scaled,Batter,1,Swing,0.19147831212385147
35,0.05,13,range_scaled,Batter,1,Take,0.8085216878761485
35,0.05,13,range_scaled,Batter,2,Swing,1.0
35,0.05,13,range_scaled,Batter,2,Take,0.0
35,0.05,13,range_scaled,Batter,3,Swing,0.0
35,0.05,13,range_scaled,Batter,3,Take,1.0
35,0.05,13,range_scaled,Batter,4,Swing,1.0
35,0.05,13,range_scaled,Batter,4,Take,0.0
35,0.05,13,range_scaled,Batter,5,Swing,0.0
35,0.05,13,range_scaled,Batter,5,Take,1.0
35,0.05,13,range_scaled,Batter,6,Swing,1.0
35,0.05,13,range_scaled,Batter,6,Take,0.0
35,0.05,13,range_scaled,Batter,7,Swing,0.0
35,0.05,13,range_scaled,Batter,7,Take,1.0
35,0.05,13,range_scaled,Batter,8,Swing,1.0
35,0.05,13,range_scaled,Batter,8,Take,0.0
35,0.05,13,range_scaled,Batter,9,Swing,0.5453251979423785
35,0.05,13,range_scaled,Batter,9,Take,0.45467480205762156
35,0.05,13,range_scaled,Batter,10,Swing,1.0
35,0.05,13,range_scaled,Batter,10,Take,0.0
35,0.05,13,range_scaled,Batter,11,Swing,0.6536290384231296
35,0.05,13,range_scaled,Batter,11,Take,0.3463709615768705
35,0.05,13,range_scaled,Batter,12,Swing,1.0
35,0.05,13,range_scaled,Batter,12,Take,0.0
35,0.05,13,range_scaled,Batter,13,Swing,0.0
35,0.05,13,range_scaled,Batter,13,Take,1.0
35,0.05,13,range_scaled,Batter,14,Swing,1.0
35,0.05,13,range_scaled,Batter,14,Take,0.0
35,0.05,13,range_scaled,Batter,15,Swing,0.03946538636717305
35,0.05,13,range_scaled,Batter,15,Take,0.960534613632827
35,0.05,13,range_scaled,Batter,16,Swing,1.0
35,0.05,13,range_scaled,Batter,16,Take,0.0
35,0.05,13,range_scaled,Batter,17,Swing,0.27598470528336827
35,0.05,13,range_scaled,Batter,17,Take,0.7240152947166317
35,0.05,13,range_scaled,Pitcher,1,Fastball_Bottom,0.0
35,0.05,13,range_scaled,Pitcher,1,Fastball_Middle,0.0
35,0.05,13,range_scaled,Pitcher,1,Fastball_Top,0.0
35,0.05,13,range_scaled,Pitcher,1,Fastball_Chase,0.3250561373882813
35,0.05,13,range_scaled,Pitcher,1,Offspeed_Bottom,0.6749438626117187
35,0.05,13,range_scaled,Pitcher,1,Offspeed_Middle,0.0
35,0.05,13,range_scaled,Pitcher,1,Offspeed_Top,0.0
35,0.05,13,range_scaled,Pitcher,1,Offspeed_Chase,0.0
35,0.05,13,range_scaled,Pitcher,2,Fastball_Bottom,0.125
35,0.05,13,range_scaled,Pitcher,2,Fastball_Middle,0.125
35,0.05,13,range_scaled,Pitcher,2,Fastball_Top,0.125
35,0.05,13,range_scaled,Pitcher,2,Fastball_Chase,0.125
35,0.05,13,range_scaled,Pitcher,2,Offspeed_Bottom,0.125
35,0.05,13,range_scaled,Pitcher,2,Offspeed_Middle,0.125
35,0.05,13,range_scaled,Pitcher,2,Offspeed_Top,0.125
35,0.05,13,range_scaled,Pitcher,2,Offspeed_Chase,0.125
35,0.05,13,range_scaled,Pitcher,3,Fastball_Bottom,0.125
35,0.05,13,range_scaled,Pitcher,3,Fastball_Middle,0.125
35,0.05,13,range_scaled,Pitcher,3,Fastball_Top,0.125
35,0.05,13,range_scaled,Pitcher,3,Fastball_Chase,0.125
35,0.05,13,range_scaled,Pitcher,3,Offspeed_Bottom,0.125
35,0.05,13,range_scaled,Pitcher,3,Offspeed_Middle,0.125
35,0.05,13,range_scaled,Pitcher,3,Offspeed_Top,0.125
35,0.05,13,range_scaled,Pitcher,3,Offspeed_Chase,0.125
35,0.05,13,range_scaled,Pitcher,4,Fastball_Bottom,0.125
35,0.05,13,range_scaled,Pitcher,4,Fastball_Middle,0.125
35,0.05,13,range_scaled,Pitcher,4,Fastball_Top,0.125
35,0.05,13,range_scaled,Pitcher,4,Fastball_Chase,0.125
35,0.05,13,range_scaled,Pitcher,4,Offspeed_Bottom,0.125
35,0.05,13,range_scaled,Pitcher,4,Offspeed_Middle,0.125
35,0.05,13,range_scaled,Pitcher,4,Offspeed_Top,0.125
35,0.05,13,range_scaled,Pitcher,4,Offspeed_Chase,0.125
35,0.05,13,range_scaled,Pitcher,5,Fastball_Bottom,0.125
35,0.05,13,range_scaled,Pitcher,5,Fastball_Middle,0.125
35,0.05,13,range_scaled,Pitcher,5,Fastball_Top,0.125
35,0.05,13,range_scaled,Pitcher,5,Fastball_Chase,0.125
35,0.05,13,range_scaled,Pitcher,5,Offspeed_Bottom,0.125
35,0.05,13,range_scaled,Pitcher,5,Offspeed_Middle,0.125
35,0.05,13,range_scaled,Pitcher,5,Offspeed_Top,0.125
35,0.05,13,range_scaled,Pitcher,5,Offspeed_Chase,0.125
35,0.05,13,range_scaled,Pitcher,6,Fastball_Bottom,0.125
35,0.05,13,range_scaled,Pitcher,6,Fastball_Middle,0.125
35,0.05,13,range_scaled,Pitcher,6,Fastball_Top,0.125
35,0.05,13,range_scaled,Pitcher,6,Fastball_Chase,0.125
35,0.05,13,range_scaled,Pitcher,6,Offspeed_Bottom,0.125
35,0.05,13,range_scaled,Pitcher,6,Offspeed_Middle,0.125
35,0.05,13,range_scaled,Pitcher,6,Offspeed_Top,0.125
35,0.05,13,range_scaled,Pitcher,6,Offspeed_Chase,0.125
35,0.05,13,range_scaled,Pitcher,7,Fastball_Bottom,0.125
35,0.05,13,range_scaled,Pitcher,7,Fastball_Middle,0.125
35,0.05,13,range_scaled,Pitcher,7,Fastball_Top,0.125
35,0.05,13,range_scaled,Pitcher,7,Fastball_Chase,0.125
35,0.05,13,range_scaled,Pitcher,7,Offspeed_Bottom,0.125
35,0.05,13,range_scaled,Pitcher,7,Offspeed_Middle,0.125
35,0.05,13,range_scaled,Pitcher,7,Offspeed_Top,0.125
35,0.05,13,range_scaled,Pitcher,7,Offspeed_Chase,0.125
35,0.05,13,range_scaled,Pitcher,8,Fastball_Bottom,1.0
35,0.05,13,range_scaled,Pitcher,8,Fastball_Middle,0.0
35,0.05,13,range_scaled,Pitcher,8,Fastball_Top,0.0
35,0.05,13,range_scaled,Pitcher,8,Fastball_Chase,0.0
35,0.05,13,range_scaled,Pitcher,8,Offspeed_Bottom,0.0
35,0.05,13,range_scaled,Pitcher,8,Offspeed_Middle,0.0
35,0.05,13,range_scaled,Pitcher,8,Offspeed_Top,0.0
35,0.05,13,range_scaled,Pitcher,8,Offspeed_Chase,0.0
35,0.05,13,range_scaled,Pitcher,9,Fastball_Bottom,0.0
35,0.05,13,range_scaled,Pitcher,9,Fastball_Middle,0.0
35,0.05,13,range_scaled,Pitcher,9,Fastball_Top,0.3748818670384756
35,0.05,13,range_scaled,Pitcher,9,Fastball_Chase,0.0
35,0.05,13,range_scaled,Pitcher,9,Offspeed_Bottom,0.0
35,0.05,13,range_scaled,Pitcher,9,Offspeed_Middle,0.0
35,0.05,13,range_scaled,Pitcher,9,Offspeed_Top,0.6251181329615244
35,0.05,13,range_scaled,Pitcher,9,Offspeed_Chase,0.0
35,0.05,13,range_scaled,Pitcher,10,Fastball_Bottom,1.0
35,0.05,13,range_scaled,Pitcher,10,Fastball_Middle,0.0
35,0.05,13,range_scaled,Pitcher,10,Fastball_Top,0.0
35,0.05,13,range_scaled,Pitcher,10,Fastball_Chase,0.0
35,0.05,13,range_scaled,Pitcher,10,Offspeed_Bottom,0.0
35,0.05,13,range_scaled,Pitcher,10,Offspeed_Middle,0.0
35,0.05,13,range_scaled,Pitcher,10,Offspeed_Top,0.0
35,0.05,13,range_scaled,Pitcher,10,Offspeed_Chase,0.0
35,0.05,13,range_scaled,Pitcher,11,Fastball_Bottom,0.0
35,0.05,13,range_scaled,Pitcher,11,Fastball_Middle,0.0
35,0.05,13,range_scaled,Pitcher,11,Fastball_Top,0.0
35,0.05,13,range_scaled,Pitcher,11,Fastball_Chase,0.5536513765267339
35,0.05,13,range_scaled,Pitcher,11,Offspeed_Bottom,0.0
35,0.05,13,range_scaled,Pitcher,11,Offspeed_Middle,0.44634862347326615
35,0.05,13,range_scaled,Pitcher,11,Offspeed_Top,0.0
35,0.05,13,range_scaled,Pitcher,11,Offspeed_Chase,0.0
35,0.05,13,range_scaled,Pitcher,12,Fastball_Bottom,0.125
35,0.05,13,range_scaled,Pitcher,12,Fastball_Middle,0.125
35,0.05,13,range_scaled,Pitcher,12,Fastball_Top,0.125
35,0.05,13,range_scaled,Pitcher,12,Fastball_Chase,0.125
35,0.05,13,range_scaled,Pitcher,12,Offspeed_Bottom,0.125
35,0.05,13,range_scaled,Pitcher,12,Offspeed_Middle,0.125
35,0.05,13,range_scaled,Pitcher,12,Offspeed_Top,0.125
35,0.05,13,range_scaled,Pitcher,12,Offspeed_Chase,0.125
35,0.05,13,range_scaled,Pitcher,13,Fastball_Bottom,0.125
35,0.05,13,range_scaled,Pitcher,13,Fastball_Middle,0.125
35,0.05,13,range_scaled,Pitcher,13,Fastball_Top,0.125
35,0.05,13,range_scaled,Pitcher,13,Fastball_Chase,0.125
35,0.05,13,range_scaled,Pitcher,13,Offspeed_Bottom,0.125
35,0.05,13,range_scaled,Pitcher,13,Offspeed_Middle,0.125
35,0.05,13,range_scaled,Pitcher,13,Offspeed_Top,0.125
35,0.05,13,range_scaled,Pitcher,13,Offspeed_Chase,0.125
35,0.05,13,range_scaled,Pitcher,14,Fastball_Bottom,0.125
35,0.05,13,range_scaled,Pitcher,14,Fastball_Middle,0.125
35,0.05,13,range_scaled,Pitcher,14,Fastball_Top,0.125
35,0.05,13,range_scaled,Pitcher,14,Fastball_Chase,0.125
35,0.05,13,range_scaled,Pitcher,14,Offspeed_Bottom,0.125
35,0.05,13,range_scaled,Pitcher,14,Offspeed_Middle,0.125
35,0.05,13,range_scaled,Pitcher,14,Offspeed_Top,0.125
35,0.05,13,range_scaled,Pitcher,14,Offspeed_Chase,0.125
35,0.05,13,range_scaled,Pitcher,15,Fastball_Bottom,0.125
35,0.05,13,range_scaled,Pitcher,15,Fastball_Middle,0.125
35,0.05,13,range_scaled,Pitcher,15,Fastball_Top,0.125
35,0.05,13,range_scaled,Pitcher,15,Fastball_Chase,0.125
35,0.05,13,range_scaled,Pitcher,15,Offspeed_Bottom,0.125
35,0.05,13,range_scaled,Pitcher,15,Offspeed_Middle,0.125
35,0.05,13,range_scaled,Pitcher,15,Offspeed_Top,0.125
35,0.05,13,range_scaled,Pitcher,15,Offspeed_Chase,0.125
35,0.05,13,range_scaled,Pitcher,16,Fastball_Bottom,0.125
35,0.05,13,range_scaled,Pitcher,16,Fastball_Middle,0.125
35,0.05,13,range_scaled,Pitcher,16,Fastball_Top,0.125
35,0.05,13,range_scaled,Pitcher,16,Fastball_Chase,0.125
35,0.05,13,range_scaled,Pitcher,16,Offspeed_Bottom,0.125
35,0.05,13,range_scaled,Pitcher,16,Offspeed_Middle,0.125
35,0.05,13,range_scaled,Pitcher,16,Offspeed_Top,0.125
35,0.05,13,range_scaled,Pitcher,16,Offspeed_Chase,0.125
35,0.05,13,range_scaled,Pitcher,17,Fastball_Bottom,0.125
35,0.05,13,range_scaled,Pitcher,17,Fastball_Middle,0.125
35,0.05,13,range_scaled,Pitcher,17,Fastball_Top,0.125
35,0.05,13,range_scaled,Pitcher,17,Fastball_Chase,0.125
35,0.05,13,range_scaled,Pitcher,17,Offspeed_Bottom,0.125
35,0.05,13,range_scaled,Pitcher,17,Offspeed_Middle,0.125
35,0.05,13,range_scaled,Pitcher,17,Offspeed_Top,0.125
35,0.05,13,range_scaled,Pitcher,17,Offspeed_Chase,0.125
36,0.05,14,range_scaled,Batter,1,Swing,0.3162112116217426
36,0.05,14,range_scaled,Batter,1,Take,0.6837887883782574
36,0.05,14,range_scaled,Batter,2,Swing,1.0
36,0.05,14,range_scaled,Batter,2,Take,0.0
36,0.05,14,range_scaled,Batter,3,Swing,1.0
36,0.05,14,range_scaled,Batter,3,Take,0.0
36,0.05,14,range_scaled,Batter,4,Swing,1.0
36,0.05,14,range_scaled,Batter,4,Take,0.0
36,0.05,14,range_scaled,Batter,5,Swing,0.0
36,0.05,14,range_scaled,Batter,5,Take,1.0
36,0.05,14,range_scaled,Batter,6,Swing,1.0
36,0.05,14,range_scaled,Batter,6,Take,0.0
36,0.05,14,range_scaled,Batter,7,Swing,0.36671501674665874
36,0.05,14,range_scaled,Batter,7,Take,0.6332849832533413
36,0.05,14,range_scaled,Batter,8,Swing,1.0
36,0.05,14,range_scaled,Batter,8,Take,0.0
36,0.05,14,range_scaled,Batter,9,Swing,0.4457295484543049
36,0.05,14,range_scaled,Batter,9,Take,0.5542704515456951
36,0.05,14,range_scaled,Batter,10,Swing,1.0
36,0.05,14,range_scaled,Batter,10,Take,0.0
36,0.05,14,range_scaled,Batter,11,Swing,0.0
36,0.05,14,range_scaled,Batter,11,Take,1.0
36,0.05,14,range_scaled,Batter,12,Swing,1.0
36,0.05,14,range_scaled,Batter,12,Take,0.0
36,0.05,14,range_scaled,Batter,13,Swing,0.0
36,0.05,14,range_scaled,Batter,13,Take,1.0
36,0.05,14,range_scaled,Batter,14,Swing,1.0
36,0.05,14,range_scaled,Batter,14,Take,0.0
36,0.05,14,range_scaled,Batter,15,Swing,0.27235814471023795
36,0.05,14,range_scaled,Batter,15,Take,0.7276418552897621
36,0.05,14,range_scaled,Batter,16,Swing,1.0
36,0.05,14,range_scaled,Batter,16,Take,0.0
36,0.05,14,range_scaled,Batter,17,Swing,0.8479759155562369
36,0.05,14,range_scaled,Batter,17,Take,0.15202408444376306
36,0.05,14,range_scaled,Pitcher,1,Fastball_Bottom,0.0
36,0.05,14,range_scaled,Pitcher,1,Fastball_Middle,0.0
36,0.05,14,range_scaled,Pitcher,1,Fastball_Top,-0.0
36,0.05,14,range_scaled,Pitcher,1,Fastball_Chase,0.0
36,0.05,14,range_scaled,Pitcher,1,Offspeed_Bottom,0.0
36,0.05,14,range_scaled,Pitcher,1,Offspeed_Middle,0.0
36,0.05,14,range_scaled,Pitcher,1,Offspeed_Top,0.3998241245700441
36,0.05,14,range_scaled,Pitcher,1,Offspeed_Chase,0.6001758754299559
36,0.05,14,range_scaled,Pitcher,2,Fastball_Bottom,0.125
36,0.05,14,range_scaled,Pitcher,2,Fastball_Middle,0.125
36,0.05,14,range_scaled,Pitcher,2,Fastball_Top,0.125
36,0.05,14,range_scaled,Pitcher,2,Fastball_Chase,0.125
36,0.05,14,range_scaled,Pitcher,2,Offspeed_Bottom,0.125
36,0.05,14,range_scaled,Pitcher,2,Offspeed_Middle,0.125
36,0.05,14,range_scaled,Pitcher,2,Offspeed_Top,0.125
36,0.05,14,range_scaled,Pitcher,2,Offspeed_Chase,0.125
36,0.05,14,range_scaled,Pitcher,3,Fastball_Bottom,0.125
36,0.05,14,range_scaled,Pitcher,3,Fastball_Middle,0.125
36,0.05,14,range_scaled,Pitcher,3,Fastball_Top,0.125
36,0.05,14,range_scaled,Pitcher,3,Fastball_Chase,0.125
36,0.05,14,range_scaled,Pitcher,3,Offspeed_Bottom,0.125
36,0.05,14,range_scaled,Pitcher,3,Offspeed_Middle,0.125
36,0.05,14,range_scaled,Pitcher,3,Offspeed_Top,0.125
36,0.05,14,range_scaled,Pitcher,3,Offspeed_Chase,0.125
36,0.05,14,range_scaled,Pitcher,4,Fastball_Bottom,0.125
36,0.05,14,range_scaled,Pitcher,4,Fastball_Middle,0.125
36,0.05,14,range_scaled,Pitcher,4,Fastball_Top,0.125
36,0.05,14,range_scaled,Pitcher,4,Fastball_Chase,0.125
36,0.05,14,range_scaled,Pitcher,4,Offspeed_Bottom,0.125
36,0.05,14,range_scaled,Pitcher,4,Offspeed_Middle,0.125
36,0.05,14,range_scaled,Pitcher,4,Offspeed_Top,0.125
36,0.05,14,range_scaled,Pitcher,4,Offspeed_Chase,0.125
36,0.05,14,range_scaled,Pitcher,5,Fastball_Bottom,0.125
36,0.05,14,range_scaled,Pitcher,5,Fastball_Middle,0.125
36,0.05,14,range_scaled,Pitcher,5,Fastball_Top,0.125
36,0.05,14,range_scaled,Pitcher,5,Fastball_Chase,0.125
36,0.05,14,range_scaled,Pitcher,5,Offspeed_Bottom,0.125
36,0.05,14,range_scaled,Pitcher,5,Offspeed_Middle,0.125
36,0.05,14,range_scaled,Pitcher,5,Offspeed_Top,0.125
36,0.05,14,range_scaled,Pitcher,5,Offspeed_Chase,0.125
36,0.05,14,range_scaled,Pitcher,6,Fastball_Bottom,0.125
36,0.05,14,range_scaled,Pitcher,6,Fastball_Middle,0.125
36,0.05,14,range_scaled,Pitcher,6,Fastball_Top,0.125
36,0.05,14,range_scaled,Pitcher,6,Fastball_Chase,0.125
36,0.05,14,range_scaled,Pitcher,6,Offspeed_Bottom,0.125
36,0.05,14,range_scaled,Pitcher,6,Offspeed_Middle,0.125
36,0.05,14,range_scaled,Pitcher,6,Offspeed_Top,0.125
36,0.05,14,range_scaled,Pitcher,6,Offspeed_Chase,0.125
36,0.05,14,range_scaled,Pitcher,7,Fastball_Bottom,0.125
36,0.05,14,range_scaled,Pitcher,7,Fastball_Middle,0.125
36,0.05,14,range_scaled,Pitcher,7,Fastball_Top,0.125
36,0.05,14,range_scaled,Pitcher,7,Fastball_Chase,0.125
36,0.05,14,range_scaled,Pitcher,7,Offspeed_Bottom,0.125
36,0.05,14,range_scaled,Pitcher,7,Offspeed_Middle,0.125
36,0.05,14,range_scaled,Pitcher,7,Offspeed_Top,0.125
36,0.05,14,range_scaled,Pitcher,7,Offspeed_Chase,0.125
36,0.05,14,range_scaled,Pitcher,8,Fastball_Bottom,0.125
36,0.05,14,range_scaled,Pitcher,8,Fastball_Middle,0.125
36,0.05,14,range_scaled,Pitcher,8,Fastball_Top,0.125
36,0.05,14,range_scaled,Pitcher,8,Fastball_Chase,0.125
36,0.05,14,range_scaled,Pitcher,8,Offspeed_Bottom,0.125
36,0.05,14,range_scaled,Pitcher,8,Offspeed_Middle,0.125
36,0.05,14,range_scaled,Pitcher,8,Offspeed_Top,0.125
36,0.05,14,range_scaled,Pitcher,8,Offspeed_Chase,0.125
36,0.05,14,range_scaled,Pitcher,9,Fastball_Bottom,0.125
36,0.05,14,range_scaled,Pitcher,9,Fastball_Middle,0.125
36,0.05,14,range_scaled,Pitcher,9,Fastball_Top,0.125
36,0.05,14,range_scaled,Pitcher,9,Fastball_Chase,0.125
36,0.05,14,range_scaled,Pitcher,9,Offspeed_Bottom,0.125
36,0.05,14,range_scaled,Pitcher,9,Offspeed_Middle,0.125
36,0.05,14,range_scaled,Pitcher,9,Offspeed_Top,0.125
36,0.05,14,range_scaled,Pitcher,9,Offspeed_Chase,0.125
36,0.05,14,range_scaled,Pitcher,10,Fastball_Bottom,0.125
36,0.05,14,range_scaled,Pitcher,10,Fastball_Middle,0.125
36,0.05,14,range_scaled,Pitcher,10,Fastball_Top,0.125
36,0.05,14,range_scaled,Pitcher,10,Fastball_Chase,0.125
36,0.05,14,range_scaled,Pitcher,10,Offspeed_Bottom,0.125
36,0.05,14,range_scaled,Pitcher,10,Offspeed_Middle,0.125
36,0.05,14,range_scaled,Pitcher,10,Offspeed_Top,0.125
36,0.05,14,range_scaled,Pitcher,10,Offspeed_Chase,0.125
36,0.05,14,range_scaled,Pitcher,11,Fastball_Bottom,0.125
36,0.05,14,range_scaled,Pitcher,11,Fastball_Middle,0.125
36,0.05,14,range_scaled,Pitcher,11,Fastball_Top,0.125
36,0.05,14,range_scaled,Pitcher,11,Fastball_Chase,0.125
36,0.05,14,range_scaled,Pitcher,11,Offspeed_Bottom,0.125
36,0.05,14,range_scaled,Pitcher,11,Offspeed_Middle,0.125
36,0.05,14,range_scaled,Pitcher,11,Offspeed_Top,0.125
36,0.05,14,range_scaled,Pitcher,11,Offspeed_Chase,0.125
36,0.05,14,range_scaled,Pitcher,12,Fastball_Bottom,0.125
36,0.05,14,range_scaled,Pitcher,12,Fastball_Middle,0.125
36,0.05,14,range_scaled,Pitcher,12,Fastball_Top,0.125
36,0.05,14,range_scaled,Pitcher,12,Fastball_Chase,0.125
36,0.05,14,range_scaled,Pitcher,12,Offspeed_Bottom,0.125
36,0.05,14,range_scaled,Pitcher,12,Offspeed_Middle,0.125
36,0.05,14,range_scaled,Pitcher,12,Offspeed_Top,0.125
36,0.05,14,range_scaled,Pitcher,12,Offspeed_Chase,0.125
36,0.05,14,range_scaled,Pitcher,13,Fastball_Bottom,0.125
36,0.05,14,range_scaled,Pitcher,13,Fastball_Middle,0.125
36,0.05,14,range_scaled,Pitcher,13,Fastball_Top,0.125
36,0.05,14,range_scaled,Pitcher,13,Fastball_Chase,0.125
36,0.05,14,range_scaled,Pitcher,13,Offspeed_Bottom,0.125
36,0.05,14,range_scaled,Pitcher,13,Offspeed_Middle,0.125
36,0.05,14,range_scaled,Pitcher,13,Offspeed_Top,0.125
36,0.05,14,range_scaled,Pitcher,13,Offspeed_Chase,0.125
36,0.05,14,range_scaled,Pitcher,14,Fastball_Bottom,1.0
36,0.05,14,range_scaled,Pitcher,14,Fastball_Middle,0.0
36,0.05,14,range_scaled,Pitcher,14,Fastball_Top,0.0
36,0.05,14,range_scaled,Pitcher,14,Fastball_Chase,0.0
36,0.05,14,range_scaled,Pitcher,14,Offspeed_Bottom,0.0
36,0.05,14,range_scaled,Pitcher,14,Offspeed_Middle,0.0
36,0.05,14,range_scaled,Pitcher,14,Offspeed_Top,0.0
36,0.05,14,range_scaled,Pitcher,14,Offspeed_Chase,0.0
36,0.05,14,range_scaled,Pitcher,15,Fastball_Bottom,0.0
36,0.05,14,range_scaled,Pitcher,15,Fastball_Middle,0.14287916641820492
36,0.05,14,range_scaled,Pitcher,15,Fastball_Top,0.0
36,0.05,14,range_scaled,Pitcher,15,Fastball_Chase,0.0
36,0.05,14,range_scaled,Pitcher,15,Offspeed_Bottom,0.8571208335817951
36,0.05,14,range_scaled,Pitcher,15,Offspeed_Middle,0.0
36,0.05,14,range_scaled,Pitcher,15,Offspeed_Top,0.0
36,0.05,14,range_scaled,Pitcher,15,Offspeed_Chase,0.0
36,0.05,14,range_scaled,Pitcher,16,Fastball_Bottom,1.0
36,0.05,14,range_scaled,Pitcher,16,Fastball_Middle,0.0
36,0.05,14,range_scaled,Pitcher,16,Fastball_Top,0.0
36,0.05,14,range_scaled,Pitcher,16,Fastball_Chase,0.0
36,0.05,14,range_scaled,Pitcher,16,Offspeed_Bottom,0.0
36,0.05,14,range_scaled,Pitcher,16,Offspeed_Middle,0.0
36,0.05,14,range_scaled,Pitcher,16,Offspeed_Top,0.0
36,0.05,14,range_scaled,Pitcher,16,Offspeed_Chase,0.0
36,0.05,14,range_scaled,Pitcher,17,Fastball_Bottom,0.0
36,0.05,14,range_scaled,Pitcher,17,Fastball_Middle,0.0
36,0.05,14,range_scaled,Pitcher,17,Fastball_Top,0.0
36,0.05,14,range_scaled,Pitcher,17,Fastball_Chase,0.1812620001833641
36,0.05,14,range_scaled,Pitcher,17,Offspeed_Bottom,0.0
36,0.05,14,range_scaled,Pitcher,17,Offspeed_Middle,0.0
36,0.05,14,range_scaled,Pitcher,17,Offspeed_Top,0.818737999816636
36,0.05,14,range_scaled,Pitcher,17,Offspeed_Chase,0.0
37,0.05,15,range_scaled,Batter,1,Swing,0.5686196242594065
37,0.05,15,range_scaled,Batter,1,Take,0.4313803757405935
37,0.05,15,range_scaled,Batter,2,Swing,1.0
37,0.05,15,range_scaled,Batter,2,Take,0.0
37,0.05,15,range_scaled,Batter,3,Swing,1.0
37,0.05,15,range_scaled,Batter,3,Take,0.0
37,0.05,15,range_scaled,Batter,4,Swing,1.0
37,0.05,15,range_scaled,Batter,4,Take,0.0
37,0.05,15,range_scaled,Batter,5,Swing,1.0
37,0.05,15,range_scaled,Batter,5,Take,0.0
37,0.05,15,range_scaled,Batter,6,Swing,1.0
37,0.05,15,range_scaled,Batter,6,Take,0.0
37,0.05,15,range_scaled,Batter,7,Swing,0.0
37,0.05,15,range_scaled,Batter,7,Take,1.0
37,0.05,15,range_scaled,Batter,8,Swing,1.0
37,0.05,15,range_scaled,Batter,8,Take,0.0
37,0.05,15,range_scaled,Batter,9,Swing,0.5683965946058046
37,0.05,15,range_scaled,Batter,9,Take,0.43160340539419545
37,0.05,15,range_scaled,Batter,10,Swing,1.0
37,0.05,15,range_scaled,Batter,10,Take,0.0
37,0.05,15,range_scaled,Batter,11,Swing,0.0
37,0.05,15,range_scaled,Batter,11,Take,1.0
37,0.05,15,range_scaled,Batter,12,Swing,1.0
37,0.05,15,range_scaled,Batter,12,Take,0.0
37,0.05,15,range_scaled,Batter,13,Swing,1.0
37,0.05,15,range_scaled,Batter,13,Take,0.0
37,0.05,15,range_scaled,Batter,14,Swing,1.0
37,0.05,15,range_scaled,Batter,14,Take,0.0
37,0.05,15,range_scaled,Batter,15,Swing,0.7716654021584318
37,0.05,15,range_scaled,Batter,15,Take,0.22833459784156834
37,0.05,15,range_scaled,Batter,16,Swing,1.0
37,0.05,15,range_scaled,Batter,16,Take,0.0
37,0.05,15,range_scaled,Batter,17,Swing,0.9638231034704713
37,0.05,15,range_scaled,Batter,17,Take,0.03617689652952873
37,0.05,15,range_scaled,Pitcher,1,Fastball_Bottom,0.0
37,0.05,15,range_scaled,Pitcher,1,Fastball_Middle,0.0
37,0.05,15,range_scaled,Pitcher,1,Fastball_Top,0.0
37,0.05,15,range_scaled,Pitcher,1,Fastball_Chase,0.5549426441431096
37,0.05,15,range_scaled,Pitcher,1,Offspeed_Bottom,0.0
37,0.05,15,range_scaled,Pitcher,1,Offspeed_Middle,0.0
37,0.05,15,range_scaled,Pitcher,1,Offspeed_Top,0.44505735585689044
37,0.05,15,range_scaled,Pitcher,1,Offspeed_Chase,0.0
37,0.05,15,range_scaled,Pitcher,2,Fastball_Bottom,0.125
37,0.05,15,range_scaled,Pitcher,2,Fastball_Middle,0.125
37,0.05,15,range_scaled,Pitcher,2,Fastball_Top,0.125
37,0.05,15,range_scaled,Pitcher,2,Fastball_Chase,0.125
37,0.05,15,range_scaled,Pitcher,2,Offspeed_Bottom,0.125
37,0.05,15,range_scaled,Pitcher,2,Offspeed_Middle,0.125
37,0.05,15,range_scaled,Pitcher,2,Offspeed_Top,0.125
37,0.05,15,range_scaled,Pitcher,2,Offspeed_Chase,0.125
37,0.05,15,range_scaled,Pitcher,3,Fastball_Bottom,0.125
37,0.05,15,range_scaled,Pitcher,3,Fastball_Middle,0.125
37,0.05,15,range_scaled,Pitcher,3,Fastball_Top,0.125
37,0.05,15,range_scaled,Pitcher,3,Fastball_Chase,0.125
37,0.05,15,range_scaled,Pitcher,3,Offspeed_Bottom,0.125
37,0.05,15,range_scaled,Pitcher,3,Offspeed_Middle,0.125
37,0.05,15,range_scaled,Pitcher,3,Offspeed_Top,0.125
37,0.05,15,range_scaled,Pitcher,3,Offspeed_Chase,0.125
37,0.05,15,range_scaled,Pitcher,4,Fastball_Bottom,0.125
37,0.05,15,range_scaled,Pitcher,4,Fastball_Middle,0.125
37,0.05,15,range_scaled,Pitcher,4,Fastball_Top,0.125
37,0.05,15,range_scaled,Pitcher,4,Fastball_Chase,0.125
37,0.05,15,range_scaled,Pitcher,4,Offspeed_Bottom,0.125
37,0.05,15,range_scaled,Pitcher,4,Offspeed_Middle,0.125
37,0.05,15,range_scaled,Pitcher,4,Offspeed_Top,0.125
37,0.05,15,range_scaled,Pitcher,4,Offspeed_Chase,0.125
37,0.05,15,range_scaled,Pitcher,5,Fastball_Bottom,0.125
37,0.05,15,range_scaled,Pitcher,5,Fastball_Middle,0.125
37,0.05,15,range_scaled,Pitcher,5,Fastball_Top,0.125
37,0.05,15,range_scaled,Pitcher,5,Fastball_Chase,0.125
37,0.05,15,range_scaled,Pitcher,5,Offspeed_Bottom,0.125
37,0.05,15,range_scaled,Pitcher,5,Offspeed_Middle,0.125
37,0.05,15,range_scaled,Pitcher,5,Offspeed_Top,0.125
37,0.05,15,range_scaled,Pitcher,5,Offspeed_Chase,0.125
37,0.05,15,range_scaled,Pitcher,6,Fastball_Bottom,0.125
37,0.05,15,range_scaled,Pitcher,6,Fastball_Middle,0.125
37,0.05,15,range_scaled,Pitcher,6,Fastball_Top,0.125
37,0.05,15,range_scaled,Pitcher,6,Fastball_Chase,0.125
37,0.05,15,range_scaled,Pitcher,6,Offspeed_Bottom,0.125
37,0.05,15,range_scaled,Pitcher,6,Offspeed_Middle,0.125
37,0.05,15,range_scaled,Pitcher,6,Offspeed_Top,0.125
37,0.05,15,range_scaled,Pitcher,6,Offspeed_Chase,0.125
37,0.05,15,range_scaled,Pitcher,7,Fastball_Bottom,0.125
37,0.05,15,range_scaled,Pitcher,7,Fastball_Middle,0.125
37,0.05,15,range_scaled,Pitcher,7,Fastball_Top,0.125
37,0.05,15,range_scaled,Pitcher,7,Fastball_Chase,0.125
37,0.05,15,range_scaled,Pitcher,7,Offspeed_Bottom,0.125
37,0.05,15,range_scaled,Pitcher,7,Offspeed_Middle,0.125
37,0.05,15,range_scaled,Pitcher,7,Offspeed_Top,0.125
37,0.05,15,range_scaled,Pitcher,7,Offspeed_Chase,0.125
37,0.05,15,range_scaled,Pitcher,8,Fastball_Bottom,1.0
37,0.05,15,range_scaled,Pitcher,8,Fastball_Middle,0.0
37,0.05,15,range_scaled,Pitcher,8,Fastball_Top,0.0
37,0.05,15,range_scaled,Pitcher,8,Fastball_Chase,0.0
37,0.05,15,range_scaled,Pitcher,8,Offspeed_Bottom,0.0
37,0.05,15,range_scaled,Pitcher,8,Offspeed_Middle,0.0
37,0.05,15,range_scaled,Pitcher,8,Offspeed_Top,0.0
37,0.05,15,range_scaled,Pitcher,8,Offspeed_Chase,0.0
37,0.05,15,range_scaled,Pitcher,9,Fastball_Bottom,0.0
37,0.05,15,range_scaled,Pitcher,9,Fastball_Middle,0.1545360574868548
37,0.05,15,range_scaled,Pitcher,9,Fastball_Top,0.8454639425131453
37,0.05,15,range_scaled,Pitcher,9,Fastball_Chase,0.0
37,0.05,15,range_scaled,Pitcher,9,Offspeed_Bottom,0.0
37,0.05,15,range_scaled,Pitcher,9,Offspeed_Middle,0.0
37,0.05,15,range_scaled,Pitcher,9,Offspeed_Top,0.0
37,0.05,15,range_scaled,Pitcher,9,Offspeed_Chase,0.0
37,0.05,15,range_scaled,Pitcher,10,Fastball_Bottom,0.125
37,0.05,15,range_scaled,Pitcher,10,Fastball_Middle,0.125
37,0.05,15,range_scaled,Pitcher,10,Fastball_Top,0.125
37,0.05,15,range_scaled,Pitcher,10,Fastball_Chase,0.125
37,0.05,15,range_scaled,Pitcher,10,Offspeed_Bottom,0.125
37,0.05,15,range_scaled,Pitcher,10,Offspeed_Middle,0.125
37,0.05,15,range_scaled,Pitcher,10,Offspeed_Top,0.125
37,0.05,15,range_scaled,Pitcher,10,Offspeed_Chase,0.125
37,0.05,15,range_scaled,Pitcher,11,Fastball_Bottom,0.125
37,0.05,15,range_scaled,Pitcher,11,Fastball_Middle,0.125
37,0.05,15,range_scaled,Pitcher,11,Fastball_Top,0.125
37,0.05,15,range_scaled,Pitcher,11,Fastball_Chase,0.125
37,0.05,15,range_scaled,Pitcher,11,Offspeed_Bottom,0.125
37,0.05,15,range_scaled,Pitcher,11,Offspeed_Middle,0.125
37,0.05,15,range_scaled,Pitcher,11,Offspeed_Top,0.125
37,0.05,15,range_scaled,Pitcher,11,Offspeed_Chase,0.125
37,0.05,15,range_scaled,Pitcher,12,Fastball_Bottom,0.125
37,0.05,15,range_scaled,Pitcher,12,Fastball_Middle,0.125
37,0.05,15,range_scaled,Pitcher,12,Fastball_Top,0.125
37,0.05,15,range_scaled,Pitcher,12,Fastball_Chase,0.125
37,0.05,15,range_scaled,Pitcher,12,Offspeed_Bottom,0.125
37,0.05,15,range_scaled,Pitcher,12,Offspeed_Middle,0.125
37,0.05,15,range_scaled,Pitcher,12,Offspeed_Top,0.125
37,0.05,15,range_scaled,Pitcher,12,Offspeed_Chase,0.125
37,0.05,15,range_scaled,Pitcher,13,Fastball_Bottom,0.125
37,0.05,15,range_scaled,Pitcher,13,Fastball_Middle,0.125
37,0.05,15,range_scaled,Pitcher,13,Fastball_Top,0.125
37,0.05,15,range_scaled,Pitcher,13,Fastball_Chase,0.125
37,0.05,15,range_scaled,Pitcher,13,Offspeed_Bottom,0.125
37,0.05,15,range_scaled,Pitcher,13,Offspeed_Middle,0.125
37,0.05,15,range_scaled,Pitcher,13,Offspeed_Top,0.125
37,0.05,15,range_scaled,Pitcher,13,Offspeed_Chase,0.125
37,0.05,15,range_scaled,Pitcher,14,Fastball_Bottom,1.0
37,0.05,15,range_scaled,Pitcher,14,Fastball_Middle,0.0
37,0.05,15,range_scaled,Pitcher,14,Fastball_Top,0.0
37,0.05,15,range_scaled,Pitcher,14,Fastball_Chase,0.0
37,0.05,15,range_scaled,Pitcher,14,Offspeed_Bottom,0.0
37,0.05,15,range_scaled,Pitcher,14,Offspeed_Middle,0.0
37,0.05,15,range_scaled,Pitcher,14,Offspeed_Top,0.0
37,0.05,15,range_scaled,Pitcher,14,Offspeed_Chase,0.0
37,0.05,15,range_scaled,Pitcher,15,Fastball_Bottom,0.31542648937340556
37,0.05,15,range_scaled,Pitcher,15,Fastball_Middle,0.0
37,0.05,15,range_scaled,Pitcher,15,Fastball_Top,0.0
37,0.05,15,range_scaled,Pitcher,15,Fastball_Chase,0.0
37,0.05,15,range_scaled,Pitcher,15,Offspeed_Bottom,0.0
37,0.05,15,range_scaled,Pitcher,15,Offspeed_Middle,0.0
37,0.05,15,range_scaled,Pitcher,15,Offspeed_Top,0.6845735106265943
37,0.05,15,range_scaled,Pitcher,15,Offspeed_Chase,0.0
37,0.05,15,range_scaled,Pitcher,16,Fastball_Bottom,0.125
37,0.05,15,range_scaled,Pitcher,16,Fastball_Middle,0.125
37,0.05,15,range_scaled,Pitcher,16,Fastball_Top,0.125
37,0.05,15,range_scaled,Pitcher,16,Fastball_Chase,0.125
37,0.05,15,range_scaled,Pitcher,16,Offspeed_Bottom,0.125
37,0.05,15,range_scaled,Pitcher,16,Offspeed_Middle,0.125
37,0.05,15,range_scaled,Pitcher,16,Offspeed_Top,0.125
37,0.05,15,range_scaled,Pitcher,16,Offspeed_Chase,0.125
37,0.05,15,range_scaled,Pitcher,17,Fastball_Bottom,0.125
37,0.05,15,range_scaled,Pitcher,17,Fastball_Middle,0.125
37,0.05,15,range_scaled,Pitcher,17,Fastball_Top,0.125
37,0.05,15,range_scaled,Pitcher,17,Fastball_Chase,0.125
37,0.05,15,range_scaled,Pitcher,17,Offspeed_Bottom,0.125
37,0.05,15,range_scaled,Pitcher,17,Offspeed_Middle,0.125
37,0.05,15,range_scaled,Pitcher,17,Offspeed_Top,0.125
37,0.05,15,range_scaled,Pitcher,17,Offspeed_Chase,0.125
38,0.05,16,range_scaled,Batter,1,Swing,0.7195184558813863
38,0.05,16,range_scaled,Batter,1,Take,0.28048154411861365
38,0.05,16,range_scaled,Batter,2,Swing,1.0
38,0.05,16,range_scaled,Batter,2,Take,0.0
38,0.05,16,range_scaled,Batter,3,Swing,1.0
38,0.05,16,range_scaled,Batter,3,Take,0.0
38,0.05,16,range_scaled,Batter,4,Swing,1.0
38,0.05,16,range_scaled,Batter,4,Take,0.0
38,0.05,16,range_scaled,Batter,5,Swing,1.0
38,0.05,16,range_scaled,Batter,5,Take,0.0
38,0.05,16,range_scaled,Batter,6,Swing,1.0
38,0.05,16,range_scaled,Batter,6,Take,0.0
38,0.05,16,range_scaled,Batter,7,Swing,1.0
38,0.05,16,range_scaled,Batter,7,Take,0.0
38,0.05,16,range_scaled,Batter,8,Swing,1.0
38,0.05,16,range_scaled,Batter,8,Take,0.0
38,0.05,16,range_scaled,Batter,9,Swing,0.1718687839982568
38,0.05,16,range_scaled,Batter,9,Take,0.8281312160017432
38,0.05,16,range_scaled,Batter,10,Swing,1.0
38,0.05,16,range_scaled,Batter,10,Take,0.0
38,0.05,16,range_scaled,Batter,11,Swing,0.0
38,0.05,16,range_scaled,Batter,11,Take,1.0
38,0.05,16,range_scaled,Batter,12,Swing,1.0
38,0.05,16,range_scaled,Batter,12,Take,0.0
38,0.05,16,range_scaled,Batter,13,Swing,0.765080763665659
38,0.05,16,range_scaled,Batter,13,Take,0.23491923633434084
38,0.05,16,range_scaled,Batter,14,Swing,1.0
38,0.05,16,range_scaled,Batter,14,Take,0.0
38,0.05,16,range_scaled,Batter,15,Swing,0.0
38,0.05,16,range_scaled,Batter,15,Take,1.0
38,0.05,16,range_scaled,Batter,16,Swing,1.0
38,0.05,16,range_scaled,Batter,16,Take,0.0
38,0.05,16,range_scaled,Batter,17,Swing,0.792504103738996
38,0.05,16,range_scaled,Batter,17,Take,0.20749589626100365
38,0.05,16,range_scaled,Pitcher,1,Fastball_Bottom,0.0
38,0.05,16,range_scaled,Pitcher,1,Fastball_Middle,0.0
38,0.05,16,range_scaled,Pitcher,1,Fastball_Top,0.0
38,0.05,16,range_scaled,Pitcher,1,Fastball_Chase,0.0
38,0.05,16,range_scaled,Pitcher,1,Offspeed_Bottom,0.0
38,0.05,16,range_scaled,Pitcher,1,Offspeed_Middle,0.08854284126287182
38,0.05,16,range_scaled,Pitcher,1,Offspeed_Top,0.0
38,0.05,16,range_scaled,Pitcher,1,Offspeed_Chase,0.9114571587371282
38,0.05,16,range_scaled,Pitcher,2,Fastball_Bottom,0.125
38,0.05,16,range_scaled,Pitcher,2,Fastball_Middle,0.125
38,0.05,16,range_scaled,Pitcher,2,Fastball_Top,0.125
38,0.05,16,range_scaled,Pitcher,2,Fastball_Chase,0.125
38,0.05,16,range_scaled,Pitcher,2,Offspeed_Bottom,0.125
38,0.05,16,range_scaled,Pitcher,2,Offspeed_Middle,0.125
38,0.05,16,range_scaled,Pitcher,2,Offspeed_Top,0.125
38,0.05,16,range_scaled,Pitcher,2,Offspeed_Chase,0.125
38,0.05,16,range_scaled,Pitcher,3,Fastball_Bottom,0.125
38,0.05,16,range_scaled,Pitcher,3,Fastball_Middle,0.125
38,0.05,16,range_scaled,Pitcher,3,Fastball_Top,0.125
38,0.05,16,range_scaled,Pitcher,3,Fastball_Chase,0.125
38,0.05,16,range_scaled,Pitcher,3,Offspeed_Bottom,0.125
38,0.05,16,range_scaled,Pitcher,3,Offspeed_Middle,0.125
38,0.05,16,range_scaled,Pitcher,3,Offspeed_Top,0.125
38,0.05,16,range_scaled,Pitcher,3,Offspeed_Chase,0.125
38,0.05,16,range_scaled,Pitcher,4,Fastball_Bottom,0.125
38,0.05,16,range_scaled,Pitcher,4,Fastball_Middle,0.125
38,0.05,16,range_scaled,Pitcher,4,Fastball_Top,0.125
38,0.05,16,range_scaled,Pitcher,4,Fastball_Chase,0.125
38,0.05,16,range_scaled,Pitcher,4,Offspeed_Bottom,0.125
38,0.05,16,range_scaled,Pitcher,4,Offspeed_Middle,0.125
38,0.05,16,range_scaled,Pitcher,4,Offspeed_Top,0.125
38,0.05,16,range_scaled,Pitcher,4,Offspeed_Chase,0.125
38,0.05,16,range_scaled,Pitcher,5,Fastball_Bottom,0.125
38,0.05,16,range_scaled,Pitcher,5,Fastball_Middle,0.125
38,0.05,16,range_scaled,Pitcher,5,Fastball_Top,0.125
38,0.05,16,range_scaled,Pitcher,5,Fastball_Chase,0.125
38,0.05,16,range_scaled,Pitcher,5,Offspeed_Bottom,0.125
38,0.05,16,range_scaled,Pitcher,5,Offspeed_Middle,0.125
38,0.05,16,range_scaled,Pitcher,5,Offspeed_Top,0.125
38,0.05,16,range_scaled,Pitcher,5,Offspeed_Chase,0.125
38,0.05,16,range_scaled,Pitcher,6,Fastball_Bottom,0.125
38,0.05,16,range_scaled,Pitcher,6,Fastball_Middle,0.125
38,0.05,16,range_scaled,Pitcher,6,Fastball_Top,0.125
38,0.05,16,range_scaled,Pitcher,6,Fastball_Chase,0.125
38,0.05,16,range_scaled,Pitcher,6,Offspeed_Bottom,0.125
38,0.05,16,range_scaled,Pitcher,6,Offspeed_Middle,0.125
38,0.05,16,range_scaled,Pitcher,6,Offspeed_Top,0.125
38,0.05,16,range_scaled,Pitcher,6,Offspeed_Chase,0.125
38,0.05,16,range_scaled,Pitcher,7,Fastball_Bottom,0.125
38,0.05,16,range_scaled,Pitcher,7,Fastball_Middle,0.125
38,0.05,16,range_scaled,Pitcher,7,Fastball_Top,0.125
38,0.05,16,range_scaled,Pitcher,7,Fastball_Chase,0.125
38,0.05,16,range_scaled,Pitcher,7,Offspeed_Bottom,0.125
38,0.05,16,range_scaled,Pitcher,7,Offspeed_Middle,0.125
38,0.05,16,range_scaled,Pitcher,7,Offspeed_Top,0.125
38,0.05,16,range_scaled,Pitcher,7,Offspeed_Chase,0.125
38,0.05,16,range_scaled,Pitcher,8,Fastball_Bottom,0.125
38,0.05,16,range_scaled,Pitcher,8,Fastball_Middle,0.125
38,0.05,16,range_scaled,Pitcher,8,Fastball_Top,0.125
38,0.05,16,range_scaled,Pitcher,8,Fastball_Chase,0.125
38,0.05,16,range_scaled,Pitcher,8,Offspeed_Bottom,0.125
38,0.05,16,range_scaled,Pitcher,8,Offspeed_Middle,0.125
38,0.05,16,range_scaled,Pitcher,8,Offspeed_Top,0.125
38,0.05,16,range_scaled,Pitcher,8,Offspeed_Chase,0.125
38,0.05,16,range_scaled,Pitcher,9,Fastball_Bottom,0.125
38,0.05,16,range_scaled,Pitcher,9,Fastball_Middle,0.125
38,0.05,16,range_scaled,Pitcher,9,Fastball_Top,0.125
38,0.05,16,range_scaled,Pitcher,9,Fastball_Chase,0.125
38,0.05,16,range_scaled,Pitcher,9,Offspeed_Bottom,0.125
38,0.05,16,range_scaled,Pitcher,9,Offspeed_Middle,0.125
38,0.05,16,range_scaled,Pitcher,9,Offspeed_Top,0.125
38,0.05,16,range_scaled,Pitcher,9,Offspeed_Chase,0.125
38,0.05,16,range_scaled,Pitcher,10,Fastball_Bottom,0.125
38,0.05,16,range_scaled,Pitcher,10,Fastball_Middle,0.125
38,0.05,16,range_scaled,Pitcher,10,Fastball_Top,0.125
38,0.05,16,range_scaled,Pitcher,10,Fastball_Chase,0.125
38,0.05,16,range_scaled,Pitcher,10,Offspeed_Bottom,0.125
38,0.05,16,range_scaled,Pitcher,10,Offspeed_Middle,0.125
38,0.05,16,range_scaled,Pitcher,10,Offspeed_Top,0.125
38,0.05,16,range_scaled,Pitcher,10,Offspeed_Chase,0.125
38,0.05,16,range_scaled,Pitcher,11,Fastball_Bottom,0.125
38,0.05,16,range_scaled,Pitcher,11,Fastball_Middle,0.125
38,0.05,16,range_scaled,Pitcher,11,Fastball_Top,0.125
38,0.05,16,range_scaled,Pitcher,11,Fastball_Chase,0.125
38,0.05,16,range_scaled,Pitcher,11,Offspeed_Bottom,0.125
38,0.05,16,range_scaled,Pitcher,11,Offspeed_Middle,0.125
38,0.05,16,range_scaled,Pitcher,11,Offspeed_Top,0.125
38,0.05,16,range_scaled,Pitcher,11,Offspeed_Chase,0.125
38,0.05,16,range_scaled,Pitcher,12,Fastball_Bottom,1.0
38,0.05,16,range_scaled,Pitcher,12,Fastball_Middle,0.0
38,0.05,16,range_scaled,Pitcher,12,Fastball_Top,0.0
38,0.05,16,range_scaled,Pitcher,12,Fastball_Chase,0.0
38,0.05,16,range_scaled,Pitcher,12,Offspeed_Bottom,0.0
38,0.05,16,range_scaled,Pitcher,12,Offspeed_Middle,0.0
38,0.05,16,range_scaled,Pitcher,12,Offspeed_Top,0.0
38,0.05,16,range_scaled,Pitcher,12,Offspeed_Chase,0.0
38,0.05,16,range_scaled,Pitcher,13,Fastball_Bottom,0.0
38,0.05,16,range_scaled,Pitcher,13,Fastball_Middle,0.0
38,0.05,16,range_scaled,Pitcher,13,Fastball_Top,0.5175888874771203
38,0.05,16,range_scaled,Pitcher,13,Fastball_Chase,0.0
38,0.05,16,range_scaled,Pitcher,13,Offspeed_Bottom,0.0
38,0.05,16,range_scaled,Pitcher,13,Offspeed_Middle,0.0
38,0.05,16,range_scaled,Pitcher,13,Offspeed_Top,0.0
38,0.05,16,range_scaled,Pitcher,13,Offspeed_Chase,0.48241111252287944
38,0.05,16,range_scaled,Pitcher,14,Fastball_Bottom,0.125
38,0.05,16,range_scaled,Pitcher,14,Fastball_Middle,0.125
38,0.05,16,range_scaled,Pitcher,14,Fastball_Top,0.125
38,0.05,16,range_scaled,Pitcher,14,Fastball_Chase,0.125
38,0.05,16,range_scaled,Pitcher,14,Offspeed_Bottom,0.125
38,0.05,16,range_scaled,Pitcher,14,Offspeed_Middle,0.125
38,0.05,16,range_scaled,Pitcher,14,Offspeed_Top,0.125
38,0.05,16,range_scaled,Pitcher,14,Offspeed_Chase,0.125
38,0.05,16,range_scaled,Pitcher,15,Fastball_Bottom,0.125
38,0.05,16,range_scaled,Pitcher,15,Fastball_Middle,0.125
38,0.05,16,range_scaled,Pitcher,15,Fastball_Top,0.125
38,0.05,16,range_scaled,Pitcher,15,Fastball_Chase,0.125
38,0.05,16,range_scaled,Pitcher,15,Offspeed_Bottom,0.125
38,0.05,16,range_scaled,Pitcher,15,Offspeed_Middle,0.125
38,0.05,16,range_scaled,Pitcher,15,Offspeed_Top,0.125
38,0.05,16,range_scaled,Pitcher,15,Offspeed_Chase,0.125
38,0.05,16,range_scaled,Pitcher,16,Fastball_Bottom,1.0
38,0.05,16,range_scaled,Pitcher,16,Fastball_Middle,0.0
38,0.05,16,range_scaled,Pitcher,16,Fastball_Top,0.0
38,0.05,16,range_scaled,Pitcher,16,Fastball_Chase,0.0
38,0.05,16,range_scaled,Pitcher,16,Offspeed_Bottom,0.0
38,0.05,16,range_scaled,Pitcher,16,Offspeed_Middle,0.0
38,0.05,16,range_scaled,Pitcher,16,Offspeed_Top,0.0
38,0.05,16,range_scaled,Pitcher,16,Offspeed_Chase,0.0
38,0.05,16,range_scaled,Pitcher,17,Fastball_Bottom,0.0
38,0.05,16,range_scaled,Pitcher,17,Fastball_Middle,0.0
38,0.05,16,range_scaled,Pitcher,17,Fastball_Top,0.0
38,0.05,16,range_scaled,Pitcher,17,Fastball_Chase,0.4362016709913939
38,0.05,16,range_scaled,Pitcher,17,Offspeed_Bottom,0.0
38,0.05,16,range_scaled,Pitcher,17,Offspeed_Middle,0.0
38,0.05,16,range_scaled,Pitcher,17,Offspeed_Top,0.5637983290086062
38,0.05,16,range_scaled,Pitcher,17,Offspeed_Chase,0.0
39,0.05,17,range_scaled,Batter,1,Swing,0.680952356894486
39,0.05,17,range_scaled,Batter,1,Take,0.319047643105514
39,0.05,17,range_scaled,Batter,2,Swing,1.0
39,0.05,17,range_scaled,Batter,2,Take,0.0
39,0.05,17,range_scaled,Batter,3,Swing,1.0
39,0.05,17,range_scaled,Batter,3,Take,0.0
39,0.05,17,range_scaled,Batter,4,Swing,1.0
39,0.05,17,range_scaled,Batter,4,Take,0.0
39,0.05,17,range_scaled,Batter,5,Swing,1.0
39,0.05,17,range_scaled,Batter,5,Take,0.0
39,0.05,17,range_scaled,Batter,6,Swing,1.0
39,0.05,17,range_scaled,Batter,6,Take,0.0
39,0.05,17,range_scaled,Batter,7,Swing,1.0
39,0.05,17,range_scaled,Batter,7,Take,0.0
39,0.05,17,range_scaled,Batter,8,Swing,1.0
39,0.05,17,range_scaled,Batter,8,Take,0.0
39,0.05,17,range_scaled,Batter,9,Swing,0.6680669288134835
39,0.05,17,range_scaled,Batter,9,Take,0.33193307118651644
39,0.05,17,range_scaled,Batter,10,Swing,1.0
39,0.05,17,range_scaled,Batter,10,Take,0.0
39,0.05,17,range_scaled,Batter,11,Swing,0.4397986893467563
39,0.05,17,range_scaled,Batter,11,Take,0.5602013106532436
39,0.05,17,range_scaled,Batter,12,Swing,1.0
39,0.05,17,range_scaled,Batter,12,Take,0.0
39,0.05,17,range_scaled,Batter,13,Swing,1.0
39,0.05,17,range_scaled,Batter,13,Take,0.0
39,0.05,17,range_scaled,Batter,14,Swing,1.0
39,0.05,17,range_scaled,Batter,14,Take,0.0
39,0.05,17,range_scaled,Batter,15,Swing,0.0
39,0.05,17,range_scaled,Batter,15,Take,1.0
39,0.05,17,range_scaled,Batter,16,Swing,1.0
39,0.05,17,range_scaled,Batter,16,Take,0.0
39,0.05,17,range_scaled,Batter,17,Swing,1.0
39,0.05,17,range_scaled,Batter,17,Take,0.0
39,0.05,17,range_scaled,Pitcher,1,Fastball_Bottom,0.0
39,0.05,17,range_scaled,Pitcher,1,Fastball_Middle,0.0
39,0.05,17,range_scaled,Pitcher,1,Fastball_Top,0.0
39,0.05,17,range_scaled,Pitcher,1,Fastball_Chase,0.7904854331019906
39,0.05,17,range_scaled,Pitcher,1,Offspeed_Bottom,0.20951456689800946
39,0.05,17,range_scaled,Pitcher,1,Offspeed_Middle,0.0
39,0.05,17,range_scaled,Pitcher,1,Offspeed_Top,0.0
39,0.05,17,range_scaled,Pitcher,1,Offspeed_Chase,0.0
39,0.05,17,range_scaled,Pitcher,2,Fastball_Bottom,0.125
39,0.05,17,range_scaled,Pitcher,2,Fastball_Middle,0.125
39,0.05,17,range_scaled,Pitcher,2,Fastball_Top,0.125
39,0.05,17,range_scaled,Pitcher,2,Fastball_Chase,0.125
39,0.05,17,range_scaled,Pitcher,2,Offspeed_Bottom,0.125
39,0.05,17,range_scaled,Pitcher,2,Offspeed_Middle,0.125
39,0.05,17,range_scaled,Pitcher,2,Offspeed_Top,0.125
39,0.05,17,range_scaled,Pitcher,2,Offspeed_Chase,0.125
39,0.05,17,range_scaled,Pitcher,3,Fastball_Bottom,0.125
39,0.05,17,range_scaled,Pitcher,3,Fastball_Middle,0.125
39,0.05,17,range_scaled,Pitcher,3,Fastball_Top,0.125
39,0.05,17,range_scaled,Pitcher,3,Fastball_Chase,0.125
39,0.05,17,range_scaled,Pitcher,3,Offspeed_Bottom,0.125
39,0.05,17,range_scaled,Pitcher,3,Offspeed_Middle,0.125
39,0.05,17,range_scaled,Pitcher,3,Offspeed_Top,0.125
39,0.05,17,range_scaled,Pitcher,3,Offspeed_Chase,0.125
39,0.05,17,range_scaled,Pitcher,4,Fastball_Bottom,0.125
39,0.05,17,range_scaled,Pitcher,4,Fastball_Middle,0.125
39,0.05,17,range_scaled,Pitcher,4,Fastball_Top,0.125
39,0.05,17,range_scaled,Pitcher,4,Fastball_Chase,0.125
39,0.05,17,range_scaled,Pitcher,4,Offspeed_Bottom,0.125
39,0.05,17,range_scaled,Pitcher,4,Offspeed_Middle,0.125
39,0.05,17,range_scaled,Pitcher,4,Offspeed_Top,0.125
39,0.05,17,range_scaled,Pitcher,4,Offspeed_Chase,0.125
39,0.05,17,range_scaled,Pitcher,5,Fastball_Bottom,0.125
39,0.05,17,range_scaled,Pitcher,5,Fastball_Middle,0.125
39,0.05,17,range_scaled,Pitcher,5,Fastball_Top,0.125
39,0.05,17,range_scaled,Pitcher,5,Fastball_Chase,0.125
39,0.05,17,range_scaled,Pitcher,5,Offspeed_Bottom,0.125
39,0.05,17,range_scaled,Pitcher,5,Offspeed_Middle,0.125
39,0.05,17,range_scaled,Pitcher,5,Offspeed_Top,0.125
39,0.05,17,range_scaled,Pitcher,5,Offspeed_Chase,0.125
39,0.05,17,range_scaled,Pitcher,6,Fastball_Bottom,0.125
39,0.05,17,range_scaled,Pitcher,6,Fastball_Middle,0.125
39,0.05,17,range_scaled,Pitcher,6,Fastball_Top,0.125
39,0.05,17,range_scaled,Pitcher,6,Fastball_Chase,0.125
39,0.05,17,range_scaled,Pitcher,6,Offspeed_Bottom,0.125
39,0.05,17,range_scaled,Pitcher,6,Offspeed_Middle,0.125
39,0.05,17,range_scaled,Pitcher,6,Offspeed_Top,0.125
39,0.05,17,range_scaled,Pitcher,6,Offspeed_Chase,0.125
39,0.05,17,range_scaled,Pitcher,7,Fastball_Bottom,0.125
39,0.05,17,range_scaled,Pitcher,7,Fastball_Middle,0.125
39,0.05,17,range_scaled,Pitcher,7,Fastball_Top,0.125
39,0.05,17,range_scaled,Pitcher,7,Fastball_Chase,0.125
39,0.05,17,range_scaled,Pitcher,7,Offspeed_Bottom,0.125
39,0.05,17,range_scaled,Pitcher,7,Offspeed_Middle,0.125
39,0.05,17,range_scaled,Pitcher,7,Offspeed_Top,0.125
39,0.05,17,range_scaled,Pitcher,7,Offspeed_Chase,0.125
39,0.05,17,range_scaled,Pitcher,8,Fastball_Bottom,1.0
39,0.05,17,range_scaled,Pitcher,8,Fastball_Middle,0.0
39,0.05,17,range_scaled,Pitcher,8,Fastball_Top,0.0
39,0.05,17,range_scaled,Pitcher,8,Fastball_Chase,0.0
39,0.05,17,range_scaled,Pitcher,8,Offspeed_Bottom,0.0
39,0.05,17,range_scaled,Pitcher,8,Offspeed_Middle,0.0
39,0.05,17,range_scaled,Pitcher,8,Offspeed_Top,0.0
39,0.05,17,range_scaled,Pitcher,8,Offspeed_Chase,0.0
39,0.05,17,range_scaled,Pitcher,9,Fastball_Bottom,0.0
39,0.05,17,range_scaled,Pitcher,9,Fastball_Middle,0.0
39,0.05,17,range_scaled,Pitcher,9,Fastball_Top,0.0
39,0.05,17,range_scaled,Pitcher,9,Fastball_Chase,0.0
39,0.05,17,range_scaled,Pitcher,9,Offspeed_Bottom,0.36825031807338954
39,0.05,17,range_scaled,Pitcher,9,Offspeed_Middle,0.0
39,0.05,17,range_scaled,Pitcher,9,Offspeed_Top,0.6317496819266105
39,0.05,17,range_scaled,Pitcher,9,Offspeed_Chase,0.0
39,0.05,17,range_scaled,Pitcher,10,Fastball_Bottom,1.0
39,0.05,17,range_scaled,Pitcher,10,Fastball_Middle,0.0
39,0.05,17,range_scaled,Pitcher,10,Fastball_Top,0.0
39,0.05,17,range_scaled,Pitcher,10,Fastball_Chase,0.0
39,0.05,17,range_scaled,Pitcher,10,Offspeed_Bottom,0.0
39,0.05,17,range_scaled,Pitcher,10,Offspeed_Middle,0.0
39,0.05,17,range_scaled,Pitcher,10,Offspeed_Top,0.0
39,0.05,17,range_scaled,Pitcher,10,Offspeed_Chase,0.0
39,0.05,17,range_scaled,Pitcher,11,Fastball_Bottom,0.0
39,0.05,17,range_scaled,Pitcher,11,Fastball_Middle,0.0
39,0.05,17,range_scaled,Pitcher,11,Fastball_Top,0.3561857871726119
39,0.05,17,range_scaled,Pitcher,11,Fastball_Chase,0.643814212827388
39,0.05,17,range_scaled,Pitcher,11,Offspeed_Bottom,0.0
39,0.05,17,range_scaled,Pitcher,11,Offspeed_Middle,0.0
39,0.05,17,range_scaled,Pitcher,11,Offspeed_Top,0.0
39,0.05,17,range_scaled,Pitcher,11,Offspeed_Chase,0.0
39,0.05,17,range_scaled,Pitcher,12,Fastball_Bottom,0.125
39,0.05,17,range_scaled,Pitcher,12,Fastball_Middle,0.125
39,0.05,17,range_scaled,Pitcher,12,Fastball_Top,0.125
39,0.05,17,range_scaled,Pitcher,12,Fastball_Chase,0.125
39,0.05,17,range_scaled,Pitcher,12,Offspeed_Bottom,0.125
39,0.05,17,range_scaled,Pitcher,12,Offspeed_Middle,0.125
39,0.05,17,range_scaled,Pitcher,12,Offspeed_Top,0.125
39,0.05,17,range_scaled,Pitcher,12,Offspeed_Chase,0.125
39,0.05,17,range_scaled,Pitcher,13,Fastball_Bottom,0.125
39,0.05,17,range_scaled,Pitcher,13,Fastball_Middle,0.125
39,0.05,17,range_scaled,Pitcher,13,Fastball_Top,0.125
39,0.05,17,range_scaled,Pitcher,13,Fastball_Chase,0.125
39,0.05,17,range_scaled,Pitcher,13,Offspeed_Bottom,0.125
39,0.05,17,range_scaled,Pitcher,13,Offspeed_Middle,0.125
39,0.05,17,range_scaled,Pitcher,13,Offspeed_Top,0.125
39,0.05,17,range_scaled,Pitcher,13,Offspeed_Chase,0.125
39,0.05,17,range_scaled,Pitcher,14,Fastball_Bottom,0.125
39,0.05,17,range_scaled,Pitcher,14,Fastball_Middle,0.125
39,0.05,17,range_scaled,Pitcher,14,Fastball_Top,0.125
39,0.05,17,range_scaled,Pitcher,14,Fastball_Chase,0.125
39,0.05,17,range_scaled,Pitcher,14,Offspeed_Bottom,0.125
39,0.05,17,range_scaled,Pitcher,14,Offspeed_Middle,0.125
39,0.05,17,range_scaled,Pitcher,14,Offspeed_Top,0.125
39,0.05,17,range_scaled,Pitcher,14,Offspeed_Chase,0.125
39,0.05,17,range_scaled,Pitcher,15,Fastball_Bottom,0.125
39,0.05,17,range_scaled,Pitcher,15,Fastball_Middle,0.125
39,0.05,17,range_scaled,Pitcher,15,Fastball_Top,0.125
39,0.05,17,range_scaled,Pitcher,15,Fastball_Chase,0.125
39,0.05,17,range_scaled,Pitcher,15,Offspeed_Bottom,0.125
39,0.05,17,range_scaled,Pitcher,15,Offspeed_Middle,0.125
39,0.05,17,range_scaled,Pitcher,15,Offspeed_Top,0.125
39,0.05,17,range_scaled,Pitcher,15,Offspeed_Chase,0.125
39,0.05,17,range_scaled,Pitcher,16,Fastball_Bottom,0.125
39,0.05,17,range_scaled,Pitcher,16,Fastball_Middle,0.125
39,0.05,17,range_scaled,Pitcher,16,Fastball_Top,0.125
39,0.05,17,range_scaled,Pitcher,16,Fastball_Chase,0.125
39,0.05,17,range_scaled,Pitcher,16,Offspeed_Bottom,0.125
39,0.05,17,range_scaled,Pitcher,16,Offspeed_Middle,0.125
39,0.05,17,range_scaled,Pitcher,16,Offspeed_Top,0.125
39,0.05,17,range_scaled,Pitcher,16,Offspeed_Chase,0.125
39,0.05,17,range_scaled,Pitcher,17,Fastball_Bottom,0.125
39,0.05,17,range_scaled,Pitcher,17,Fastball_Middle,0.125
39,0.05,17,range_scaled,Pitcher,17,Fastball_Top,0.125
39,0.05,17,range_scaled,Pitcher,17,Fastball_Chase,0.125
39,0.05,17,range_scaled,Pitcher,17,Offspeed_Bottom,0.125
39,0.05,17,range_scaled,Pitcher,17,Offspeed_Middle,0.125
39,0.05,17,range_scaled,Pitcher,17,Offspeed_Top,0.125
39,0.05,17,range_scaled,Pitcher,17,Offspeed_Chase,0.125
40,0.05,18,range_scaled,Batter,1,Swing,0.46155858611471356
40,0.05,18,range_scaled,Batter,1,Take,0.5384414138852864
40,0.05,18,range_scaled,Batter,2,Swing,1.0
40,0.05,18,range_scaled,Batter,2,Take,0.0
40,0.05,18,range_scaled,Batter,3,Swing,1.0
40,0.05,18,range_scaled,Batter,3,Take,0.0
40,0.05,18,range_scaled,Batter,4,Swing,1.0
40,0.05,18,range_scaled,Batter,4,Take,0.0
40,0.05,18,range_scaled,Batter,5,Swing,0.0
40,0.05,18,range_scaled,Batter,5,Take,1.0
40,0.05,18,range_scaled,Batter,6,Swing,1.0
40,0.05,18,range_scaled,Batter,6,Take,0.0
40,0.05,18,range_scaled,Batter,7,Swing,0.41783631130413984
40,0.05,18,range_scaled,Batter,7,Take,0.5821636886958602
40,0.05,18,range_scaled,Batter,8,Swing,1.0
40,0.05,18,range_scaled,Batter,8,Take,0.0
40,0.05,18,range_scaled,Batter,9,Swing,0.625147306672137
40,0.05,18,range_scaled,Batter,9,Take,0.3748526933278629
40,0.05,18,range_scaled,Batter,10,Swing,1.0
40,0.05,18,range_scaled,Batter,10,Take,0.0
40,0.05,18,range_scaled,Batter,11,Swing,1.0
40,0.05,18,range_scaled,Batter,11,Take,0.0
40,0.05,18,range_scaled,Batter,12,Swing,1.0
40,0.05,18,range_scaled,Batter,12,Take,0.0
40,0.05,18,range_scaled,Batter,13,Swing,1.0
40,0.05,18,range_scaled,Batter,13,Take,0.0
40,0.05,18,range_scaled,Batter,14,Swing,1.0
40,0.05,18,range_scaled,Batter,14,Take,0.0
40,0.05,18,range_scaled,Batter,15,Swing,0.5677678267938965
40,0.05,18,range_scaled,Batter,15,Take,0.4322321732061035
40,0.05,18,range_scaled,Batter,16,Swing,1.0
40,0.05,18,range_scaled,Batter,16,Take,0.0
40,0.05,18,range_scaled,Batter,17,Swing,1.0
40,0.05,18,range_scaled,Batter,17,Take,0.0
40,0.05,18,range_scaled,Pitcher,1,Fastball_Bottom,0.0
40,0.05,18,range_scaled,Pitcher,1,Fastball_Middle,0.0
40,0.05,18,range_scaled,Pitcher,1,Fastball_Top,0.38187757577846215
40,0.05,18,range_scaled,Pitcher,1,Fastball_Chase,0.0
40,0.05,18,range_scaled,Pitcher,1,Offspeed_Bottom,0.0
40,0.05,18,range_scaled,Pitcher,1,Offspeed_Middle,0.0
40,0.05,18,range_scaled,Pitcher,1,Offspeed_Top,0.6181224242215378
40,0.05,18,range_scaled,Pitcher,1,Offspeed_Chase,0.0
40,0.05,18,range_scaled,Pitcher,2,Fastball_Bottom,0.125
40,0.05,18,range_scaled,Pitcher,2,Fastball_Middle,0.125
40,0.05,18,range_scaled,Pitcher,2,Fastball_Top,0.125
40,0.05,18,range_scaled,Pitcher,2,Fastball_Chase,0.125
40,0.05,18,range_scaled,Pitcher,2,Offspeed_Bottom,0.125
40,0.05,18,range_scaled,Pitcher,2,Offspeed_Middle,0.125
40,0.05,18,range_scaled,Pitcher,2,Offspeed_Top,0.125
40,0.05,18,range_scaled,Pitcher,2,Offspeed_Chase,0.125
40,0.05,18,range_scaled,Pitcher,3,Fastball_Bottom,0.125
40,0.05,18,range_scaled,Pitcher,3,Fastball_Middle,0.125
40,0.05,18,range_scaled,Pitcher,3,Fastball_Top,0.125
40,0.05,18,range_scaled,Pitcher,3,Fastball_Chase,0.125
40,0.05,18,range_scaled,Pitcher,3,Offspeed_Bottom,0.125
40,0.05,18,range_scaled,Pitcher,3,Offspeed_Middle,0.125
40,0.05,18,range_scaled,Pitcher,3,Offspeed_Top,0.125
40,0.05,18,range_scaled,Pitcher,3,Offspeed_Chase,0.125
40,0.05,18,range_scaled,Pitcher,4,Fastball_Bottom,0.125
40,0.05,18,range_scaled,Pitcher,4,Fastball_Middle,0.125
40,0.05,18,range_scaled,Pitcher,4,Fastball_Top,0.125
40,0.05,18,range_scaled,Pitcher,4,Fastball_Chase,0.125
40,0.05,18,range_scaled,Pitcher,4,Offspeed_Bottom,0.125
40,0.05,18,range_scaled,Pitcher,4,Offspeed_Middle,0.125
40,0.05,18,range_scaled,Pitcher,4,Offspeed_Top,0.125
40,0.05,18,range_scaled,Pitcher,4,Offspeed_Chase,0.125
40,0.05,18,range_scaled,Pitcher,5,Fastball_Bottom,0.125
40,0.05,18,range_scaled,Pitcher,5,Fastball_Middle,0.125
40,0.05,18,range_scaled,Pitcher,5,Fastball_Top,0.125
40,0.05,18,range_scaled,Pitcher,5,Fastball_Chase,0.125
40,0.05,18,range_scaled,Pitcher,5,Offspeed_Bottom,0.125
40,0.05,18,range_scaled,Pitcher,5,Offspeed_Middle,0.125
40,0.05,18,range_scaled,Pitcher,5,Offspeed_Top,0.125
40,0.05,18,range_scaled,Pitcher,5,Offspeed_Chase,0.125
40,0.05,18,range_scaled,Pitcher,6,Fastball_Bottom,1.0
40,0.05,18,range_scaled,Pitcher,6,Fastball_Middle,0.0
40,0.05,18,range_scaled,Pitcher,6,Fastball_Top,0.0
40,0.05,18,range_scaled,Pitcher,6,Fastball_Chase,0.0
40,0.05,18,range_scaled,Pitcher,6,Offspeed_Bottom,0.0
40,0.05,18,range_scaled,Pitcher,6,Offspeed_Middle,0.0
40,0.05,18,range_scaled,Pitcher,6,Offspeed_Top,0.0
40,0.05,18,range_scaled,Pitcher,6,Offspeed_Chase,0.0
40,0.05,18,range_scaled,Pitcher,7,Fastball_Bottom,0.8940238137027118
40,0.05,18,range_scaled,Pitcher,7,Fastball_Middle,0.10597618629728807
40,0.05,18,range_scaled,Pitcher,7,Fastball_Top,0.0
40,0.05,18,range_scaled,Pitcher,7,Fastball_Chase,0.0
40,0.05,18,range_scaled,Pitcher,7,Offspeed_Bottom,0.0
40,0.05,18,range_scaled,Pitcher,7,Offspeed_Middle,0.0
40,0.05,18,range_scaled,Pitcher,7,Offspeed_Top,0.0
40,0.05,18,range_scaled,Pitcher,7,Offspeed_Chase,0.0
40,0.05,18,range_scaled,Pitcher,8,Fastball_Bottom,0.125
40,0.05,18,range_scaled,Pitcher,8,Fastball_Middle,0.125
40,0.05,18,range_scaled,Pitcher,8,Fastball_Top,0.125
40,0.05,18,range_scaled,Pitcher,8,Fastball_Chase,0.125
40,0.05,18,range_scaled,Pitcher,8,Offspeed_Bottom,0.125
40,0.05,18,range_scaled,Pitcher,8,Offspeed_Middle,0.125
40,0.05,18,range_scaled,Pitcher,8,Offspeed_Top,0.125
40,0.05,18,range_scaled,Pitcher,8,Offspeed_Chase,0.125
40,0.05,18,range_scaled,Pitcher,9,Fastball_Bottom,0.125
40,0.05,18,range_scaled,Pitcher,9,Fastball_Middle,0.125
40,0.05,18,range_scaled,Pitcher,9,Fastball_Top,0.125
40,0.05,18,range_scaled,Pitcher,9,Fastball_Chase,0.125
40,0.05,18,range_scaled,Pitcher,9,Offspeed_Bottom,0.125
40,0.05,18,range_scaled,Pitcher,9,Offspeed_Middle,0.125
40,0.05,18,range_scaled,Pitcher,9,Offspeed_Top,0.125
40,0.05,18,range_scaled,Pitcher,9,Offspeed_Chase,0.125
40,0.05,18,range_scaled,Pitcher,10,Fastball_Bottom,0.125
40,0.05,18,range_scaled,Pitcher,10,Fastball_Middle,0.125
40,0.05,18,range_scaled,Pitcher,10,Fastball_Top,0.125
40,0.05,18,range_scaled,Pitcher,10,Fastball_Chase,0.125
40,0.05,18,range_scaled,Pitcher,10,Offspeed_Bottom,0.125
40,0.05,18,range_scaled,Pitcher,10,Offspeed_Middle,0.125
40,0.05,18,range_scaled,Pitcher,10,Offspeed_Top,0.125
40,0.05,18,range_scaled,Pitcher,10,Offspeed_Chase,0.125
40,0.05,18,range_scaled,Pitcher,11,Fastball_Bottom,0.125
40,0.05,18,range_scaled,Pitcher,11,Fastball_Middle,0.125
40,0.05,18,range_scaled,Pitcher,11,Fastball_Top,0.125
40,0.05,18,range_scaled,Pitcher,11,Fastball_Chase,0.125
40,0.05,18,range_scaled,Pitcher,11,Offspeed_Bottom,0.125
40,0.05,18,range_scaled,Pitcher,11,Offspeed_Middle,0.125
40,0.05,18,range_scaled,Pitcher,11,Offspeed_Top,0.125
40,0.05,18,range_scaled,Pitcher,11,Offspeed_Chase,0.125
40,0.05,18,range_scaled,Pitcher,12,Fastball_Bottom,0.125
40,0.05,18,range_scaled,Pitcher,12,Fastball_Middle,0.125
40,0.05,18,range_scaled,Pitcher,12,Fastball_Top,0.125
40,0.05,18,range_scaled,Pitcher,12,Fastball_Chase,0.125
40,0.05,18,range_scaled,Pitcher,12,Offspeed_Bottom,0.125
40,0.05,18,range_scaled,Pitcher,12,Offspeed_Middle,0.125
40,0.05,18,range_scaled,Pitcher,12,Offspeed_Top,0.125
40,0.05,18,range_scaled,Pitcher,12,Offspeed_Chase,0.125
40,0.05,18,range_scaled,Pitcher,13,Fastball_Bottom,0.125
40,0.05,18,range_scaled,Pitcher,13,Fastball_Middle,0.125
40,0.05,18,range_scaled,Pitcher,13,Fastball_Top,0.125
40,0.05,18,range_scaled,Pitcher,13,Fastball_Chase,0.125
40,0.05,18,range_scaled,Pitcher,13,Offspeed_Bottom,0.125
40,0.05,18,range_scaled,Pitcher,13,Offspeed_Middle,0.125
40,0.05,18,range_scaled,Pitcher,13,Offspeed_Top,0.125
40,0.05,18,range_scaled,Pitcher,13,Offspeed_Chase,0.125
40,0.05,18,range_scaled,Pitcher,14,Fastball_Bottom,1.0
40,0.05,18,range_scaled,Pitcher,14,Fastball_Middle,0.0
40,0.05,18,range_scaled,Pitcher,14,Fastball_Top,0.0
40,0.05,18,range_scaled,Pitcher,14,Fastball_Chase,0.0
40,0.05,18,range_scaled,Pitcher,14,Offspeed_Bottom,0.0
40,0.05,18,range_scaled,Pitcher,14,Offspeed_Middle,0.0
40,0.05,18,range_scaled,Pitcher,14,Offspeed_Top,0.0
40,0.05,18,range_scaled,Pitcher,14,Offspeed_Chase,0.0
40,0.05,18,range_scaled,Pitcher,15,Fastball_Bottom,0.12078218633408692
40,0.05,18,range_scaled,Pitcher,15,Fastball_Middle,0.0
40,0.05,18,range_scaled,Pitcher,15,Fastball_Top,0.8792178136659131
40,0.05,18,range_scaled,Pitcher,15,Fastball_Chase,0.0
40,0.05,18,range_scaled,Pitcher,15,Offspeed_Bottom,0.0
40,0.05,18,range_scaled,Pitcher,15,Offspeed_Middle,0.0
40,0.05,18,range_scaled,Pitcher,15,Offspeed_Top,0.0
40,0.05,18,range_scaled,Pitcher,15,Offspeed_Chase,0.0
40,0.05,18,range_scaled,Pitcher,16,Fastball_Bottom,0.125
40,0.05,18,range_scaled,Pitcher,16,Fastball_Middle,0.125
40,0.05,18,range_scaled,Pitcher,16,Fastball_Top,0.125
40,0.05,18,range_scaled,Pitcher,16,Fastball_Chase,0.125
40,0.05,18,range_scaled,Pitcher,16,Offspeed_Bottom,0.125
40,0.05,18,range_scaled,Pitcher,16,Offspeed_Middle,0.125
40,0.05,18,range_scaled,Pitcher,16,Offspeed_Top,0.125
40,0.05,18,range_scaled,Pitcher,16,Offspeed_Chase,0.125
40,0.05,18,range_scaled,Pitcher,17,Fastball_Bottom,0.125
40,0.05,18,range_scaled,Pitcher,17,Fastball_Middle,0.125
40,0.05,18,range_scaled,Pitcher,17,Fastball_Top,0.125
40,0.05,18,range_scaled,Pitcher,17,Fastball_Chase,0.125
40,0.05,18,range_scaled,Pitcher,17,Offspeed_Bottom,0.125
40,0.05,18,range_scaled,Pitcher,17,Offspeed_Middle,0.125
40,0.05,18,range_scaled,Pitcher,17,Offspeed_Top,0.125
40,0.05,18,range_scaled,Pitcher,17,Offspeed_Chase,0.125
41,0.05,19,range_scaled,Batter,1,Swing,1.0
41,0.05,19,range_scaled,Batter,1,Take,-0.0
41,0.05,19,range_scaled,Batter,2,Swing,1.0
41,0.05,19,range_scaled,Batter,2,Take,0.0
41,0.05,19,range_scaled,Batter,3,Swing,0.5
41,0.05,19,range_scaled,Batter,3,Take,0.5
41,0.05,19,range_scaled,Batter,4,Swing,1.0
41,0.05,19,range_scaled,Batter,4,Take,0.0
41,0.05,19,range_scaled,Batter,5,Swing,0.5
41,0.05,19,range_scaled,Batter,5,Take,0.5
41,0.05,19,range_scaled,Batter,6,Swing,1.0
41,0.05,19,range_scaled,Batter,6,Take,0.0
41,0.05,19,range_scaled,Batter,7,Swing,0.5
41,0.05,19,range_scaled,Batter,7,Take,0.5
41,0.05,19,range_scaled,Batter,8,Swing,1.0
41,0.05,19,range_scaled,Batter,8,Take,0.0
41,0.05,19,range_scaled,Batter,9,Swing,0.5
41,0.05,19,range_scaled,Batter,9,Take,0.5
41,0.05,19,range_scaled,Batter,10,Swing,1.0
41,0.05,19,range_scaled,Batter,10,Take,0.0
41,0.05,19,range_scaled,Batter,11,Swing,0.5
41,0.05,19,range_scaled,Batter,11,Take,0.5
41,0.05,19,range_scaled,Batter,12,Swing,1.0
41,0.05,19,range_scaled,Batter,12,Take,0.0
41,0.05,19,range_scaled,Batter,13,Swing,0.5
41,0.05,19,range_scaled,Batter,13,Take,0.5
41,0.05,19,range_scaled,Batter,14,Swing,1.0
41,0.05,19,range_scaled,Batter,14,Take,0.0
41,0.05,19,range_scaled,Batter,15,Swing,0.5
41,0.05,19,range_scaled,Batter,15,Take,0.5
41,0.05,19,range_scaled,Batter,16,Swing,1.0
41,0.05,19,range_scaled,Batter,16,Take,0.0
41,0.05,19,range_scaled,Batter,17,Swing,0.5
41,0.05,19,range_scaled,Batter,17,Take,0.5
41,0.05,19,range_scaled,Pitcher,1,Fastball_Bottom,0.0
41,0.05,19,range_scaled,Pitcher,1,Fastball_Middle,0.0
41,0.05,19,range_scaled,Pitcher,1,Fastball_Top,0.0
41,0.05,19,range_scaled,Pitcher,1,Fastball_Chase,0.0
41,0.05,19,range_scaled,Pitcher,1,Offspeed_Bottom,0.0
41,0.05,19,range_scaled,Pitcher,1,Offspeed_Middle,0.0
41,0.05,19,range_scaled,Pitcher,1,Offspeed_Top,1.0
41,0.05,19,range_scaled,Pitcher,1,Offspeed_Chase,0.0
41,0.05,19,range_scaled,Pitcher,2,Fastball_Bottom,0.125
41,0.05,19,range_scaled,Pitcher,2,Fastball_Middle,0.125
41,0.05,19,range_scaled,Pitcher,2,Fastball_Top,0.125
41,0.05,19,range_scaled,Pitcher,2,Fastball_Chase,0.125
41,0.05,19,range_scaled,Pitcher,2,Offspeed_Bottom,0.125
41,0.05,19,range_scaled,Pitcher,2,Offspeed_Middle,0.125
41,0.05,19,range_scaled,Pitcher,2,Offspeed_Top,0.125
41,0.05,19,range_scaled,Pitcher,2,Offspeed_Chase,0.125
41,0.05,19,range_scaled,Pitcher,3,Fastball_Bottom,0.125
41,0.05,19,range_scaled,Pitcher,3,Fastball_Middle,0.125
41,0.05,19,range_scaled,Pitcher,3,Fastball_Top,0.125
41,0.05,19,range_scaled,Pitcher,3,Fastball_Chase,0.125
41,0.05,19,range_scaled,Pitcher,3,Offspeed_Bottom,0.125
41,0.05,19,range_scaled,Pitcher,3,Offspeed_Middle,0.125
41,0.05,19,range_scaled,Pitcher,3,Offspeed_Top,0.125
41,0.05,19,range_scaled,Pitcher,3,Offspeed_Chase,0.125
41,0.05,19,range_scaled,Pitcher,4,Fastball_Bottom,0.125
41,0.05,19,range_scaled,Pitcher,4,Fastball_Middle,0.125
41,0.05,19,range_scaled,Pitcher,4,Fastball_Top,0.125
41,0.05,19,range_scaled,Pitcher,4,Fastball_Chase,0.125
41,0.05,19,range_scaled,Pitcher,4,Offspeed_Bottom,0.125
41,0.05,19,range_scaled,Pitcher,4,Offspeed_Middle,0.125
41,0.05,19,range_scaled,Pitcher,4,Offspeed_Top,0.125
41,0.05,19,range_scaled,Pitcher,4,Offspeed_Chase,0.125
41,0.05,19,range_scaled,Pitcher,5,Fastball_Bottom,0.125
41,0.05,19,range_scaled,Pitcher,5,Fastball_Middle,0.125
41,0.05,19,range_scaled,Pitcher,5,Fastball_Top,0.125
41,0.05,19,range_scaled,Pitcher,5,Fastball_Chase,0.125
41,0.05,19,range_scaled,Pitcher,5,Offspeed_Bottom,0.125
41,0.05,19,range_scaled,Pitcher,5,Offspeed_Middle,0.125
41,0.05,19,range_scaled,Pitcher,5,Offspeed_Top,0.125
41,0.05,19,range_scaled,Pitcher,5,Offspeed_Chase,0.125
41,0.05,19,range_scaled,Pitcher,6,Fastball_Bottom,0.125
41,0.05,19,range_scaled,Pitcher,6,Fastball_Middle,0.125
41,0.05,19,range_scaled,Pitcher,6,Fastball_Top,0.125
41,0.05,19,range_scaled,Pitcher,6,Fastball_Chase,0.125
41,0.05,19,range_scaled,Pitcher,6,Offspeed_Bottom,0.125
41,0.05,19,range_scaled,Pitcher,6,Offspeed_Middle,0.125
41,0.05,19,range_scaled,Pitcher,6,Offspeed_Top,0.125
41,0.05,19,range_scaled,Pitcher,6,Offspeed_Chase,0.125
41,0.05,19,range_scaled,Pitcher,7,Fastball_Bottom,0.125
41,0.05,19,range_scaled,Pitcher,7,Fastball_Middle,0.125
41,0.05,19,range_scaled,Pitcher,7,Fastball_Top,0.125
41,0.05,19,range_scaled,Pitcher,7,Fastball_Chase,0.125
41,0.05,19,range_scaled,Pitcher,7,Offspeed_Bottom,0.125
41,0.05,19,range_scaled,Pitcher,7,Offspeed_Middle,0.125
41,0.05,19,range_scaled,Pitcher,7,Offspeed_Top,0.125
41,0.05,19,range_scaled,Pitcher,7,Offspeed_Chase,0.125
41,0.05,19,range_scaled,Pitcher,8,Fastball_Bottom,0.125
41,0.05,19,range_scaled,Pitcher,8,Fastball_Middle,0.125
41,0.05,19,range_scaled,Pitcher,8,Fastball_Top,0.125
41,0.05,19,range_scaled,Pitcher,8,Fastball_Chase,0.125
41,0.05,19,range_scaled,Pitcher,8,Offspeed_Bottom,0.125
41,0.05,19,range_scaled,Pitcher,8,Offspeed_Middle,0.125
41,0.05,19,range_scaled,Pitcher,8,Offspeed_Top,0.125
41,0.05,19,range_scaled,Pitcher,8,Offspeed_Chase,0.125
41,0.05,19,range_scaled,Pitcher,9,Fastball_Bottom,0.125
41,0.05,19,range_scaled,Pitcher,9,Fastball_Middle,0.125
41,0.05,19,range_scaled,Pitcher,9,Fastball_Top,0.125
41,0.05,19,range_scaled,Pitcher,9,Fastball_Chase,0.125
41,0.05,19,range_scaled,Pitcher,9,Offspeed_Bottom,0.125
41,0.05,19,range_scaled,Pitcher,9,Offspeed_Middle,0.125
41,0.05,19,range_scaled,Pitcher,9,Offspeed_Top,0.125
41,0.05,19,range_scaled,Pitcher,9,Offspeed_Chase,0.125
41,0.05,19,range_scaled,Pitcher,10,Fastball_Bottom,0.125
41,0.05,19,range_scaled,Pitcher,10,Fastball_Middle,0.125
41,0.05,19,range_scaled,Pitcher,10,Fastball_Top,0.125
41,0.05,19,range_scaled,Pitcher,10,Fastball_Chase,0.125
41,0.05,19,range_scaled,Pitcher,10,Offspeed_Bottom,0.125
41,0.05,19,range_scaled,Pitcher,10,Offspeed_Middle,0.125
41,0.05,19,range_scaled,Pitcher,10,Offspeed_Top,0.125
41,0.05,19,range_scaled,Pitcher,10,Offspeed_Chase,0.125
41,0.05,19,range_scaled,Pitcher,11,Fastball_Bottom,0.125
41,0.05,19,range_scaled,Pitcher,11,Fastball_Middle,0.125
41,0.05,19,range_scaled,Pitcher,11,Fastball_Top,0.125
41,0.05,19,range_scaled,Pitcher,11,Fastball_Chase,0.125
41,0.05,19,range_scaled,Pitcher,11,Offspeed_Bottom,0.125
41,0.05,19,range_scaled,Pitcher,11,Offspeed_Middle,0.125
41,0.05,19,range_scaled,Pitcher,11,Offspeed_Top,0.125
41,0.05,19,range_scaled,Pitcher,11,Offspeed_Chase,0.125
41,0.05,19,range_scaled,Pitcher,12,Fastball_Bottom,0.125
41,0.05,19,range_scaled,Pitcher,12,Fastball_Middle,0.125
41,0.05,19,range_scaled,Pitcher,12,Fastball_Top,0.125
41,0.05,19,range_scaled,Pitcher,12,Fastball_Chase,0.125
41,0.05,19,range_scaled,Pitcher,12,Offspeed_Bottom,0.125
41,0.05,19,range_scaled,Pitcher,12,Offspeed_Middle,0.125
41,0.05,19,range_scaled,Pitcher,12,Offspeed_Top,0.125
41,0.05,19,range_scaled,Pitcher,12,Offspeed_Chase,0.125
41,0.05,19,range_scaled,Pitcher,13,Fastball_Bottom,0.125
41,0.05,19,range_scaled,Pitcher,13,Fastball_Middle,0.125
41,0.05,19,range_scaled,Pitcher,13,Fastball_Top,0.125
41,0.05,19,range_scaled,Pitcher,13,Fastball_Chase,0.125
41,0.05,19,range_scaled,Pitcher,13,Offspeed_Bottom,0.125
41,0.05,19,range_scaled,Pitcher,13,Offspeed_Middle,0.125
41,0.05,19,range_scaled,Pitcher,13,Offspeed_Top,0.125
41,0.05,19,range_scaled,Pitcher,13,Offspeed_Chase,0.125
41,0.05,19,range_scaled,Pitcher,14,Fastball_Bottom,1.0
41,0.05,19,range_scaled,Pitcher,14,Fastball_Middle,0.0
41,0.05,19,range_scaled,Pitcher,14,Fastball_Top,0.0
41,0.05,19,range_scaled,Pitcher,14,Fastball_Chase,0.0
41,0.05,19,range_scaled,Pitcher,14,Offspeed_Bottom,0.0
41,0.05,19,range_scaled,Pitcher,14,Offspeed_Middle,0.0
41,0.05,19,range_scaled,Pitcher,14,Offspeed_Top,0.0
41,0.05,19,range_scaled,Pitcher,14,Offspeed_Chase,0.0
41,0.05,19,range_scaled,Pitcher,15,Fastball_Bottom,0.0
41,0.05,19,range_scaled,Pitcher,15,Fastball_Middle,0.0
41,0.05,19,range_scaled,Pitcher,15,Fastball_Top,0.0
41,0.05,19,range_scaled,Pitcher,15,Fastball_Chase,0.0
41,0.05,19,range_scaled,Pitcher,15,Offspeed_Bottom,0.23540950980957406
41,0.05,19,range_scaled,Pitcher,15,Offspeed_Middle,0.0
41,0.05,19,range_scaled,Pitcher,15,Offspeed_Top,0.0
41,0.05,19,range_scaled,Pitcher,15,Offspeed_Chase,0.7645904901904259
41,0.05,19,range_scaled,Pitcher,16,Fastball_Bottom,0.125
41,0.05,19,range_scaled,Pitcher,16,Fastball_Middle,0.125
41,0.05,19,range_scaled,Pitcher,16,Fastball_Top,0.125
41,0.05,19,range_scaled,Pitcher,16,Fastball_Chase,0.125
41,0.05,19,range_scaled,Pitcher,16,Offspeed_Bottom,0.125
41,0.05,19,range_scaled,Pitcher,16,Offspeed_Middle,0.125
41,0.05,19,range_scaled,Pitcher,16,Offspeed_Top,0.125
41,0.05,19,range_scaled,Pitcher,16,Offspeed_Chase,0.125
41,0.05,19,range_scaled,Pitcher,17,Fastball_Bottom,0.125
41,0.05,19,range_scaled,Pitcher,17,Fastball_Middle,0.125
41,0.05,19,range_scaled,Pitcher,17,Fastball_Top,0.125
41,0.05,19,range_scaled,Pitcher,17,Fastball_Chase,0.125
41,0.05,19,range_scaled,Pitcher,17,Offspeed_Bottom,0.125
41,0.05,19,range_scaled,Pitcher,17,Offspeed_Middle,0.125
41,0.05,19,range_scaled,Pitcher,17,Offspeed_Top,0.125
41,0.05,19,range_scaled,Pitcher,17,Offspeed_Chase,0.125
42,0.1,0,range_scaled,Batter,1,Swing,0.53743736781159
42,0.1,0,range_scaled,Batter,1,Take,0.46256263218841004
42,0.1,0,range_scaled,Batter,2,Swing,1.0
42,0.1,0,range_scaled,Batter,2,Take,0.0
42,0.1,0,range_scaled,Batter,3,Swing,0.0
42,0.1,0,range_scaled,Batter,3,Take,1.0
42,0.1,0,range_scaled,Batter,4,Swing,1.0
42,0.1,0,range_scaled,Batter,4,Take,0.0
42,0.1,0,range_scaled,Batter,5,Swing,0.0
42,0.1,0,range_scaled,Batter,5,Take,1.0
42,0.1,0,range_scaled,Batter,6,Swing,1.0
42,0.1,0,range_scaled,Batter,6,Take,0.0
42,0.1,0,range_scaled,Batter,7,Swing,0.3572502543764933
42,0.1,0,range_scaled,Batter,7,Take,0.6427497456235067
42,0.1,0,range_scaled,Batter,8,Swing,1.0
42,0.1,0,range_scaled,Batter,8,Take,0.0
42,0.1,0,range_scaled,Batter,9,Swing,1.0
42,0.1,0,range_scaled,Batter,9,Take,0.0
42,0.1,0,range_scaled,Batter,10,Swing,1.0
42,0.1,0,range_scaled,Batter,10,Take,0.0
42,0.1,0,range_scaled,Batter,11,Swing,0.4026713708730089
42,0.1,0,range_scaled,Batter,11,Take,0.5973286291269911
42,0.1,0,range_scaled,Batter,12,Swing,1.0
42,0.1,0,range_scaled,Batter,12,Take,0.0
42,0.1,0,range_scaled,Batter,13,Swing,1.0
42,0.1,0,range_scaled,Batter,13,Take,0.0
42,0.1,0,range_scaled,Batter,14,Swing,1.0
42,0.1,0,range_scaled,Batter,14,Take,0.0
42,0.1,0,range_scaled,Batter,15,Swing,1.0
42,0.1,0,range_scaled,Batter,15,Take,0.0
42,0.1,0,range_scaled,Batter,16,Swing,1.0
42,0.1,0,range_scaled,Batter,16,Take,0.0
42,0.1,0,range_scaled,Batter,17,Swing,1.0
42,0.1,0,range_scaled,Batter,17,Take,0.0
42,0.1,0,range_scaled,Pitcher,1,Fastball_Bottom,-0.0
42,0.1,0,range_scaled,Pitcher,1,Fastball_Middle,-0.0
42,0.1,0,range_scaled,Pitcher,1,Fastball_Top,0.2693349621522865
42,0.1,0,range_scaled,Pitcher,1,Fastball_Chase,-0.0
42,0.1,0,range_scaled,Pitcher,1,Offspeed_Bottom,0.7306650378477135
42,0.1,0,range_scaled,Pitcher,1,Offspeed_Middle,-0.0
42,0.1,0,range_scaled,Pitcher,1,Offspeed_Top,-0.0
42,0.1,0,range_scaled,Pitcher,1,Offspeed_Chase,-0.0
42,0.1,0,range_scaled,Pitcher,2,Fastball_Bottom,0.125
42,0.1,0,range_scaled,Pitcher,2,Fastball_Middle,0.125
42,0.1,0,range_scaled,Pitcher,2,Fastball_Top,0.125
42,0.1,0,range_scaled,Pitcher,2,Fastball_Chase,0.125
42,0.1,0,range_scaled,Pitcher,2,Offspeed_Bottom,0.125
42,0.1,0,range_scaled,Pitcher,2,Offspeed_Middle,0.125
42,0.1,0,range_scaled,Pitcher,2,Offspeed_Top,0.125
42,0.1,0,range_scaled,Pitcher,2,Offspeed_Chase,0.125
42,0.1,0,range_scaled,Pitcher,3,Fastball_Bottom,0.125
42,0.1,0,range_scaled,Pitcher,3,Fastball_Middle,0.125
42,0.1,0,range_scaled,Pitcher,3,Fastball_Top,0.125
42,0.1,0,range_scaled,Pitcher,3,Fastball_Chase,0.125
42,0.1,0,range_scaled,Pitcher,3,Offspeed_Bottom,0.125
42,0.1,0,range_scaled,Pitcher,3,Offspeed_Middle,0.125
42,0.1,0,range_scaled,Pitcher,3,Offspeed_Top,0.125
42,0.1,0,range_scaled,Pitcher,3,Offspeed_Chase,0.125
42,0.1,0,range_scaled,Pitcher,4,Fastball_Bottom,0.125
42,0.1,0,range_scaled,Pitcher,4,Fastball_Middle,0.125
42,0.1,0,range_scaled,Pitcher,4,Fastball_Top,0.125
42,0.1,0,range_scaled,Pitcher,4,Fastball_Chase,0.125
42,0.1,0,range_scaled,Pitcher,4,Offspeed_Bottom,0.125
42,0.1,0,range_scaled,Pitcher,4,Offspeed_Middle,0.125
42,0.1,0,range_scaled,Pitcher,4,Offspeed_Top,0.125
42,0.1,0,range_scaled,Pitcher,4,Offspeed_Chase,0.125
42,0.1,0,range_scaled,Pitcher,5,Fastball_Bottom,0.125
42,0.1,0,range_scaled,Pitcher,5,Fastball_Middle,0.125
42,0.1,0,range_scaled,Pitcher,5,Fastball_Top,0.125
42,0.1,0,range_scaled,Pitcher,5,Fastball_Chase,0.125
42,0.1,0,range_scaled,Pitcher,5,Offspeed_Bottom,0.125
42,0.1,0,range_scaled,Pitcher,5,Offspeed_Middle,0.125
42,0.1,0,range_scaled,Pitcher,5,Offspeed_Top,0.125
42,0.1,0,range_scaled,Pitcher,5,Offspeed_Chase,0.125
42,0.1,0,range_scaled,Pitcher,6,Fastball_Bottom,1.0
42,0.1,0,range_scaled,Pitcher,6,Fastball_Middle,0.0
42,0.1,0,range_scaled,Pitcher,6,Fastball_Top,0.0
42,0.1,0,range_scaled,Pitcher,6,Fastball_Chase,0.0
42,0.1,0,range_scaled,Pitcher,6,Offspeed_Bottom,0.0
42,0.1,0,range_scaled,Pitcher,6,Offspeed_Middle,0.0
42,0.1,0,range_scaled,Pitcher,6,Offspeed_Top,0.0
42,0.1,0,range_scaled,Pitcher,6,Offspeed_Chase,0.0
42,0.1,0,range_scaled,Pitcher,7,Fastball_Bottom,0.0
42,0.1,0,range_scaled,Pitcher,7,Fastball_Middle,0.7711844432060435
42,0.1,0,range_scaled,Pitcher,7,Fastball_Top,0.0
42,0.1,0,range_scaled,Pitcher,7,Fastball_Chase,0.0
42,0.1,0,range_scaled,Pitcher,7,Offspeed_Bottom,0.22881555679395654
42,0.1,0,range_scaled,Pitcher,7,Offspeed_Middle,0.0
42,0.1,0,range_scaled,Pitcher,7,Offspeed_Top,0.0
42,0.1,0,range_scaled,Pitcher,7,Offspeed_Chase,0.0
42,0.1,0,range_scaled,Pitcher,8,Fastball_Bottom,0.125
42,0.1,0,range_scaled,Pitcher,8,Fastball_Middle,0.125
42,0.1,0,range_scaled,Pitcher,8,Fastball_Top,0.125
42,0.1,0,range_scaled,Pitcher,8,Fastball_Chase,0.125
42,0.1,0,range_scaled,Pitcher,8,Offspeed_Bottom,0.125
42,0.1,0,range_scaled,Pitcher,8,Offspeed_Middle,0.125
42,0.1,0,range_scaled,Pitcher,8,Offspeed_Top,0.125
42,0.1,0,range_scaled,Pitcher,8,Offspeed_Chase,0.125
42,0.1,0,range_scaled,Pitcher,9,Fastball_Bottom,0.125
42,0.1,0,range_scaled,Pitcher,9,Fastball_Middle,0.125
42,0.1,0,range_scaled,Pitcher,9,Fastball_Top,0.125
42,0.1,0,range_scaled,Pitcher,9,Fastball_Chase,0.125
42,0.1,0,range_scaled,Pitcher,9,Offspeed_Bottom,0.125
42,0.1,0,range_scaled,Pitcher,9,Offspeed_Middle,0.125
42,0.1,0,range_scaled,Pitcher,9,Offspeed_Top,0.125
42,0.1,0,range_scaled,Pitcher,9,Offspeed_Chase,0.125
42,0.1,0,range_scaled,Pitcher,10,Fastball_Bottom,1.0
42,0.1,0,range_scaled,Pitcher,10,Fastball_Middle,0.0
42,0.1,0,range_scaled,Pitcher,10,Fastball_Top,0.0
42,0.1,0,range_scaled,Pitcher,10,Fastball_Chase,0.0
42,0.1,0,range_scaled,Pitcher,10,Offspeed_Bottom,0.0
42,0.1,0,range_scaled,Pitcher,10,Offspeed_Middle,0.0
42,0.1,0,range_scaled,Pitcher,10,Offspeed_Top,0.0
42,0.1,0,range_scaled,Pitcher,10,Offspeed_Chase,0.0
42,0.1,0,range_scaled,Pitcher,11,Fastball_Bottom,0.0
42,0.1,0,range_scaled,Pitcher,11,Fastball_Middle,0.0
42,0.1,0,range_scaled,Pitcher,11,Fastball_Top,0.0
42,0.1,0,range_scaled,Pitcher,11,Fastball_Chase,0.0
42,0.1,0,range_scaled,Pitcher,11,Offspeed_Bottom,0.3538251213021516
42,0.1,0,range_scaled,Pitcher,11,Offspeed_Middle,0.0
42,0.1,0,range_scaled,Pitcher,11,Offspeed_Top,0.6461748786978484
42,0.1,0,range_scaled,Pitcher,11,Offspeed_Chase,0.0
42,0.1,0,range_scaled,Pitcher,12,Fastball_Bottom,0.125
42,0.1,0,range_scaled,Pitcher,12,Fastball_Middle,0.125
42,0.1,0,range_scaled,Pitcher,12,Fastball_Top,0.125
42,0.1,0,range_scaled,Pitcher,12,Fastball_Chase,0.125
42,0.1,0,range_scaled,Pitcher,12,Offspeed_Bottom,0.125
42,0.1,0,range_scaled,Pitcher,12,Offspeed_Middle,0.125
42,0.1,0,range_scaled,Pitcher,12,Offspeed_Top,0.125
42,0.1,0,range_scaled,Pitcher,12,Offspeed_Chase,0.125
42,0.1,0,range_scaled,Pitcher,13,Fastball_Bottom,0.125
42,0.1,0,range_scaled,Pitcher,13,Fastball_Middle,0.125
42,0.1,0,range_scaled,Pitcher,13,Fastball_Top,0.125
42,0.1,0,range_scaled,Pitcher,13,Fastball_Chase,0.125
42,0.1,0,range_scaled,Pitcher,13,Offspeed_Bottom,0.125
42,0.1,0,range_scaled,Pitcher,13,Offspeed_Middle,0.125
42,0.1,0,range_scaled,Pitcher,13,Offspeed_Top,0.125
42,0.1,0,range_scaled,Pitcher,13,Offspeed_Chase,0.125
42,0.1,0,range_scaled,Pitcher,14,Fastball_Bottom,0.125
42,0.1,0,range_scaled,Pitcher,14,Fastball_Middle,0.125
42,0.1,0,range_scaled,Pitcher,14,Fastball_Top,0.125
42,0.1,0,range_scaled,Pitcher,14,Fastball_Chase,0.125
42,0.1,0,range_scaled,Pitcher,14,Offspeed_Bottom,0.125
42,0.1,0,range_scaled,Pitcher,14,Offspeed_Middle,0.125
42,0.1,0,range_scaled,Pitcher,14,Offspeed_Top,0.125
42,0.1,0,range_scaled,Pitcher,14,Offspeed_Chase,0.125
42,0.1,0,range_scaled,Pitcher,15,Fastball_Bottom,0.125
42,0.1,0,range_scaled,Pitcher,15,Fastball_Middle,0.125
42,0.1,0,range_scaled,Pitcher,15,Fastball_Top,0.125
42,0.1,0,range_scaled,Pitcher,15,Fastball_Chase,0.125
42,0.1,0,range_scaled,Pitcher,15,Offspeed_Bottom,0.125
42,0.1,0,range_scaled,Pitcher,15,Offspeed_Middle,0.125
42,0.1,0,range_scaled,Pitcher,15,Offspeed_Top,0.125
42,0.1,0,range_scaled,Pitcher,15,Offspeed_Chase,0.125
42,0.1,0,range_scaled,Pitcher,16,Fastball_Bottom,0.125
42,0.1,0,range_scaled,Pitcher,16,Fastball_Middle,0.125
42,0.1,0,range_scaled,Pitcher,16,Fastball_Top,0.125
42,0.1,0,range_scaled,Pitcher,16,Fastball_Chase,0.125
42,0.1,0,range_scaled,Pitcher,16,Offspeed_Bottom,0.125
42,0.1,0,range_scaled,Pitcher,16,Offspeed_Middle,0.125
42,0.1,0,range_scaled,Pitcher,16,Offspeed_Top,0.125
42,0.1,0,range_scaled,Pitcher,16,Offspeed_Chase,0.125
42,0.1,0,range_scaled,Pitcher,17,Fastball_Bottom,0.125
42,0.1,0,range_scaled,Pitcher,17,Fastball_Middle,0.125
42,0.1,0,range_scaled,Pitcher,17,Fastball_Top,0.125
42,0.1,0,range_scaled,Pitcher,17,Fastball_Chase,0.125
42,0.1,0,range_scaled,Pitcher,17,Offspeed_Bottom,0.125
42,0.1,0,range_scaled,Pitcher,17,Offspeed_Middle,0.125
42,0.1,0,range_scaled,Pitcher,17,Offspeed_Top,0.125
42,0.1,0,range_scaled,Pitcher,17,Offspeed_Chase,0.125
43,0.1,1,range_scaled,Batter,1,Swing,0.5281053325888034
43,0.1,1,range_scaled,Batter,1,Take,0.47189466741119657
43,0.1,1,range_scaled,Batter,2,Swing,1.0
43,0.1,1,range_scaled,Batter,2,Take,0.0
43,0.1,1,range_scaled,Batter,3,Swing,0.0
43,0.1,1,range_scaled,Batter,3,Take,1.0
43,0.1,1,range_scaled,Batter,4,Swing,1.0
43,0.1,1,range_scaled,Batter,4,Take,0.0
43,0.1,1,range_scaled,Batter,5,Swing,0.0
43,0.1,1,range_scaled,Batter,5,Take,1.0
43,0.1,1,range_scaled,Batter,6,Swing,1.0
43,0.1,1,range_scaled,Batter,6,Take,0.0
43,0.1,1,range_scaled,Batter,7,Swing,0.0
43,0.1,1,range_scaled,Batter,7,Take,1.0
43,0.1,1,range_scaled,Batter,8,Swing,1.0
43,0.1,1,range_scaled,Batter,8,Take,0.0
43,0.1,1,range_scaled,Batter,9,Swing,0.42011341778239586
43,0.1,1,range_scaled,Batter,9,Take,0.579886582217604
43,0.1,1,range_scaled,Batter,10,Swing,1.0
43,0.1,1,range_scaled,Batter,10,Take,0.0
43,0.1,1,range_scaled,Batter,11,Swing,0.0
43,0.1,1,range_scaled,Batter,11,Take,1.0
43,0.1,1,range_scaled,Batter,12,Swing,1.0
43,0.1,1,range_scaled,Batter,12,Take,0.0
43,0.1,1,range_scaled,Batter,13,Swing,1.0
43,0.1,1,range_scaled,Batter,13,Take,0.0
43,0.1,1,range_scaled,Batter,14,Swing,1.0
43,0.1,1,range_scaled,Batter,14,Take,0.0
43,0.1,1,range_scaled,Batter,15,Swing,0.0
43,0.1,1,range_scaled,Batter,15,Take,1.0
43,0.1,1,range_scaled,Batter,16,Swing,1.0
43,0.1,1,range_scaled,Batter,16,Take,0.0
43,0.1,1,range_scaled,Batter,17,Swing,0.15443802560578473
43,0.1,1,range_scaled,Batter,17,Take,0.8455619743942153
43,0.1,1,range_scaled,Pitcher,1,Fastball_Bottom,0.0
43,0.1,1,range_scaled,Pitcher,1,Fastball_Middle,0.0
43,0.1,1,range_scaled,Pitcher,1,Fastball_Top,0.0
43,0.1,1,range_scaled,Pitcher,1,Fastball_Chase,0.7966160661426952
43,0.1,1,range_scaled,Pitcher,1,Offspeed_Bottom,0.0
43,0.1,1,range_scaled,Pitcher,1,Offspeed_Middle,0.20338393385730477
43,0.1,1,range_scaled,Pitcher,1,Offspeed_Top,0.0
43,0.1,1,range_scaled,Pitcher,1,Offspeed_Chase,0.0
43,0.1,1,range_scaled,Pitcher,2,Fastball_Bottom,0.125
43,0.1,1,range_scaled,Pitcher,2,Fastball_Middle,0.125
43,0.1,1,range_scaled,Pitcher,2,Fastball_Top,0.125
43,0.1,1,range_scaled,Pitcher,2,Fastball_Chase,0.125
43,0.1,1,range_scaled,Pitcher,2,Offspeed_Bottom,0.125
43,0.1,1,range_scaled,Pitcher,2,Offspeed_Middle,0.125
43,0.1,1,range_scaled,Pitcher,2,Offspeed_Top,0.125
43,0.1,1,range_scaled,Pitcher,2,Offspeed_Chase,0.125
43,0.1,1,range_scaled,Pitcher,3,Fastball_Bottom,0.125
43,0.1,1,range_scaled,Pitcher,3,Fastball_Middle,0.125
43,0.1,1,range_scaled,Pitcher,3,Fastball_Top,0.125
43,0.1,1,range_scaled,Pitcher,3,Fastball_Chase,0.125
43,0.1,1,range_scaled,Pitcher,3,Offspeed_Bottom,0.125
43,0.1,1,range_scaled,Pitcher,3,Offspeed_Middle,0.125
43,0.1,1,range_scaled,Pitcher,3,Offspeed_Top,0.125
43,0.1,1,range_scaled,Pitcher,3,Offspeed_Chase,0.125
43,0.1,1,range_scaled,Pitcher,4,Fastball_Bottom,0.125
43,0.1,1,range_scaled,Pitcher,4,Fastball_Middle,0.125
43,0.1,1,range_scaled,Pitcher,4,Fastball_Top,0.125
43,0.1,1,range_scaled,Pitcher,4,Fastball_Chase,0.125
43,0.1,1,range_scaled,Pitcher,4,Offspeed_Bottom,0.125
43,0.1,1,range_scaled,Pitcher,4,Offspeed_Middle,0.125
43,0.1,1,range_scaled,Pitcher,4,Offspeed_Top,0.125
43,0.1,1,range_scaled,Pitcher,4,Offspeed_Chase,0.125
43,0.1,1,range_scaled,Pitcher,5,Fastball_Bottom,0.125
43,0.1,1,range_scaled,Pitcher,5,Fastball_Middle,0.125
43,0.1,1,range_scaled,Pitcher,5,Fastball_Top,0.125
43,0.1,1,range_scaled,Pitcher,5,Fastball_Chase,0.125
43,0.1,1,range_scaled,Pitcher,5,Offspeed_Bottom,0.125
43,0.1,1,range_scaled,Pitcher,5,Offspeed_Middle,0.125
43,0.1,1,range_scaled,Pitcher,5,Offspeed_Top,0.125
43,0.1,1,range_scaled,Pitcher,5,Offspeed_Chase,0.125
43,0.1,1,range_scaled,Pitcher,6,Fastball_Bottom,0.125
43,0.1,1,range_scaled,Pitcher,6,Fastball_Middle,0.125
43,0.1,1,range_scaled,Pitcher,6,Fastball_Top,0.125
43,0.1,1,range_scaled,Pitcher,6,Fastball_Chase,0.125
43,0.1,1,range_scaled,Pitcher,6,Offspeed_Bottom,0.125
43,0.1,1,range_scaled,Pitcher,6,Offspeed_Middle,0.125
43,0.1,1,range_scaled,Pitcher,6,Offspeed_Top,0.125
43,0.1,1,range_scaled,Pitcher,6,Offspeed_Chase,0.125
43,0.1,1,range_scaled,Pitcher,7,Fastball_Bottom,0.125
43,0.1,1,range_scaled,Pitcher,7,Fastball_Middle,0.125
43,0.1,1,range_scaled,Pitcher,7,Fastball_Top,0.125
43,0.1,1,range_scaled,Pitcher,7,Fastball_Chase,0.125
43,0.1,1,range_scaled,Pitcher,7,Offspeed_Bottom,0.125
43,0.1,1,range_scaled,Pitcher,7,Offspeed_Middle,0.125
43,0.1,1,range_scaled,Pitcher,7,Offspeed_Top,0.125
43,0.1,1,range_scaled,Pitcher,7,Offspeed_Chase,0.125
43,0.1,1,range_scaled,Pitcher,8,Fastball_Bottom,1.0
43,0.1,1,range_scaled,Pitcher,8,Fastball_Middle,0.0
43,0.1,1,range_scaled,Pitcher,8,Fastball_Top,0.0
43,0.1,1,range_scaled,Pitcher,8,Fastball_Chase,0.0
43,0.1,1,range_scaled,Pitcher,8,Offspeed_Bottom,0.0
43,0.1,1,range_scaled,Pitcher,8,Offspeed_Middle,0.0
43,0.1,1,range_scaled,Pitcher,8,Offspeed_Top,0.0
43,0.1,1,range_scaled,Pitcher,8,Offspeed_Chase,0.0
43,0.1,1,range_scaled,Pitcher,9,Fastball_Bottom,0.0
43,0.1,1,range_scaled,Pitcher,9,Fastball_Middle,0.1982528172246495
43,0.1,1,range_scaled,Pitcher,9,Fastball_Top,0.0
43,0.1,1,range_scaled,Pitcher,9,Fastball_Chase,0.0
43,0.1,1,range_scaled,Pitcher,9,Offspeed_Bottom,0.0
43,0.1,1,range_scaled,Pitcher,9,Offspeed_Middle,0.0
43,0.1,1,range_scaled,Pitcher,9,Offspeed_Top,0.0
43,0.1,1,range_scaled,Pitcher,9,Offspeed_Chase,0.8017471827753504
43,0.1,1,range_scaled,Pitcher,10,Fastball_Bottom,0.125
43,0.1,1,range_scaled,Pitcher,10,Fastball_Middle,0.125
43,0.1,1,range_scaled,Pitcher,10,Fastball_Top,0.125
43,0.1,1,range_scaled,Pitcher,10,Fastball_Chase,0.125
43,0.1,1,range_scaled,Pitcher,10,Offspeed_Bottom,0.125
43,0.1,1,range_scaled,Pitcher,10,Offspeed_Middle,0.125
43,0.1,1,range_scaled,Pitcher,10,Offspeed_Top,0.125
43,0.1,1,range_scaled,Pitcher,10,Offspeed_Chase,0.125
43,0.1,1,range_scaled,Pitcher,11,Fastball_Bottom,0.125
43,0.1,1,range_scaled,Pitcher,11,Fastball_Middle,0.125
43,0.1,1,range_scaled,Pitcher,11,Fastball_Top,0.125
43,0.1,1,range_scaled,Pitcher,11,Fastball_Chase,0.125
43,0.1,1,range_scaled,Pitcher,11,Offspeed_Bottom,0.125
43,0.1,1,range_scaled,Pitcher,11,Offspeed_Middle,0.125
43,0.1,1,range_scaled,Pitcher,11,Offspeed_Top,0.125
43,0.1,1,range_scaled,Pitcher,11,Offspeed_Chase,0.125
43,0.1,1,range_scaled,Pitcher,12,Fastball_Bottom,1.0
43,0.1,1,range_scaled,Pitcher,12,Fastball_Middle,0.0
43,0.1,1,range_scaled,Pitcher,12,Fastball_Top,0.0
43,0.1,1,range_scaled,Pitcher,12,Fastball_Chase,0.0
43,0.1,1,range_scaled,Pitcher,12,Offspeed_Bottom,0.0
43,0.1,1,range_scaled,Pitcher,12,Offspeed_Middle,0.0
43,0.1,1,range_scaled,Pitcher,12,Offspeed_Top,0.0
43,0.1,1,range_scaled,Pitcher,12,Offspeed_Chase,0.0
43,0.1,1,range_scaled,Pitcher,13,Fastball_Bottom,1.0
43,0.1,1,range_scaled,Pitcher,13,Fastball_Middle,0.0
43,0.1,1,range_scaled,Pitcher,13,Fastball_Top,0.0
43,0.1,1,range_scaled,Pitcher,13,Fastball_Chase,0.0
43,0.1,1,range_scaled,Pitcher,13,Offspeed_Bottom,0.0
43,0.1,1,range_scaled,Pitcher,13,Offspeed_Middle,0.0
43,0.1,1,range_scaled,Pitcher,13,Offspeed_Top,0.0
43,0.1,1,range_scaled,Pitcher,13,Offspeed_Chase,0.0
43,0.1,1,range_scaled,Pitcher,14,Fastball_Bottom,0.125
43,0.1,1,range_scaled,Pitcher,14,Fastball_Middle,0.125
43,0.1,1,range_scaled,Pitcher,14,Fastball_Top,0.125
43,0.1,1,range_scaled,Pitcher,14,Fastball_Chase,0.125
43,0.1,1,range_scaled,Pitcher,14,Offspeed_Bottom,0.125
43,0.1,1,range_scaled,Pitcher,14,Offspeed_Middle,0.125
43,0.1,1,range_scaled,Pitcher,14,Offspeed_Top,0.125
43,0.1,1,range_scaled,Pitcher,14,Offspeed_Chase,0.125
43,0.1,1,range_scaled,Pitcher,15,Fastball_Bottom,0.125
43,0.1,1,range_scaled,Pitcher,15,Fastball_Middle,0.125
43,0.1,1,range_scaled,Pitcher,15,Fastball_Top,0.125
43,0.1,1,range_scaled,Pitcher,15,Fastball_Chase,0.125
43,0.1,1,range_scaled,Pitcher,15,Offspeed_Bottom,0.125
43,0.1,1,range_scaled,Pitcher,15,Offspeed_Middle,0.125
43,0.1,1,range_scaled,Pitcher,15,Offspeed_Top,0.125
43,0.1,1,range_scaled,Pitcher,15,Offspeed_Chase,0.125
43,0.1,1,range_scaled,Pitcher,16,Fastball_Bottom,0.125
43,0.1,1,range_scaled,Pitcher,16,Fastball_Middle,0.125
43,0.1,1,range_scaled,Pitcher,16,Fastball_Top,0.125
43,0.1,1,range_scaled,Pitcher,16,Fastball_Chase,0.125
43,0.1,1,range_scaled,Pitcher,16,Offspeed_Bottom,0.125
43,0.1,1,range_scaled,Pitcher,16,Offspeed_Middle,0.125
43,0.1,1,range_scaled,Pitcher,16,Offspeed_Top,0.125
43,0.1,1,range_scaled,Pitcher,16,Offspeed_Chase,0.125
43,0.1,1,range_scaled,Pitcher,17,Fastball_Bottom,0.125
43,0.1,1,range_scaled,Pitcher,17,Fastball_Middle,0.125
43,0.1,1,range_scaled,Pitcher,17,Fastball_Top,0.125
43,0.1,1,range_scaled,Pitcher,17,Fastball_Chase,0.125
43,0.1,1,range_scaled,Pitcher,17,Offspeed_Bottom,0.125
43,0.1,1,range_scaled,Pitcher,17,Offspeed_Middle,0.125
43,0.1,1,range_scaled,Pitcher,17,Offspeed_Top,0.125
43,0.1,1,range_scaled,Pitcher,17,Offspeed_Chase,0.125
44,0.1,2,range_scaled,Batter,1,Swing,1.0
44,0.1,2,range_scaled,Batter,1,Take,0.0
44,0.1,2,range_scaled,Batter,2,Swing,1.0
44,0.1,2,range_scaled,Batter,2,Take,0.0
44,0.1,2,range_scaled,Batter,3,Swing,0.5
44,0.1,2,range_scaled,Batter,3,Take,0.5
44,0.1,2,range_scaled,Batter,4,Swing,1.0
44,0.1,2,range_scaled,Batter,4,Take,0.0
44,0.1,2,range_scaled,Batter,5,Swing,0.5
44,0.1,2,range_scaled,Batter,5,Take,0.5
44,0.1,2,range_scaled,Batter,6,Swing,1.0
44,0.1,2,range_scaled,Batter,6,Take,0.0
44,0.1,2,range_scaled,Batter,7,Swing,0.5
44,0.1,2,range_scaled,Batter,7,Take,0.5
44,0.1,2,range_scaled,Batter,8,Swing,1.0
44,0.1,2,range_scaled,Batter,8,Take,0.0
44,0.1,2,range_scaled,Batter,9,Swing,0.5
44,0.1,2,range_scaled,Batter,9,Take,0.5
44,0.1,2,range_scaled,Batter,10,Swing,1.0
44,0.1,2,range_scaled,Batter,10,Take,0.0
44,0.1,2,range_scaled,Batter,11,Swing,0.5
44,0.1,2,range_scaled,Batter,11,Take,0.5
44,0.1,2,range_scaled,Batter,12,Swing,1.0
44,0.1,2,range_scaled,Batter,12,Take,0.0
44,0.1,2,range_scaled,Batter,13,Swing,0.5
44,0.1,2,range_scaled,Batter,13,Take,0.5
44,0.1,2,range_scaled,Batter,14,Swing,1.0
44,0.1,2,range_scaled,Batter,14,Take,0.0
44,0.1,2,range_scaled,Batter,15,Swing,0.5
44,0.1,2,range_scaled,Batter,15,Take,0.5
44,0.1,2,range_scaled,Batter,16,Swing,1.0
44,0.1,2,range_scaled,Batter,16,Take,0.0
44,0.1,2,range_scaled,Batter,17,Swing,0.5
44,0.1,2,range_scaled,Batter,17,Take,0.5
44,0.1,2,range_scaled,Pitcher,1,Fastball_Bottom,-0.0
44,0.1,2,range_scaled,Pitcher,1,Fastball_Middle,-0.0
44,0.1,2,range_scaled,Pitcher,1,Fastball_Top,-0.0
44,0.1,2,range_scaled,Pitcher,1,Fastball_Chase,-0.0
44,0.1,2,range_scaled,Pitcher,1,Offspeed_Bottom,1.0
44,0.1,2,range_scaled,Pitcher,1,Offspeed_Middle,-0.0
44,0.1,2,range_scaled,Pitcher,1,Offspeed_Top,-0.0
44,0.1,2,range_scaled,Pitcher,1,Offspeed_Chase,-0.0
44,0.1,2,range_scaled,Pitcher,2,Fastball_Bottom,0.125
44,0.1,2,range_scaled,Pitcher,2,Fastball_Middle,0.125
44,0.1,2,range_scaled,Pitcher,2,Fastball_Top,0.125
44,0.1,2,range_scaled,Pitcher,2,Fastball_Chase,0.125
44,0.1,2,range_scaled,Pitcher,2,Offspeed_Bottom,0.125
44,0.1,2,range_scaled,Pitcher,2,Offspeed_Middle,0.125
44,0.1,2,range_scaled,Pitcher,2,Offspeed_Top,0.125
44,0.1,2,range_scaled,Pitcher,2,Offspeed_Chase,0.125
44,0.1,2,range_scaled,Pitcher,3,Fastball_Bottom,0.125
44,0.1,2,range_scaled,Pitcher,3,Fastball_Middle,0.125
44,0.1,2,range_scaled,Pitcher,3,Fastball_Top,0.125
44,0.1,2,range_scaled,Pitcher,3,Fastball_Chase,0.125
44,0.1,2,range_scaled,Pitcher,3,Offspeed_Bottom,0.125
44,0.1,2,range_scaled,Pitcher,3,Offspeed_Middle,0.125
44,0.1,2,range_scaled,Pitcher,3,Offspeed_Top,0.125
44,0.1,2,range_scaled,Pitcher,3,Offspeed_Chase,0.125
44,0.1,2,range_scaled,Pitcher,4,Fastball_Bottom,0.125
44,0.1,2,range_scaled,Pitcher,4,Fastball_Middle,0.125
44,0.1,2,range_scaled,Pitcher,4,Fastball_Top,0.125
44,0.1,2,range_scaled,Pitcher,4,Fastball_Chase,0.125
44,0.1,2,range_scaled,Pitcher,4,Offspeed_Bottom,0.125
44,0.1,2,range_scaled,Pitcher,4,Offspeed_Middle,0.125
44,0.1,2,range_scaled,Pitcher,4,Offspeed_Top,0.125
44,0.1,2,range_scaled,Pitcher,4,Offspeed_Chase,0.125
44,0.1,2,range_scaled,Pitcher,5,Fastball_Bottom,0.125
44,0.1,2,range_scaled,Pitcher,5,Fastball_Middle,0.125
44,0.1,2,range_scaled,Pitcher,5,Fastball_Top,0.125
44,0.1,2,range_scaled,Pitcher,5,Fastball_Chase,0.125
44,0.1,2,range_scaled,Pitcher,5,Offspeed_Bottom,0.125
44,0.1,2,range_scaled,Pitcher,5,Offspeed_Middle,0.125
44,0.1,2,range_scaled,Pitcher,5,Offspeed_Top,0.125
44,0.1,2,range_scaled,Pitcher,5,Offspeed_Chase,0.125
44,0.1,2,range_scaled,Pitcher,6,Fastball_Bottom,0.125
44,0.1,2,range_scaled,Pitcher,6,Fastball_Middle,0.125
44,0.1,2,range_scaled,Pitcher,6,Fastball_Top,0.125
44,0.1,2,range_scaled,Pitcher,6,Fastball_Chase,0.125
44,0.1,2,range_scaled,Pitcher,6,Offspeed_Bottom,0.125
44,0.1,2,range_scaled,Pitcher,6,Offspeed_Middle,0.125
44,0.1,2,range_scaled,Pitcher,6,Offspeed_Top,0.125
44,0.1,2,range_scaled,Pitcher,6,Offspeed_Chase,0.125
44,0.1,2,range_scaled,Pitcher,7,Fastball_Bottom,0.125
44,0.1,2,range_scaled,Pitcher,7,Fastball_Middle,0.125
44,0.1,2,range_scaled,Pitcher,7,Fastball_Top,0.125
44,0.1,2,range_scaled,Pitcher,7,Fastball_Chase,0.125
44,0.1,2,range_scaled,Pitcher,7,Offspeed_Bottom,0.125
44,0.1,2,range_scaled,Pitcher,7,Offspeed_Middle,0.125
44,0.1,2,range_scaled,Pitcher,7,Offspeed_Top,0.125
44,0.1,2,range_scaled,Pitcher,7,Offspeed_Chase,0.125
44,0.1,2,range_scaled,Pitcher,8,Fastball_Bottom,0.125
44,0.1,2,range_scaled,Pitcher,8,Fastball_Middle,0.125
44,0.1,2,range_scaled,Pitcher,8,Fastball_Top,0.125
44,0.1,2,range_scaled,Pitcher,8,Fastball_Chase,0.125
44,0.1,2,range_scaled,Pitcher,8,Offspeed_Bottom,0.125
44,0.1,2,range_scaled,Pitcher,8,Offspeed_Middle,0.125
44,0.1,2,range_scaled,Pitcher,8,Offspeed_Top,0.125
44,0.1,2,range_scaled,Pitcher,8,Offspeed_Chase,0.125
44,0.1,2,range_scaled,Pitcher,9,Fastball_Bottom,0.125
44,0.1,2,range_scaled,Pitcher,9,Fastball_Middle,0.125
44,0.1,2,range_scaled,Pitcher,9,Fastball_Top,0.125
44,0.1,2,range_scaled,Pitcher,9,Fastball_Chase,0.125
44,0.1,2,range_scaled,Pitcher,9,Offspeed_Bottom,0.125
44,0.1,2,range_scaled,Pitcher,9,Offspeed_Middle,0.125
44,0.1,2,range_scaled,Pitcher,9,Offspeed_Top,0.125
44,0.1,2,range_scaled,Pitcher,9,Offspeed_Chase,0.125
44,0.1,2,range_scaled,Pitcher,10,Fastball_Bottom,1.0
44,0.1,2,range_scaled,Pitcher,10,Fastball_Middle,0.0
44,0.1,2,range_scaled,Pitcher,10,Fastball_Top,0.0
44,0.1,2,range_scaled,Pitcher,10,Fastball_Chase,0.0
44,0.1,2,range_scaled,Pitcher,10,Offspeed_Bottom,0.0
44,0.1,2,range_scaled,Pitcher,10,Offspeed_Middle,0.0
44,0.1,2,range_scaled,Pitcher,10,Offspeed_Top,0.0
44,0.1,2,range_scaled,Pitcher,10,Offspeed_Chase,0.0
44,0.1,2,range_scaled,Pitcher,11,Fastball_Bottom,0.0
44,0.1,2,range_scaled,Pitcher,11,Fastball_Middle,1.0
44,0.1,2,range_scaled,Pitcher,11,Fastball_Top,0.0
44,0.1,2,range_scaled,Pitcher,11,Fastball_Chase,0.0
44,0.1,2,range_scaled,Pitcher,11,Offspeed_Bottom,0.0
44,0.1,2,range_scaled,Pitcher,11,Offspeed_Middle,0.0
44,0.1,2,range_scaled,Pitcher,11,Offspeed_Top,0.0
44,0.1,2,range_scaled,Pitcher,11,Offspeed_Chase,0.0
44,0.1,2,range_scaled,Pitcher,12,Fastball_Bottom,0.125
44,0.1,2,range_scaled,Pitcher,12,Fastball_Middle,0.125
44,0.1,2,range_scaled,Pitcher,12,Fastball_Top,0.125
44,0.1,2,range_scaled,Pitcher,12,Fastball_Chase,0.125
44,0.1,2,range_scaled,Pitcher,12,Offspeed_Bottom,0.125
44,0.1,2,range_scaled,Pitcher,12,Offspeed_Middle,0.125
44,0.1,2,range_scaled,Pitcher,12,Offspeed_Top,0.125
44,0.1,2,range_scaled,Pitcher,12,Offspeed_Chase,0.125
44,0.1,2,range_scaled,Pitcher,13,Fastball_Bottom,0.125
44,0.1,2,range_scaled,Pitcher,13,Fastball_Middle,0.125
44,0.1,2,range_scaled,Pitcher,13,Fastball_Top,0.125
44,0.1,2,range_scaled,Pitcher,13,Fastball_Chase,0.125
44,0.1,2,range_scaled,Pitcher,13,Offspeed_Bottom,0.125
44,0.1,2,range_scaled,Pitcher,13,Offspeed_Middle,0.125
44,0.1,2,range_scaled,Pitcher,13,Offspeed_Top,0.125
44,0.1,2,range_scaled,Pitcher,13,Offspeed_Chase,0.125
44,0.1,2,range_scaled,Pitcher,14,Fastball_Bottom,0.125
44,0.1,2,range_scaled,Pitcher,14,Fastball_Middle,0.125
44,0.1,2,range_scaled,Pitcher,14,Fastball_Top,0.125
44,0.1,2,range_scaled,Pitcher,14,Fastball_Chase,0.125
44,0.1,2,range_scaled,Pitcher,14,Offspeed_Bottom,0.125
44,0.1,2,range_scaled,Pitcher,14,Offspeed_Middle,0.125
44,0.1,2,range_scaled,Pitcher,14,Offspeed_Top,0.125
44,0.1,2,range_scaled,Pitcher,14,Offspeed_Chase,0.125
44,0.1,2,range_scaled,Pitcher,15,Fastball_Bottom,0.125
44,0.1,2,range_scaled,Pitcher,15,Fastball_Middle,0.125
44,0.1,2,range_scaled,Pitcher,15,Fastball_Top,0.125
44,0.1,2,range_scaled,Pitcher,15,Fastball_Chase,0.125
44,0.1,2,range_scaled,Pitcher,15,Offspeed_Bottom,0.125
44,0.1,2,range_scaled,Pitcher,15,Offspeed_Middle,0.125
44,0.1,2,range_scaled,Pitcher,15,Offspeed_Top,0.125
44,0.1,2,range_scaled,Pitcher,15,Offspeed_Chase,0.125
44,0.1,2,range_scaled,Pitcher,16,Fastball_Bottom,0.125
44,0.1,2,range_scaled,Pitcher,16,Fastball_Middle,0.125
44,0.1,2,range_scaled,Pitcher,16,Fastball_Top,0.125
44,0.1,2,range_scaled,Pitcher,16,Fastball_Chase,0.125
44,0.1,2,range_scaled,Pitcher,16,Offspeed_Bottom,0.125
44,0.1,2,range_scaled,Pitcher,16,Offspeed_Middle,0.125
44,0.1,2,range_scaled,Pitcher,16,Offspeed_Top,0.125
44,0.1,2,range_scaled,Pitcher,16,Offspeed_Chase,0.125
44,0.1,2,range_scaled,Pitcher,17,Fastball_Bottom,0.125
44,0.1,2,range_scaled,Pitcher,17,Fastball_Middle,0.125
44,0.1,2,range_scaled,Pitcher,17,Fastball_Top,0.125
44,0.1,2,range_scaled,Pitcher,17,Fastball_Chase,0.125
44,0.1,2,range_scaled,Pitcher,17,Offspeed_Bottom,0.125
44,0.1,2,range_scaled,Pitcher,17,Offspeed_Middle,0.125
44,0.1,2,range_scaled,Pitcher,17,Offspeed_Top,0.125
44,0.1,2,range_scaled,Pitcher,17,Offspeed_Chase,0.125
45,0.1,3,range_scaled,Batter,1,Swing,0.8406830991820831
45,0.1,3,range_scaled,Batter,1,Take,0.15931690081791694
45,0.1,3,range_scaled,Batter,2,Swing,1.0
45,0.1,3,range_scaled,Batter,2,Take,0.0
45,0.1,3,range_scaled,Batter,3,Swing,1.0
45,0.1,3,range_scaled,Batter,3,Take,0.0
45,0.1,3,range_scaled,Batter,4,Swing,1.0
45,0.1,3,range_scaled,Batter,4,Take,0.0
45,0.1,3,range_scaled,Batter,5,Swing,1.0
45,0.1,3,range_scaled,Batter,5,Take,0.0
45,0.1,3,range_scaled,Batter,6,Swing,1.0
45,0.1,3,range_scaled,Batter,6,Take,0.0
45,0.1,3,range_scaled,Batter,7,Swing,0.44449487344730787
45,0.1,3,range_scaled,Batter,7,Take,0.5555051265526921
45,0.1,3,range_scaled,Batter,8,Swing,1.0
45,0.1,3,range_scaled,Batter,8,Take,0.0
45,0.1,3,range_scaled,Batter,9,Swing,1.0
45,0.1,3,range_scaled,Batter,9,Take,0.0
45,0.1,3,range_scaled,Batter,10,Swing,1.0
45,0.1,3,range_scaled,Batter,10,Take,0.0
45,0.1,3,range_scaled,Batter,11,Swing,0.0
45,0.1,3,range_scaled,Batter,11,Take,1.0
45,0.1,3,range_scaled,Batter,12,Swing,1.0
45,0.1,3,range_scaled,Batter,12,Take,0.0
45,0.1,3,range_scaled,Batter,13,Swing,1.0
45,0.1,3,range_scaled,Batter,13,Take,0.0
45,0.1,3,range_scaled,Batter,14,Swing,1.0
45,0.1,3,range_scaled,Batter,14,Take,0.0
45,0.1,3,range_scaled,Batter,15,Swing,0.0
45,0.1,3,range_scaled,Batter,15,Take,1.0
45,0.1,3,range_scaled,Batter,16,Swing,1.0
45,0.1,3,range_scaled,Batter,16,Take,0.0
45,0.1,3,range_scaled,Batter,17,Swing,0.7580891233017278
45,0.1,3,range_scaled,Batter,17,Take,0.24191087669827216
45,0.1,3,range_scaled,Pitcher,1,Fastball_Bottom,-0.0
45,0.1,3,range_scaled,Pitcher,1,Fastball_Middle,-0.0
45,0.1,3,range_scaled,Pitcher,1,Fastball_Top,0.580869301355092
45,0.1,3,range_scaled,Pitcher,1,Fastball_Chase,-0.0
45,0.1,3,range_scaled,Pitcher,1,Offspeed_Bottom,-0.0
45,0.1,3,range_scaled,Pitcher,1,Offspeed_Middle,-0.0
45,0.1,3,range_scaled,Pitcher,1,Offspeed_Top,-0.0
45,0.1,3,range_scaled,Pitcher,1,Offspeed_Chase,0.41913069864490804
45,0.1,3,range_scaled,Pitcher,2,Fastball_Bottom,0.125
45,0.1,3,range_scaled,Pitcher,2,Fastball_Middle,0.125
45,0.1,3,range_scaled,Pitcher,2,Fastball_Top,0.125
45,0.1,3,range_scaled,Pitcher,2,Fastball_Chase,0.125
45,0.1,3,range_scaled,Pitcher,2,Offspeed_Bottom,0.125
45,0.1,3,range_scaled,Pitcher,2,Offspeed_Middle,0.125
45,0.1,3,range_scaled,Pitcher,2,Offspeed_Top,0.125
45,0.1,3,range_scaled,Pitcher,2,Offspeed_Chase,0.125
45,0.1,3,range_scaled,Pitcher,3,Fastball_Bottom,0.125
45,0.1,3,range_scaled,Pitcher,3,Fastball_Middle,0.125
45,0.1,3,range_scaled,Pitcher,3,Fastball_Top,0.125
45,0.1,3,range_scaled,Pitcher,3,Fastball_Chase,0.125
45,0.1,3,range_scaled,Pitcher,3,Offspeed_Bottom,0.125
45,0.1,3,range_scaled,Pitcher,3,Offspeed_Middle,0.125
45,0.1,3,range_scaled,Pitcher,3,Offspeed_Top,0.125
45,0.1,3,range_scaled,Pitcher,3,Offspeed_Chase,0.125
45,0.1,3,range_scaled,Pitcher,4,Fastball_Bottom,0.125
45,0.1,3,range_scaled,Pitcher,4,Fastball_Middle,0.125
45,0.1,3,range_scaled,Pitcher,4,Fastball_Top,0.125
45,0.1,3,range_scaled,Pitcher,4,Fastball_Chase,0.125
45,0.1,3,range_scaled,Pitcher,4,Offspeed_Bottom,0.125
45,0.1,3,range_scaled,Pitcher,4,Offspeed_Middle,0.125
45,0.1,3,range_scaled,Pitcher,4,Offspeed_Top,0.125
45,0.1,3,range_scaled,Pitcher,4,Offspeed_Chase,0.125
45,0.1,3,range_scaled,Pitcher,5,Fastball_Bottom,0.125
45,0.1,3,range_scaled,Pitcher,5,Fastball_Middle,0.125
45,0.1,3,range_scaled,Pitcher,5,Fastball_Top,0.125
45,0.1,3,range_scaled,Pitcher,5,Fastball_Chase,0.125
45,0.1,3,range_scaled,Pitcher,5,Offspeed_Bottom,0.125
45,0.1,3,range_scaled,Pitcher,5,Offspeed_Middle,0.125
45,0.1,3,range_scaled,Pitcher,5,Offspeed_Top,0.125
45,0.1,3,range_scaled,Pitcher,5,Offspeed_Chase,0.125
45,0.1,3,range_scaled,Pitcher,6,Fastball_Bottom,1.0
45,0.1,3,range_scaled,Pitcher,6,Fastball_Middle,0.0
45,0.1,3,range_scaled,Pitcher,6,Fastball_Top,0.0
45,0.1,3,range_scaled,Pitcher,6,Fastball_Chase,0.0
45,0.1,3,range_scaled,Pitcher,6,Offspeed_Bottom,0.0
45,0.1,3,range_scaled,Pitcher,6,Offspeed_Middle,0.0
45,0.1,3,range_scaled,Pitcher,6,Offspeed_Top,0.0
45,0.1,3,range_scaled,Pitcher,6,Offspeed_Chase,0.0
45,0.1,3,range_scaled,Pitcher,7,Fastball_Bottom,0.0
45,0.1,3,range_scaled,Pitcher,7,Fastball_Middle,0.0
45,0.1,3,range_scaled,Pitcher,7,Fastball_Top,0.0
45,0.1,3,range_scaled,Pitcher,7,Fastball_Chase,0.0
45,0.1,3,range_scaled,Pitcher,7,Offspeed_Bottom,0.0
45,0.1,3,range_scaled,Pitcher,7,Offspeed_Middle,0.42906081841440175
45,0.1,3,range_scaled,Pitcher,7,Offspeed_Top,0.0
45,0.1,3,range_scaled,Pitcher,7,Offspeed_Chase,0.5709391815855983
45,0.1,3,range_scaled,Pitcher,8,Fastball_Bottom,0.125
45,0.1,3,range_scaled,Pitcher,8,Fastball_Middle,0.125
45,0.1,3,range_scaled,Pitcher,8,Fastball_Top,0.125
45,0.1,3,range_scaled,Pitcher,8,Fastball_Chase,0.125
45,0.1,3,range_scaled,Pitcher,8,Offspeed_Bottom,0.125
45,0.1,3,range_scaled,Pitcher,8,Offspeed_Middle,0.125
45,0.1,3,range_scaled,Pitcher,8,Offspeed_Top,0.125
45,0.1,3,range_scaled,Pitcher,8,Offspeed_Chase,0.125
45,0.1,3,range_scaled,Pitcher,9,Fastball_Bottom,0.125
45,0.1,3,range_scaled,Pitcher,9,Fastball_Middle,0.125
45,0.1,3,range_scaled,Pitcher,9,Fastball_Top,0.125
45,0.1,3,range_scaled,Pitcher,9,Fastball_Chase,0.125
45,0.1,3,range_scaled,Pitcher,9,Offspeed_Bottom,0.125
45,0.1,3,range_scaled,Pitcher,9,Offspeed_Middle,0.125
45,0.1,3,range_scaled,Pitcher,9,Offspeed_Top,0.125
45,0.1,3,range_scaled,Pitcher,9,Offspeed_Chase,0.125
45,0.1,3,range_scaled,Pitcher,10,Fastball_Bottom,0.125
45,0.1,3,range_scaled,Pitcher,10,Fastball_Middle,0.125
45,0.1,3,range_scaled,Pitcher,10,Fastball_Top,0.125
45,0.1,3,range_scaled,Pitcher,10,Fastball_Chase,0.125
45,0.1,3,range_scaled,Pitcher,10,Offspeed_Bottom,0.125
45,0.1,3,range_scaled,Pitcher,10,Offspeed_Middle,0.125
45,0.1,3,range_scaled,Pitcher,10,Offspeed_Top,0.125
45,0.1,3,range_scaled,Pitcher,10,Offspeed_Chase,0.125
45,0.1,3,range_scaled,Pitcher,11,Fastball_Bottom,0.125
45,0.1,3,range_scaled,Pitcher,11,Fastball_Middle,0.125
45,0.1,3,range_scaled,Pitcher,11,Fastball_Top,0.125
45,0.1,3,range_scaled,Pitcher,11,Fastball_Chase,0.125
45,0.1,3,range_scaled,Pitcher,11,Offspeed_Bottom,0.125
45,0.1,3,range_scaled,Pitcher,11,Offspeed_Middle,0.125
45,0.1,3,range_scaled,Pitcher,11,Offspeed_Top,0.125
45,0.1,3,range_scaled,Pitcher,11,Offspeed_Chase,0.125
45,0.1,3,range_scaled,Pitcher,12,Fastball_Bottom,0.125
45,0.1,3,range_scaled,Pitcher,12,Fastball_Middle,0.125
45,0.1,3,range_scaled,Pitcher,12,Fastball_Top,0.125
45,0.1,3,range_scaled,Pitcher,12,Fastball_Chase,0.125
45,0.1,3,range_scaled,Pitcher,12,Offspeed_Bottom,0.125
45,0.1,3,range_scaled,Pitcher,12,Offspeed_Middle,0.125
45,0.1,3,range_scaled,Pitcher,12,Offspeed_Top,0.125
45,0.1,3,range_scaled,Pitcher,12,Offspeed_Chase,0.125
45,0.1,3,range_scaled,Pitcher,13,Fastball_Bottom,0.125
45,0.1,3,range_scaled,Pitcher,13,Fastball_Middle,0.125
45,0.1,3,range_scaled,Pitcher,13,Fastball_Top,0.125
45,0.1,3,range_scaled,Pitcher,13,Fastball_Chase,0.125
45,0.1,3,range_scaled,Pitcher,13,Offspeed_Bottom,0.125
45,0.1,3,range_scaled,Pitcher,13,Offspeed_Middle,0.125
45,0.1,3,range_scaled,Pitcher,13,Offspeed_Top,0.125
45,0.1,3,range_scaled,Pitcher,13,Offspeed_Chase,0.125
45,0.1,3,range_scaled,Pitcher,14,Fastball_Bottom,0.125
45,0.1,3,range_scaled,Pitcher,14,Fastball_Middle,0.125
45,0.1,3,range_scaled,Pitcher,14,Fastball_Top,0.125
45,0.1,3,range_scaled,Pitcher,14,Fastball_Chase,0.125
45,0.1,3,range_scaled,Pitcher,14,Offspeed_Bottom,0.125
45,0.1,3,range_scaled,Pitcher,14,Offspeed_Middle,0.125
45,0.1,3,range_scaled,Pitcher,14,Offspeed_Top,0.125
45,0.1,3,range_scaled,Pitcher,14,Offspeed_Chase,0.125
45,0.1,3,range_scaled,Pitcher,15,Fastball_Bottom,0.125
45,0.1,3,range_scaled,Pitcher,15,Fastball_Middle,0.125
45,0.1,3,range_scaled,Pitcher,15,Fastball_Top,0.125
45,0.1,3,range_scaled,Pitcher,15,Fastball_Chase,0.125
45,0.1,3,range_scaled,Pitcher,15,Offspeed_Bottom,0.125
45,0.1,3,range_scaled,Pitcher,15,Offspeed_Middle,0.125
45,0.1,3,range_scaled,Pitcher,15,Offspeed_Top,0.125
45,0.1,3,range_scaled,Pitcher,15,Offspeed_Chase,0.125
45,0.1,3,range_scaled,Pitcher,16,Fastball_Bottom,1.0
45,0.1,3,range_scaled,Pitcher,16,Fastball_Middle,0.0
45,0.1,3,range_scaled,Pitcher,16,Fastball_Top,0.0
45,0.1,3,range_scaled,Pitcher,16,Fastball_Chase,0.0
45,0.1,3,range_scaled,Pitcher,16,Offspeed_Bottom,0.0
45,0.1,3,range_scaled,Pitcher,16,Offspeed_Middle,0.0
45,0.1,3,range_scaled,Pitcher,16,Offspeed_Top,0.0
45,0.1,3,range_scaled,Pitcher,16,Offspeed_Chase,0.0
45,0.1,3,range_scaled,Pitcher,17,Fastball_Bottom,0.0
45,0.1,3,range_scaled,Pitcher,17,Fastball_Middle,0.0
45,0.1,3,range_scaled,Pitcher,17,Fastball_Top,0.0
45,0.1,3,range_scaled,Pitcher,17,Fastball_Chase,0.0
45,0.1,3,range_scaled,Pitcher,17,Offspeed_Bottom,0.0
45,0.1,3,range_scaled,Pitcher,17,Offspeed_Middle,0.9304540737768668
45,0.1,3,range_scaled,Pitcher,17,Offspeed_Top,0.0
45,0.1,3,range_scaled,Pitcher,17,Offspeed_Chase,0.06954592622313317
46,0.1,4,range_scaled,Batter,1,Swing,0.6358163363864389
46,0.1,4,range_scaled,Batter,1,Take,0.3641836636135612
46,0.1,4,range_scaled,Batter,2,Swing,1.0
46,0.1,4,range_scaled,Batter,2,Take,0.0
46,0.1,4,range_scaled,Batter,3,Swing,1.0
46,0.1,4,range_scaled,Batter,3,Take,0.0
46,0.1,4,range_scaled,Batter,4,Swing,1.0
46,0.1,4,range_scaled,Batter,4,Take,0.0
46,0.1,4,range_scaled,Batter,5,Swing,1.0
46,0.1,4,range_scaled,Batter,5,Take,0.0
46,0.1,4,range_scaled,Batter,6,Swing,1.0
46,0.1,4,range_scaled,Batter,6,Take,0.0
46,0.1,4,range_scaled,Batter,7,Swing,0.33188699266844696
46,0.1,4,range_scaled,Batter,7,Take,0.668113007331553
46,0.1,4,range_scaled,Batter,8,Swing,1.0
46,0.1,4,range_scaled,Batter,8,Take,0.0
46,0.1,4,range_scaled,Batter,9,Swing,1.0
46,0.1,4,range_scaled,Batter,9,Take,0.0
46,0.1,4,range_scaled,Batter,10,Swing,1.0
46,0.1,4,range_scaled,Batter,10,Take,0.0
46,0.1,4,range_scaled,Batter,11,Swing,0.24964339700417384
46,0.1,4,range_scaled,Batter,11,Take,0.7503566029958261
46,0.1,4,range_scaled,Batter,12,Swing,1.0
46,0.1,4,range_scaled,Batter,12,Take,0.0
46,0.1,4,range_scaled,Batter,13,Swing,1.0
46,0.1,4,range_scaled,Batter,13,Take,0.0
46,0.1,4,range_scaled,Batter,14,Swing,1.0
46,0.1,4,range_scaled,Batter,14,Take,0.0
46,0.1,4,range_scaled,Batter,15,Swing,0.0
46,0.1,4,range_scaled,Batter,15,Take,1.0
46,0.1,4,range_scaled,Batter,16,Swing,1.0
46,0.1,4,range_scaled,Batter,16,Take,0.0
46,0.1,4,range_scaled,Batter,17,Swing,1.0
46,0.1,4,range_scaled,Batter,17,Take,0.0
46,0.1,4,range_scaled,Pitcher,1,Fastball_Bottom,0.0
46,0.1,4,range_scaled,Pitcher,1,Fastball_Middle,0.0
46,0.1,4,range_scaled,Pitcher,1,Fastball_Top,0.4152228422404143
46,0.1,4,range_scaled,Pitcher,1,Fastball_Chase,0.0
46,0.1,4,range_scaled,Pitcher,1,Offspeed_Bottom,0.5847771577595857
46,0.1,4,range_scaled,Pitcher,1,Offspeed_Middle,0.0
46,0.1,4,range_scaled,Pitcher,1,Offspeed_Top,0.0
46,0.1,4,range_scaled,Pitcher,1,Offspeed_Chase,0.0
46,0.1,4,range_scaled,Pitcher,2,Fastball_Bottom,0.125
46,0.1,4,range_scaled,Pitcher,2,Fastball_Middle,0.125
46,0.1,4,range_scaled,Pitcher,2,Fastball_Top,0.125
46,0.1,4,range_scaled,Pitcher,2,Fastball_Chase,0.125
46,0.1,4,range_scaled,Pitcher,2,Offspeed_Bottom,0.125
46,0.1,4,range_scaled,Pitcher,2,Offspeed_Middle,0.125
46,0.1,4,range_scaled,Pitcher,2,Offspeed_Top,0.125
46,0.1,4,range_scaled,Pitcher,2,Offspeed_Chase,0.125
46,0.1,4,range_scaled,Pitcher,3,Fastball_Bottom,0.125
46,0.1,4,range_scaled,Pitcher,3,Fastball_Middle,0.125
46,0.1,4,range_scaled,Pitcher,3,Fastball_Top,0.125
46,0.1,4,range_scaled,Pitcher,3,Fastball_Chase,0.125
46,0.1,4,range_scaled,Pitcher,3,Offspeed_Bottom,0.125
46,0.1,4,range_scaled,Pitcher,3,Offspeed_Middle,0.125
46,0.1,4,range_scaled,Pitcher,3,Offspeed_Top,0.125
46,0.1,4,range_scaled,Pitcher,3,Offspeed_Chase,0.125
46,0.1,4,range_scaled,Pitcher,4,Fastball_Bottom,0.125
46,0.1,4,range_scaled,Pitcher,4,Fastball_Middle,0.125
46,0.1,4,range_scaled,Pitcher,4,Fastball_Top,0.125
46,0.1,4,range_scaled,Pitcher,4,Fastball_Chase,0.125
46,0.1,4,range_scaled,Pitcher,4,Offspeed_Bottom,0.125
46,0.1,4,range_scaled,Pitcher,4,Offspeed_Middle,0.125
46,0.1,4,range_scaled,Pitcher,4,Offspeed_Top,0.125
46,0.1,4,range_scaled,Pitcher,4,Offspeed_Chase,0.125
46,0.1,4,range_scaled,Pitcher,5,Fastball_Bottom,0.125
46,0.1,4,range_scaled,Pitcher,5,Fastball_Middle,0.125
46,0.1,4,range_scaled,Pitcher,5,Fastball_Top,0.125
46,0.1,4,range_scaled,Pitcher,5,Fastball_Chase,0.125
46,0.1,4,range_scaled,Pitcher,5,Offspeed_Bottom,0.125
46,0.1,4,range_scaled,Pitcher,5,Offspeed_Middle,0.125
46,0.1,4,range_scaled,Pitcher,5,Offspeed_Top,0.125
46,0.1,4,range_scaled,Pitcher,5,Offspeed_Chase,0.125
46,0.1,4,range_scaled,Pitcher,6,Fastball_Bottom,1.0
46,0.1,4,range_scaled,Pitcher,6,Fastball_Middle,0.0
46,0.1,4,range_scaled,Pitcher,6,Fastball_Top,0.0
46,0.1,4,range_scaled,Pitcher,6,Fastball_Chase,0.0
46,0.1,4,range_scaled,Pitcher,6,Offspeed_Bottom,0.0
46,0.1,4,range_scaled,Pitcher,6,Offspeed_Middle,0.0
46,0.1,4,range_scaled,Pitcher,6,Offspeed_Top,0.0
46,0.1,4,range_scaled,Pitcher,6,Offspeed_Chase,0.0
46,0.1,4,range_scaled,Pitcher,7,Fastball_Bottom,0.0
46,0.1,4,range_scaled,Pitcher,7,Fastball_Middle,0.0
46,0.1,4,range_scaled,Pitcher,7,Fastball_Top,0.0
46,0.1,4,range_scaled,Pitcher,7,Fastball_Chase,0.0
46,0.1,4,range_scaled,Pitcher,7,Offspeed_Bottom,0.008919321191683514
46,0.1,4,range_scaled,Pitcher,7,Offspeed_Middle,0.0
46,0.1,4,range_scaled,Pitcher,7,Offspeed_Top,0.9910806788083166
46,0.1,4,range_scaled,Pitcher,7,Offspeed_Chase,0.0
46,0.1,4,range_scaled,Pitcher,8,Fastball_Bottom,0.125
46,0.1,4,range_scaled,Pitcher,8,Fastball_Middle,0.125
46,0.1,4,range_scaled,Pitcher,8,Fastball_Top,0.125
46,0.1,4,range_scaled,Pitcher,8,Fastball_Chase,0.125
46,0.1,4,range_scaled,Pitcher,8,Offspeed_Bottom,0.125
46,0.1,4,range_scaled,Pitcher,8,Offspeed_Middle,0.125
46,0.1,4,range_scaled,Pitcher,8,Offspeed_Top,0.125
46,0.1,4,range_scaled,Pitcher,8,Offspeed_Chase,0.125
46,0.1,4,range_scaled,Pitcher,9,Fastball_Bottom,0.125
46,0.1,4,range_scaled,Pitcher,9,Fastball_Middle,0.125
46,0.1,4,range_scaled,Pitcher,9,Fastball_Top,0.125
46,0.1,4,range_scaled,Pitcher,9,Fastball_Chase,0.125
46,0.1,4,range_scaled,Pitcher,9,Offspeed_Bottom,0.125
46,0.1,4,range_scaled,Pitcher,9,Offspeed_Middle,0.125
46,0.1,4,range_scaled,Pitcher,9,Offspeed_Top,0.125
46,0.1,4,range_scaled,Pitcher,9,Offspeed_Chase,0.125
46,0.1,4,range_scaled,Pitcher,10,Fastball_Bottom,1.0
46,0.1,4,range_scaled,Pitcher,10,Fastball_Middle,0.0
46,0.1,4,range_scaled,Pitcher,10,Fastball_Top,0.0
46,0.1,4,range_scaled,Pitcher,10,Fastball_Chase,0.0
46,0.1,4,range_scaled,Pitcher,10,Offspeed_Bottom,0.0
46,0.1,4,range_scaled,Pitcher,10,Offspeed_Middle,0.0
46,0.1,4,range_scaled,Pitcher,10,Offspeed_Top,0.0
46,0.1,4,range_scaled,Pitcher,10,Offspeed_Chase,0.0
46,0.1,4,range_scaled,Pitcher,11,Fastball_Bottom,0.0
46,0.1,4,range_scaled,Pitcher,11,Fastball_Middle,0.0
46,0.1,4,range_scaled,Pitcher,11,Fastball_Top,0.9006228103824816
46,0.1,4,range_scaled,Pitcher,11,Fastball_Chase,0.0
46,0.1,4,range_scaled,Pitcher,11,Offspeed_Bottom,0.0
46,0.1,4,range_scaled,Pitcher,11,Offspeed_Middle,0.09937718961751806
46,0.1,4,range_scaled,Pitcher,11,Offspeed_Top,0.0
46,0.1,4,range_scaled,Pitcher,11,Offspeed_Chase,0.0
46,0.1,4,range_scaled,Pitcher,12,Fastball_Bottom,0.125
46,0.1,4,range_scaled,Pitcher,12,Fastball_Middle,0.125
46,0.1,4,range_scaled,Pitcher,12,Fastball_Top,0.125
46,0.1,4,range_scaled,Pitcher,12,Fastball_Chase,0.125
46,0.1,4,range_scaled,Pitcher,12,Offspeed_Bottom,0.125
46,0.1,4,range_scaled,Pitcher,12,Offspeed_Middle,0.125
46,0.1,4,range_scaled,Pitcher,12,Offspeed_Top,0.125
46,0.1,4,range_scaled,Pitcher,12,Offspeed_Chase,0.125
46,0.1,4,range_scaled,Pitcher,13,Fastball_Bottom,0.125
46,0.1,4,range_scaled,Pitcher,13,Fastball_Middle,0.125
46,0.1,4,range_scaled,Pitcher,13,Fastball_Top,0.125
46,0.1,4,range_scaled,Pitcher,13,Fastball_Chase,0.125
46,0.1,4,range_scaled,Pitcher,13,Offspeed_Bottom,0.125
46,0.1,4,range_scaled,Pitcher,13,Offspeed_Middle,0.125
46,0.1,4,range_scaled,Pitcher,13,Offspeed_Top,0.125
46,0.1,4,range_scaled,Pitcher,13,Offspeed_Chase,0.125
46,0.1,4,range_scaled,Pitcher,14,Fastball_Bottom,0.125
46,0.1,4,range_scaled,Pitcher,14,Fastball_Middle,0.125
46,0.1,4,range_scaled,Pitcher,14,Fastball_Top,0.125
46,0.1,4,range_scaled,Pitcher,14,Fastball_Chase,0.125
46,0.1,4,range_scaled,Pitcher,14,Offspeed_Bottom,0.125
46,0.1,4,range_scaled,Pitcher,14,Offspeed_Middle,0.125
46,0.1,4,range_scaled,Pitcher,14,Offspeed_Top,0.125
46,0.1,4,range_scaled,Pitcher,14,Offspeed_Chase,0.125
46,0.1,4,range_scaled,Pitcher,15,Fastball_Bottom,0.125
46,0.1,4,range_scaled,Pitcher,15,Fastball_Middle,0.125
46,0.1,4,range_scaled,Pitcher,15,Fastball_Top,0.125
46,0.1,4,range_scaled,Pitcher,15,Fastball_Chase,0.125
46,0.1,4,range_scaled,Pitcher,15,Offspeed_Bottom,0.125
46,0.1,4,range_scaled,Pitcher,15,Offspeed_Middle,0.125
46,0.1,4,range_scaled,Pitcher,15,Offspeed_Top,0.125
46,0.1,4,range_scaled,Pitcher,15,Offspeed_Chase,0.125
46,0.1,4,range_scaled,Pitcher,16,Fastball_Bottom,0.125
46,0.1,4,range_scaled,Pitcher,16,Fastball_Middle,0.125
46,0.1,4,range_scaled,Pitcher,16,Fastball_Top,0.125
46,0.1,4,range_scaled,Pitcher,16,Fastball_Chase,0.125
46,0.1,4,range_scaled,Pitcher,16,Offspeed_Bottom,0.125
46,0.1,4,range_scaled,Pitcher,16,Offspeed_Middle,0.125
46,0.1,4,range_scaled,Pitcher,16,Offspeed_Top,0.125
46,0.1,4,range_scaled,Pitcher,16,Offspeed_Chase,0.125
46,0.1,4,range_scaled,Pitcher,17,Fastball_Bottom,0.125
46,0.1,4,range_scaled,Pitcher,17,Fastball_Middle,0.125
46,0.1,4,range_scaled,Pitcher,17,Fastball_Top,0.125
46,0.1,4,range_scaled,Pitcher,17,Fastball_Chase,0.125
46,0.1,4,range_scaled,Pitcher,17,Offspeed_Bottom,0.125
46,0.1,4,range_scaled,Pitcher,17,Offspeed_Middle,0.125
46,0.1,4,range_scaled,Pitcher,17,Offspeed_Top,0.125
46,0.1,4,range_scaled,Pitcher,17,Offspeed_Chase,0.125
47,0.1,5,range_scaled,Batter,1,Swing,0.482225701160386
47,0.1,5,range_scaled,Batter,1,Take,0.517774298839614
47,0.1,5,range_scaled,Batter,2,Swing,1.0
47,0.1,5,range_scaled,Batter,2,Take,0.0
47,0.1,5,range_scaled,Batter,3,Swing,1.0
47,0.1,5,range_scaled,Batter,3,Take,0.0
47,0.1,5,range_scaled,Batter,4,Swing,1.0
47,0.1,5,range_scaled,Batter,4,Take,0.0
47,0.1,5,range_scaled,Batter,5,Swing,0.4855419736631609
47,0.1,5,range_scaled,Batter,5,Take,0.5144580263368391
47,0.1,5,range_scaled,Batter,6,Swing,1.0
47,0.1,5,range_scaled,Batter,6,Take,0.0
47,0.1,5,range_scaled,Batter,7,Swing,0.5615829861093342
47,0.1,5,range_scaled,Batter,7,Take,0.43841701389066573
47,0.1,5,range_scaled,Batter,8,Swing,1.0
47,0.1,5,range_scaled,Batter,8,Take,0.0
47,0.1,5,range_scaled,Batter,9,Swing,0.3010930127442692
47,0.1,5,range_scaled,Batter,9,Take,0.6989069872557307
47,0.1,5,range_scaled,Batter,10,Swing,1.0
47,0.1,5,range_scaled,Batter,10,Take,0.0
47,0.1,5,range_scaled,Batter,11,Swing,1.0
47,0.1,5,range_scaled,Batter,11,Take,0.0
47,0.1,5,range_scaled,Batter,12,Swing,1.0
47,0.1,5,range_scaled,Batter,12,Take,0.0
47,0.1,5,range_scaled,Batter,13,Swing,0.0
47,0.1,5,range_scaled,Batter,13,Take,1.0
47,0.1,5,range_scaled,Batter,14,Swing,1.0
47,0.1,5,range_scaled,Batter,14,Take,0.0
47,0.1,5,range_scaled,Batter,15,Swing,0.0
47,0.1,5,range_scaled,Batter,15,Take,1.0
47,0.1,5,range_scaled,Batter,16,Swing,1.0
47,0.1,5,range_scaled,Batter,16,Take,0.0
47,0.1,5,range_scaled,Batter,17,Swing,1.0000000000000002
47,0.1,5,range_scaled,Batter,17,Take,0.0
47,0.1,5,range_scaled,Pitcher,1,Fastball_Bottom,-0.0
47,0.1,5,range_scaled,Pitcher,1,Fastball_Middle,-0.0
47,0.1,5,range_scaled,Pitcher,1,Fastball_Top,0.1521218280611791
47,0.1,5,range_scaled,Pitcher,1,Fastball_Chase,-0.0
47,0.1,5,range_scaled,Pitcher,1,Offspeed_Bottom,-0.0
47,0.1,5,range_scaled,Pitcher,1,Offspeed_Middle,-0.0
47,0.1,5,range_scaled,Pitcher,1,Offspeed_Top,-0.0
47,0.1,5,range_scaled,Pitcher,1,Offspeed_Chase,0.8478781719388209
47,0.1,5,range_scaled,Pitcher,2,Fastball_Bottom,0.125
47,0.1,5,range_scaled,Pitcher,2,Fastball_Middle,0.125
47,0.1,5,range_scaled,Pitcher,2,Fastball_Top,0.125
47,0.1,5,range_scaled,Pitcher,2,Fastball_Chase,0.125
47,0.1,5,range_scaled,Pitcher,2,Offspeed_Bottom,0.125
47,0.1,5,range_scaled,Pitcher,2,Offspeed_Middle,0.125
47,0.1,5,range_scaled,Pitcher,2,Offspeed_Top,0.125
47,0.1,5,range_scaled,Pitcher,2,Offspeed_Chase,0.125
47,0.1,5,range_scaled,Pitcher,3,Fastball_Bottom,0.125
47,0.1,5,range_scaled,Pitcher,3,Fastball_Middle,0.125
47,0.1,5,range_scaled,Pitcher,3,Fastball_Top,0.125
47,0.1,5,range_scaled,Pitcher,3,Fastball_Chase,0.125
47,0.1,5,range_scaled,Pitcher,3,Offspeed_Bottom,0.125
47,0.1,5,range_scaled,Pitcher,3,Offspeed_Middle,0.125
47,0.1,5,range_scaled,Pitcher,3,Offspeed_Top,0.125
47,0.1,5,range_scaled,Pitcher,3,Offspeed_Chase,0.125
47,0.1,5,range_scaled,Pitcher,4,Fastball_Bottom,0.125
47,0.1,5,range_scaled,Pitcher,4,Fastball_Middle,0.125
47,0.1,5,range_scaled,Pitcher,4,Fastball_Top,0.125
47,0.1,5,range_scaled,Pitcher,4,Fastball_Chase,0.125
47,0.1,5,range_scaled,Pitcher,4,Offspeed_Bottom,0.125
47,0.1,5,range_scaled,Pitcher,4,Offspeed_Middle,0.125
47,0.1,5,range_scaled,Pitcher,4,Offspeed_Top,0.125
47,0.1,5,range_scaled,Pitcher,4,Offspeed_Chase,0.125
47,0.1,5,range_scaled,Pitcher,5,Fastball_Bottom,0.125
47,0.1,5,range_scaled,Pitcher,5,Fastball_Middle,0.125
47,0.1,5,range_scaled,Pitcher,5,Fastball_Top,0.125
47,0.1,5,range_scaled,Pitcher,5,Fastball_Chase,0.125
47,0.1,5,range_scaled,Pitcher,5,Offspeed_Bottom,0.125
47,0.1,5,range_scaled,Pitcher,5,Offspeed_Middle,0.125
47,0.1,5,range_scaled,Pitcher,5,Offspeed_Top,0.125
47,0.1,5,range_scaled,Pitcher,5,Offspeed_Chase,0.125
47,0.1,5,range_scaled,Pitcher,6,Fastball_Bottom,1.0
47,0.1,5,range_scaled,Pitcher,6,Fastball_Middle,0.0
47,0.1,5,range_scaled,Pitcher,6,Fastball_Top,0.0
47,0.1,5,range_scaled,Pitcher,6,Fastball_Chase,0.0
47,0.1,5,range_scaled,Pitcher,6,Offspeed_Bottom,0.0
47,0.1,5,range_scaled,Pitcher,6,Offspeed_Middle,0.0
47,0.1,5,range_scaled,Pitcher,6,Offspeed_Top,0.0
47,0.1,5,range_scaled,Pitcher,6,Offspeed_Chase,0.0
47,0.1,5,range_scaled,Pitcher,7,Fastball_Bottom,0.0
47,0.1,5,range_scaled,Pitcher,7,Fastball_Middle,0.0
47,0.1,5,range_scaled,Pitcher,7,Fastball_Top,0.0
47,0.1,5,range_scaled,Pitcher,7,Fastball_Chase,0.0
47,0.1,5,range_scaled,Pitcher,7,Offspeed_Bottom,0.0
47,0.1,5,range_scaled,Pitcher,7,Offspeed_Middle,0.5220471231956104
47,0.1,5,range_scaled,Pitcher,7,Offspeed_Top,0.4779528768043897
47,0.1,5,range_scaled,Pitcher,7,Offspeed_Chase,0.0
47,0.1,5,range_scaled,Pitcher,8,Fastball_Bottom,0.125
47,0.1,5,range_scaled,Pitcher,8,Fastball_Middle,0.125
47,0.1,5,range_scaled,Pitcher,8,Fastball_Top,0.125
47,0.1,5,range_scaled,Pitcher,8,Fastball_Chase,0.125
47,0.1,5,range_scaled,Pitcher,8,Offspeed_Bottom,0.125
47,0.1,5,range_scaled,Pitcher,8,Offspeed_Middle,0.125
47,0.1,5,range_scaled,Pitcher,8,Offspeed_Top,0.125
47,0.1,5,range_scaled,Pitcher,8,Offspeed_Chase,0.125
47,0.1,5,range_scaled,Pitcher,9,Fastball_Bottom,0.125
47,0.1,5,range_scaled,Pitcher,9,Fastball_Middle,0.125
47,0.1,5,range_scaled,Pitcher,9,Fastball_Top,0.125
47,0.1,5,range_scaled,Pitcher,9,Fastball_Chase,0.125
47,0.1,5,range_scaled,Pitcher,9,Offspeed_Bottom,0.125
47,0.1,5,range_scaled,Pitcher,9,Offspeed_Middle,0.125
47,0.1,5,range_scaled,Pitcher,9,Offspeed_Top,0.125
47,0.1,5,range_scaled,Pitcher,9,Offspeed_Chase,0.125
47,0.1,5,range_scaled,Pitcher,10,Fastball_Bottom,0.125
47,0.1,5,range_scaled,Pitcher,10,Fastball_Middle,0.125
47,0.1,5,range_scaled,Pitcher,10,Fastball_Top,0.125
47,0.1,5,range_scaled,Pitcher,10,Fastball_Chase,0.125
47,0.1,5,range_scaled,Pitcher,10,Offspeed_Bottom,0.125
47,0.1,5,range_scaled,Pitcher,10,Offspeed_Middle,0.125
47,0.1,5,range_scaled,Pitcher,10,Offspeed_Top,0.125
47,0.1,5,range_scaled,Pitcher,10,Offspeed_Chase,0.125
47,0.1,5,range_scaled,Pitcher,11,Fastball_Bottom,0.125
47,0.1,5,range_scaled,Pitcher,11,Fastball_Middle,0.125
47,0.1,5,range_scaled,Pitcher,11,Fastball_Top,0.125
47,0.1,5,range_scaled,Pitcher,11,Fastball_Chase,0.125
47,0.1,5,range_scaled,Pitcher,11,Offspeed_Bottom,0.125
47,0.1,5,range_scaled,Pitcher,11,Offspeed_Middle,0.125
47,0.1,5,range_scaled,Pitcher,11,Offspeed_Top,0.125
47,0.1,5,range_scaled,Pitcher,11,Offspeed_Chase,0.125
47,0.1,5,range_scaled,Pitcher,12,Fastball_Bottom,0.125
47,0.1,5,range_scaled,Pitcher,12,Fastball_Middle,0.125
47,0.1,5,range_scaled,Pitcher,12,Fastball_Top,0.125
47,0.1,5,range_scaled,Pitcher,12,Fastball_Chase,0.125
47,0.1,5,range_scaled,Pitcher,12,Offspeed_Bottom,0.125
47,0.1,5,range_scaled,Pitcher,12,Offspeed_Middle,0.125
47,0.1,5,range_scaled,Pitcher,12,Offspeed_Top,0.125
47,0.1,5,range_scaled,Pitcher,12,Offspeed_Chase,0.125
47,0.1,5,range_scaled,Pitcher,13,Fastball_Bottom,0.125
47,0.1,5,range_scaled,Pitcher,13,Fastball_Middle,0.125
47,0.1,5,range_scaled,Pitcher,13,Fastball_Top,0.125
47,0.1,5,range_scaled,Pitcher,13,Fastball_Chase,0.125
47,0.1,5,range_scaled,Pitcher,13,Offspeed_Bottom,0.125
47,0.1,5,range_scaled,Pitcher,13,Offspeed_Middle,0.125
47,0.1,5,range_scaled,Pitcher,13,Offspeed_Top,0.125
47,0.1,5,range_scaled,Pitcher,13,Offspeed_Chase,0.125
47,0.1,5,range_scaled,Pitcher,14,Fastball_Bottom,0.125
47,0.1,5,range_scaled,Pitcher,14,Fastball_Middle,0.125
47,0.1,5,range_scaled,Pitcher,14,Fastball_Top,0.125
47,0.1,5,range_scaled,Pitcher,14,Fastball_Chase,0.125
47,0.1,5,range_scaled,Pitcher,14,Offspeed_Bottom,0.125
47,0.1,5,range_scaled,Pitcher,14,Offspeed_Middle,0.125
47,0.1,5,range_scaled,Pitcher,14,Offspeed_Top,0.125
47,0.1,5,range_scaled,Pitcher,14,Offspeed_Chase,0.125
47,0.1,5,range_scaled,Pitcher,15,Fastball_Bottom,0.125
47,0.1,5,range_scaled,Pitcher,15,Fastball_Middle,0.125
47,0.1,5,range_scaled,Pitcher,15,Fastball_Top,0.125
47,0.1,5,range_scaled,Pitcher,15,Fastball_Chase,0.125
47,0.1,5,range_scaled,Pitcher,15,Offspeed_Bottom,0.125
47,0.1,5,range_scaled,Pitcher,15,Offspeed_Middle,0.125
47,0.1,5,range_scaled,Pitcher,15,Offspeed_Top,0.125
47,0.1,5,range_scaled,Pitcher,15,Offspeed_Chase,0.125
47,0.1,5,range_scaled,Pitcher,16,Fastball_Bottom,1.0
47,0.1,5,range_scaled,Pitcher,16,Fastball_Middle,0.0
47,0.1,5,range_scaled,Pitcher,16,Fastball_Top,0.0
47,0.1,5,range_scaled,Pitcher,16,Fastball_Chase,0.0
47,0.1,5,range_scaled,Pitcher,16,Offspeed_Bottom,0.0
47,0.1,5,range_scaled,Pitcher,16,Offspeed_Middle,0.0
47,0.1,5,range_scaled,Pitcher,16,Offspeed_Top,0.0
47,0.1,5,range_scaled,Pitcher,16,Offspeed_Chase,0.0
47,0.1,5,range_scaled,Pitcher,17,Fastball_Bottom,0.0
47,0.1,5,range_scaled,Pitcher,17,Fastball_Middle,0.0
47,0.1,5,range_scaled,Pitcher,17,Fastball_Top,0.0
47,0.1,5,range_scaled,Pitcher,17,Fastball_Chase,0.0
47,0.1,5,range_scaled,Pitcher,17,Offspeed_Bottom,0.0
47,0.1,5,range_scaled,Pitcher,17,Offspeed_Middle,0.0
47,0.1,5,range_scaled,Pitcher,17,Offspeed_Top,1.0
47,0.1,5,range_scaled,Pitcher,17,Offspeed_Chase,0.0
48,0.1,6,range_scaled,Batter,1,Swing,0.14115051585708338
48,0.1,6,range_scaled,Batter,1,Take,0.8588494841429166
48,0.1,6,range_scaled,Batter,2,Swing,1.0
48,0.1,6,range_scaled,Batter,2,Take,0.0
48,0.1,6,range_scaled,Batter,3,Swing,0.0
48,0.1,6,range_scaled,Batter,3,Take,1.0
48,0.1,6,range_scaled,Batter,4,Swing,1.0
48,0.1,6,range_scaled,Batter,4,Take,0.0
48,0.1,6,range_scaled,Batter,5,Swing,0.6348971043192678
48,0.1,6,range_scaled,Batter,5,Take,0.3651028956807321
48,0.1,6,range_scaled,Batter,6,Swing,1.0
48,0.1,6,range_scaled,Batter,6,Take,0.0
48,0.1,6,range_scaled,Batter,7,Swing,1.0
48,0.1,6,range_scaled,Batter,7,Take,0.0
48,0.1,6,range_scaled,Batter,8,Swing,1.0
48,0.1,6,range_scaled,Batter,8,Take,0.0
48,0.1,6,range_scaled,Batter,9,Swing,0.8405389375509249
48,0.1,6,range_scaled,Batter,9,Take,0.15946106244907512
48,0.1,6,range_scaled,Batter,10,Swing,1.0
48,0.1,6,range_scaled,Batter,10,Take,0.0
48,0.1,6,range_scaled,Batter,11,Swing,1.0
48,0.1,6,range_scaled,Batter,11,Take,0.0
48,0.1,6,range_scaled,Batter,12,Swing,1.0
48,0.1,6,range_scaled,Batter,12,Take,0.0
48,0.1,6,range_scaled,Batter,13,Swing,1.0
48,0.1,6,range_scaled,Batter,13,Take,0.0
48,0.1,6,range_scaled,Batter,14,Swing,1.0
48,0.1,6,range_scaled,Batter,14,Take,0.0
48,0.1,6,range_scaled,Batter,15,Swing,0.9150144221752899
48,0.1,6,range_scaled,Batter,15,Take,0.08498557782471007
48,0.1,6,range_scaled,Batter,16,Swing,1.0
48,0.1,6,range_scaled,Batter,16,Take,0.0
48,0.1,6,range_scaled,Batter,17,Swing,1.0
48,0.1,6,range_scaled,Batter,17,Take,0.0
48,0.1,6,range_scaled,Pitcher,1,Fastball_Bottom,0.0
48,0.1,6,range_scaled,Pitcher,1,Fastball_Middle,0.10997385259179937
48,0.1,6,range_scaled,Pitcher,1,Fastball_Top,0.0
48,0.1,6,range_scaled,Pitcher,1,Fastball_Chase,0.0
48,0.1,6,range_scaled,Pitcher,1,Offspeed_Bottom,0.0
48,0.1,6,range_scaled,Pitcher,1,Offspeed_Middle,0.0
48,0.1,6,range_scaled,Pitcher,1,Offspeed_Top,0.8900261474082006
48,0.1,6,range_scaled,Pitcher,1,Offspeed_Chase,0.0
48,0.1,6,range_scaled,Pitcher,2,Fastball_Bottom,0.125
48,0.1,6,range_scaled,Pitcher,2,Fastball_Middle,0.125
48,0.1,6,range_scaled,Pitcher,2,Fastball_Top,0.125
48,0.1,6,range_scaled,Pitcher,2,Fastball_Chase,0.125
48,0.1,6,range_scaled,Pitcher,2,Offspeed_Bottom,0.125
48,0.1,6,range_scaled,Pitcher,2,Offspeed_Middle,0.125
48,0.1,6,range_scaled,Pitcher,2,Offspeed_Top,0.125
48,0.1,6,range_scaled,Pitcher,2,Offspeed_Chase,0.125
48,0.1,6,range_scaled,Pitcher,3,Fastball_Bottom,0.125
48,0.1,6,range_scaled,Pitcher,3,Fastball_Middle,0.125
48,0.1,6,range_scaled,Pitcher,3,Fastball_Top,0.125
48,0.1,6,range_scaled,Pitcher,3,Fastball_Chase,0.125
48,0.1,6,range_scaled,Pitcher,3,Offspeed_Bottom,0.125
48,0.1,6,range_scaled,Pitcher,3,Offspeed_Middle,0.125
48,0.1,6,range_scaled,Pitcher,3,Offspeed_Top,0.125
48,0.1,6,range_scaled,Pitcher,3,Offspeed_Chase,0.125
48,0.1,6,range_scaled,Pitcher,4,Fastball_Bottom,1.0
48,0.1,6,range_scaled,Pitcher,4,Fastball_Middle,0.0
48,0.1,6,range_scaled,Pitcher,4,Fastball_Top,0.0
48,0.1,6,range_scaled,Pitcher,4,Fastball_Chase,0.0
48,0.1,6,range_scaled,Pitcher,4,Offspeed_Bottom,0.0
48,0.1,6,range_scaled,Pitcher,4,Offspeed_Middle,0.0
48,0.1,6,range_scaled,Pitcher,4,Offspeed_Top,0.0
48,0.1,6,range_scaled,Pitcher,4,Offspeed_Chase,0.0
48,0.1,6,range_scaled,Pitcher,5,Fastball_Bottom,0.45556357786567053
48,0.1,6,range_scaled,Pitcher,5,Fastball_Middle,0.0
48,0.1,6,range_scaled,Pitcher,5,Fastball_Top,0.0
48,0.1,6,range_scaled,Pitcher,5,Fastball_Chase,0.0
48,0.1,6,range_scaled,Pitcher,5,Offspeed_Bottom,0.0
48,0.1,6,range_scaled,Pitcher,5,Offspeed_Middle,0.0
48,0.1,6,range_scaled,Pitcher,5,Offspeed_Top,0.0
48,0.1,6,range_scaled,Pitcher,5,Offspeed_Chase,0.5444364221343295
48,0.1,6,range_scaled,Pitcher,6,Fastball_Bottom,0.125
48,0.1,6,range_scaled,Pitcher,6,Fastball_Middle,0.125
48,0.1,6,range_scaled,Pitcher,6,Fastball_Top,0.125
48,0.1,6,range_scaled,Pitcher,6,Fastball_Chase,0.125
48,0.1,6,range_scaled,Pitcher,6,Offspeed_Bottom,0.125
48,0.1,6,range_scaled,Pitcher,6,Offspeed_Middle,0.125
48,0.1,6,range_scaled,Pitcher,6,Offspeed_Top,0.125
48,0.1,6,range_scaled,Pitcher,6,Offspeed_Chase,0.125
48,0.1,6,range_scaled,Pitcher,7,Fastball_Bottom,0.125
48,0.1,6,range_scaled,Pitcher,7,Fastball_Middle,0.125
48,0.1,6,range_scaled,Pitcher,7,Fastball_Top,0.125
48,0.1,6,range_scaled,Pitcher,7,Fastball_Chase,0.125
48,0.1,6,range_scaled,Pitcher,7,Offspeed_Bottom,0.125
48,0.1,6,range_scaled,Pitcher,7,Offspeed_Middle,0.125
48,0.1,6,range_scaled,Pitcher,7,Offspeed_Top,0.125
48,0.1,6,range_scaled,Pitcher,7,Offspeed_Chase,0.125
48,0.1,6,range_scaled,Pitcher,8,Fastball_Bottom,0.125
48,0.1,6,range_scaled,Pitcher,8,Fastball_Middle,0.125
48,0.1,6,range_scaled,Pitcher,8,Fastball_Top,0.125
48,0.1,6,range_scaled,Pitcher,8,Fastball_Chase,0.125
48,0.1,6,range_scaled,Pitcher,8,Offspeed_Bottom,0.125
48,0.1,6,range_scaled,Pitcher,8,Offspeed_Middle,0.125
48,0.1,6,range_scaled,Pitcher,8,Offspeed_Top,0.125
48,0.1,6,range_scaled,Pitcher,8,Offspeed_Chase,0.125
48,0.1,6,range_scaled,Pitcher,9,Fastball_Bottom,0.125
48,0.1,6,range_scaled,Pitcher,9,Fastball_Middle,0.125
48,0.1,6,range_scaled,Pitcher,9,Fastball_Top,0.125
48,0.1,6,range_scaled,Pitcher,9,Fastball_Chase,0.125
48,0.1,6,range_scaled,Pitcher,9,Offspeed_Bottom,0.125
48,0.1,6,range_scaled,Pitcher,9,Offspeed_Middle,0.125
48,0.1,6,range_scaled,Pitcher,9,Offspeed_Top,0.125
48,0.1,6,range_scaled,Pitcher,9,Offspeed_Chase,0.125
48,0.1,6,range_scaled,Pitcher,10,Fastball_Bottom,0.125
48,0.1,6,range_scaled,Pitcher,10,Fastball_Middle,0.125
48,0.1,6,range_scaled,Pitcher,10,Fastball_Top,0.125
48,0.1,6,range_scaled,Pitcher,10,Fastball_Chase,0.125
48,0.1,6,range_scaled,Pitcher,10,Offspeed_Bottom,0.125
48,0.1,6,range_scaled,Pitcher,10,Offspeed_Middle,0.125
48,0.1,6,range_scaled,Pitcher,10,Offspeed_Top,0.125
48,0.1,6,range_scaled,Pitcher,10,Offspeed_Chase,0.125
48,0.1,6,range_scaled,Pitcher,11,Fastball_Bottom,0.125
48,0.1,6,range_scaled,Pitcher,11,Fastball_Middle,0.125
48,0.1,6,range_scaled,Pitcher,11,Fastball_Top,0.125
48,0.1,6,range_scaled,Pitcher,11,Fastball_Chase,0.125
48,0.1,6,range_scaled,Pitcher,11,Offspeed_Bottom,0.125
48,0.1,6,range_scaled,Pitcher,11,Offspeed_Middle,0.125
48,0.1,6,range_scaled,Pitcher,11,Offspeed_Top,0.125
48,0.1,6,range_scaled,Pitcher,11,Offspeed_Chase,0.125
48,0.1,6,range_scaled,Pitcher,12,Fastball_Bottom,0.125
48,0.1,6,range_scaled,Pitcher,12,Fastball_Middle,0.125
48,0.1,6,range_scaled,Pitcher,12,Fastball_Top,0.125
48,0.1,6,range_scaled,Pitcher,12,Fastball_Chase,0.125
48,0.1,6,range_scaled,Pitcher,12,Offspeed_Bottom,0.125
48,0.1,6,range_scaled,Pitcher,12,Offspeed_Middle,0.125
48,0.1,6,range_scaled,Pitcher,12,Offspeed_Top,0.125
48,0.1,6,range_scaled,Pitcher,12,Offspeed_Chase,0.125
48,0.1,6,range_scaled,Pitcher,13,Fastball_Bottom,0.125
48,0.1,6,range_scaled,Pitcher,13,Fastball_Middle,0.125
48,0.1,6,range_scaled,Pitcher,13,Fastball_Top,0.125
48,0.1,6,range_scaled,Pitcher,13,Fastball_Chase,0.125
48,0.1,6,range_scaled,Pitcher,13,Offspeed_Bottom,0.125
48,0.1,6,range_scaled,Pitcher,13,Offspeed_Middle,0.125
48,0.1,6,range_scaled,Pitcher,13,Offspeed_Top,0.125
48,0.1,6,range_scaled,Pitcher,13,Offspeed_Chase,0.125
48,0.1,6,range_scaled,Pitcher,14,Fastball_Bottom,1.0
48,0.1,6,range_scaled,Pitcher,14,Fastball_Middle,0.0
48,0.1,6,range_scaled,Pitcher,14,Fastball_Top,0.0
48,0.1,6,range_scaled,Pitcher,14,Fastball_Chase,0.0
48,0.1,6,range_scaled,Pitcher,14,Offspeed_Bottom,0.0
48,0.1,6,range_scaled,Pitcher,14,Offspeed_Middle,0.0
48,0.1,6,range_scaled,Pitcher,14,Offspeed_Top,0.0
48,0.1,6,range_scaled,Pitcher,14,Offspeed_Chase,0.0
48,0.1,6,range_scaled,Pitcher,15,Fastball_Bottom,0.0
48,0.1,6,range_scaled,Pitcher,15,Fastball_Middle,0.0
48,0.1,6,range_scaled,Pitcher,15,Fastball_Top,0.8142621068193583
48,0.1,6,range_scaled,Pitcher,15,Fastball_Chase,0.18573789318064177
48,0.1,6,range_scaled,Pitcher,15,Offspeed_Bottom,0.0
48,0.1,6,range_scaled,Pitcher,15,Offspeed_Middle,0.0
48,0.1,6,range_scaled,Pitcher,15,Offspeed_Top,0.0
48,0.1,6,range_scaled,Pitcher,15,Offspeed_Chase,0.0
48,0.1,6,range_scaled,Pitcher,16,Fastball_Bottom,0.125
48,0.1,6,range_scaled,Pitcher,16,Fastball_Middle,0.125
48,0.1,6,range_scaled,Pitcher,16,Fastball_Top,0.125
48,0.1,6,range_scaled,Pitcher,16,Fastball_Chase,0.125
48,0.1,6,range_scaled,Pitcher,16,Offspeed_Bottom,0.125
48,0.1,6,range_scaled,Pitcher,16,Offspeed_Middle,0.125
48,0.1,6,range_scaled,Pitcher,16,Offspeed_Top,0.125
48,0.1,6,range_scaled,Pitcher,16,Offspeed_Chase,0.125
48,0.1,6,range_scaled,Pitcher,17,Fastball_Bottom,0.125
48,0.1,6,range_scaled,Pitcher,17,Fastball_Middle,0.125
48,0.1,6,range_scaled,Pitcher,17,Fastball_Top,0.125
48,0.1,6,range_scaled,Pitcher,17,Fastball_Chase,0.125
48,0.1,6,range_scaled,Pitcher,17,Offspeed_Bottom,0.125
48,0.1,6,range_scaled,Pitcher,17,Offspeed_Middle,0.125
48,0.1,6,range_scaled,Pitcher,17,Offspeed_Top,0.125
48,0.1,6,range_scaled,Pitcher,17,Offspeed_Chase,0.125
49,0.1,7,range_scaled,Batter,1,Swing,0.5612802527586396
49,0.1,7,range_scaled,Batter,1,Take,0.4387197472413604
49,0.1,7,range_scaled,Batter,2,Swing,1.0
49,0.1,7,range_scaled,Batter,2,Take,0.0
49,0.1,7,range_scaled,Batter,3,Swing,1.0
49,0.1,7,range_scaled,Batter,3,Take,0.0
49,0.1,7,range_scaled,Batter,4,Swing,1.0
49,0.1,7,range_scaled,Batter,4,Take,0.0
49,0.1,7,range_scaled,Batter,5,Swing,0.0
49,0.1,7,range_scaled,Batter,5,Take,1.0
49,0.1,7,range_scaled,Batter,6,Swing,1.0
49,0.1,7,range_scaled,Batter,6,Take,0.0
49,0.1,7,range_scaled,Batter,7,Swing,0.41812837218141163
49,0.1,7,range_scaled,Batter,7,Take,0.5818716278185883
49,0.1,7,range_scaled,Batter,8,Swing,1.0
49,0.1,7,range_scaled,Batter,8,Take,0.0
49,0.1,7,range_scaled,Batter,9,Swing,1.0
49,0.1,7,range_scaled,Batter,9,Take,0.0
49,0.1,7,range_scaled,Batter,10,Swing,1.0
49,0.1,7,range_scaled,Batter,10,Take,0.0
49,0.1,7,range_scaled,Batter,11,Swing,0.0
49,0.1,7,range_scaled,Batter,11,Take,1.0
49,0.1,7,range_scaled,Batter,12,Swing,1.0
49,0.1,7,range_scaled,Batter,12,Take,0.0
49,0.1,7,range_scaled,Batter,13,Swing,1.0
49,0.1,7,range_scaled,Batter,13,Take,0.0
49,0.1,7,range_scaled,Batter,14,Swing,1.0
49,0.1,7,range_scaled,Batter,14,Take,0.0
49,0.1,7,range_scaled,Batter,15,Swing,1.0
49,0.1,7,range_scaled,Batter,15,Take,0.0
49,0.1,7,range_scaled,Batter,16,Swing,1.0
49,0.1,7,range_scaled,Batter,16,Take,0.0
49,0.1,7,range_scaled,Batter,17,Swing,0.0
49,0.1,7,range_scaled,Batter,17,Take,1.0
49,0.1,7,range_scaled,Pitcher,1,Fastball_Bottom,0.0
49,0.1,7,range_scaled,Pitcher,1,Fastball_Middle,0.0
49,0.1,7,range_scaled,Pitcher,1,Fastball_Top,0.8513331575371392
49,0.1,7,range_scaled,Pitcher,1,Fastball_Chase,0.0
49,0.1,7,range_scaled,Pitcher,1,Offspeed_Bottom,0.0
49,0.1,7,range_scaled,Pitcher,1,Offspeed_Middle,0.0
49,0.1,7,range_scaled,Pitcher,1,Offspeed_Top,0.14866684246286077
49,0.1,7,range_scaled,Pitcher,1,Offspeed_Chase,0.0
49,0.1,7,range_scaled,Pitcher,2,Fastball_Bottom,0.125
49,0.1,7,range_scaled,Pitcher,2,Fastball_Middle,0.125
49,0.1,7,range_scaled,Pitcher,2,Fastball_Top,0.125
49,0.1,7,range_scaled,Pitcher,2,Fastball_Chase,0.125
49,0.1,7,range_scaled,Pitcher,2,Offspeed_Bottom,0.125
49,0.1,7,range_scaled,Pitcher,2,Offspeed_Middle,0.125
49,0.1,7,range_scaled,Pitcher,2,Offspeed_Top,0.125
49,0.1,7,range_scaled,Pitcher,2,Offspeed_Chase,0.125
49,0.1,7,range_scaled,Pitcher,3,Fastball_Bottom,0.125
49,0.1,7,range_scaled,Pitcher,3,Fastball_Middle,0.125
49,0.1,7,range_scaled,Pitcher,3,Fastball_Top,0.125
49,0.1,7,range_scaled,Pitcher,3,Fastball_Chase,0.125
49,0.1,7,range_scaled,Pitcher,3,Offspeed_Bottom,0.125
49,0.1,7,range_scaled,Pitcher,3,Offspeed_Middle,0.125
49,0.1,7,range_scaled,Pitcher,3,Offspeed_Top,0.125
49,0.1,7,range_scaled,Pitcher,3,Offspeed_Chase,0.125
49,0.1,7,range_scaled,Pitcher,4,Fastball_Bottom,0.125
49,0.1,7,range_scaled,Pitcher,4,Fastball_Middle,0.125
49,0.1,7,range_scaled,Pitcher,4,Fastball_Top,0.125
49,0.1,7,range_scaled,Pitcher,4,Fastball_Chase,0.125
49,0.1,7,range_scaled,Pitcher,4,Offspeed_Bottom,0.125
49,0.1,7,range_scaled,Pitcher,4,Offspeed_Middle,0.125
49,0.1,7,range_scaled,Pitcher,4,Offspeed_Top,0.125
49,0.1,7,range_scaled,Pitcher,4,Offspeed_Chase,0.125
49,0.1,7,range_scaled,Pitcher,5,Fastball_Bottom,0.125
49,0.1,7,range_scaled,Pitcher,5,Fastball_Middle,0.125
49,0.1,7,range_scaled,Pitcher,5,Fastball_Top,0.125
49,0.1,7,range_scaled,Pitcher,5,Fastball_Chase,0.125
49,0.1,7,range_scaled,Pitcher,5,Offspeed_Bottom,0.125
49,0.1,7,range_scaled,Pitcher,5,Offspeed_Middle,0.125
49,0.1,7,range_scaled,Pitcher,5,Offspeed_Top,0.125
49,0.1,7,range_scaled,Pitcher,5,Offspeed_Chase,0.125
49,0.1,7,range_scaled,Pitcher,6,Fastball_Bottom,1.0
49,0.1,7,range_scaled,Pitcher,6,Fastball_Middle,0.0
49,0.1,7,range_scaled,Pitcher,6,Fastball_Top,0.0
49,0.1,7,range_scaled,Pitcher,6,Fastball_Chase,0.0
49,0.1,7,range_scaled,Pitcher,6,Offspeed_Bottom,0.0
49,0.1,7,range_scaled,Pitcher,6,Offspeed_Middle,0.0
49,0.1,7,range_scaled,Pitcher,6,Offspeed_Top,0.0
49,0.1,7,range_scaled,Pitcher,6,Offspeed_Chase,0.0
49,0.1,7,range_scaled,Pitcher,7,Fastball_Bottom,0.0
49,0.1,7,range_scaled,Pitcher,7,Fastball_Middle,0.26521477607029426
49,0.1,7,range_scaled,Pitcher,7,Fastball_Top,0.0
49,0.1,7,range_scaled,Pitcher,7,Fastball_Chase,0.0
49,0.1,7,range_scaled,Pitcher,7,Offspeed_Bottom,0.0
49,0.1,7,range_scaled,Pitcher,7,Offspeed_Middle,0.0
49,0.1,7,range_scaled,Pitcher,7,Offspeed_Top,0.7347852239297057
49,0.1,7,range_scaled,Pitcher,7,Offspeed_Chase,0.0
49,0.1,7,range_scaled,Pitcher,8,Fastball_Bottom,0.125
49,0.1,7,range_scaled,Pitcher,8,Fastball_Middle,0.125
49,0.1,7,range_scaled,Pitcher,8,Fastball_Top,0.125
49,0.1,7,range_scaled,Pitcher,8,Fastball_Chase,0.125
49,0.1,7,range_scaled,Pitcher,8,Offspeed_Bottom,0.125
49,0.1,7,range_scaled,Pitcher,8,Offspeed_Middle,0.125
49,0.1,7,range_scaled,Pitcher,8,Offspeed_Top,0.125
49,0.1,7,range_scaled,Pitcher,8,Offspeed_Chase,0.125
49,0.1,7,range_scaled,Pitcher,9,Fastball_Bottom,0.125
49,0.1,7,range_scaled,Pitcher,9,Fastball_Middle,0.125
49,0.1,7,range_scaled,Pitcher,9,Fastball_Top,0.125
49,0.1,7,range_scaled,Pitcher,9,Fastball_Chase,0.125
49,0.1,7,range_scaled,Pitcher,9,Offspeed_Bottom,0.125
49,0.1,7,range_scaled,Pitcher,9,Offspeed_Middle,0.125
49,0.1,7,range_scaled,Pitcher,9,Offspeed_Top,0.125
49,0.1,7,range_scaled,Pitcher,9,Offspeed_Chase,0.125
49,0.1,7,range_scaled,Pitcher,10,Fastball_Bottom,0.125
49,0.1,7,range_scaled,Pitcher,10,Fastball_Middle,0.125
49,0.1,7,range_scaled,Pitcher,10,Fastball_Top,0.125
49,0.1,7,range_scaled,Pitcher,10,Fastball_Chase,0.125
49,0.1,7,range_scaled,Pitcher,10,Offspeed_Bottom,0.125
49,0.1,7,range_scaled,Pitcher,10,Offspeed_Middle,0.125
49,0.1,7,range_scaled,Pitcher,10,Offspeed_Top,0.125
49,0.1,7,range_scaled,Pitcher,10,Offspeed_Chase,0.125
49,0.1,7,range_scaled,Pitcher,11,Fastball_Bottom,0.125
49,0.1,7,range_scaled,Pitcher,11,Fastball_Middle,0.125
49,0.1,7,range_scaled,Pitcher,11,Fastball_Top,0.125
49,0.1,7,range_scaled,Pitcher,11,Fastball_Chase,0.125
49,0.1,7,range_scaled,Pitcher,11,Offspeed_Bottom,0.125
49,0.1,7,range_scaled,Pitcher,11,Offspeed_Middle,0.125
49,0.1,7,range_scaled,Pitcher,11,Offspeed_Top,0.125
49,0.1,7,range_scaled,Pitcher,11,Offspeed_Chase,0.125
49,0.1,7,range_scaled,Pitcher,12,Fastball_Bottom,0.125
49,0.1,7,range_scaled,Pitcher,12,Fastball_Middle,0.125
49,0.1,7,range_scaled,Pitcher,12,Fastball_Top,0.125
49,0.1,7,range_scaled,Pitcher,12,Fastball_Chase,0.125
49,0.1,7,range_scaled,Pitcher,12,Offspeed_Bottom,0.125
49,0.1,7,range_scaled,Pitcher,12,Offspeed_Middle,0.125
49,0.1,7,range_scaled,Pitcher,12,Offspeed_Top,0.125
49,0.1,7,range_scaled,Pitcher,12,Offspeed_Chase,0.125
49,0.1,7,range_scaled,Pitcher,13,Fastball_Bottom,0.125
49,0.1,7,range_scaled,Pitcher,13,Fastball_Middle,0.125
49,0.1,7,range_scaled,Pitcher,13,Fastball_Top,0.125
49,0.1,7,range_scaled,Pitcher,13,Fastball_Chase,0.125
49,0.1,7,range_scaled,Pitcher,13,Offspeed_Bottom,0.125
49,0.1,7,range_scaled,Pitcher,13,Offspeed_Middle,0.125
49,0.1,7,range_scaled,Pitcher,13,Offspeed_Top,0.125
49,0.1,7,range_scaled,Pitcher,13,Offspeed_Chase,0.125
49,0.1,7,range_scaled,Pitcher,14,Fastball_Bottom,1.0
49,0.1,7,range_scaled,Pitcher,14,Fastball_Middle,0.0
49,0.1,7,range_scaled,Pitcher,14,Fastball_Top,0.0
49,0.1,7,range_scaled,Pitcher,14,Fastball_Chase,0.0
49,0.1,7,range_scaled,Pitcher,14,Offspeed_Bottom,0.0
49,0.1,7,range_scaled,Pitcher,14,Offspeed_Middle,0.0
49,0.1,7,range_scaled,Pitcher,14,Offspeed_Top,0.0
49,0.1,7,range_scaled,Pitcher,14,Offspeed_Chase,0.0
49,0.1,7,range_scaled,Pitcher,15,Fastball_Bottom,0.0
49,0.1,7,range_scaled,Pitcher,15,Fastball_Middle,1.0
49,0.1,7,range_scaled,Pitcher,15,Fastball_Top,0.0
49,0.1,7,range_scaled,Pitcher,15,Fastball_Chase,0.0
49,0.1,7,range_scaled,Pitcher,15,Offspeed_Bottom,0.0
49,0.1,7,range_scaled,Pitcher,15,Offspeed_Middle,0.0
49,0.1,7,range_scaled,Pitcher,15,Offspeed_Top,0.0
49,0.1,7,range_scaled,Pitcher,15,Offspeed_Chase,0.0
49,0.1,7,range_scaled,Pitcher,16,Fastball_Bottom,0.125
49,0.1,7,range_scaled,Pitcher,16,Fastball_Middle,0.125
49,0.1,7,range_scaled,Pitcher,16,Fastball_Top,0.125
49,0.1,7,range_scaled,Pitcher,16,Fastball_Chase,0.125
49,0.1,7,range_scaled,Pitcher,16,Offspeed_Bottom,0.125
49,0.1,7,range_scaled,Pitcher,16,Offspeed_Middle,0.125
49,0.1,7,range_scaled,Pitcher,16,Offspeed_Top,0.125
49,0.1,7,range_scaled,Pitcher,16,Offspeed_Chase,0.125
49,0.1,7,range_scaled,Pitcher,17,Fastball_Bottom,0.125
49,0.1,7,range_scaled,Pitcher,17,Fastball_Middle,0.125
49,0.1,7,range_scaled,Pitcher,17,Fastball_Top,0.125
49,0.1,7,range_scaled,Pitcher,17,Fastball_Chase,0.125
49,0.1,7,range_scaled,Pitcher,17,Offspeed_Bottom,0.125
49,0.1,7,range_scaled,Pitcher,17,Offspeed_Middle,0.125
49,0.1,7,range_scaled,Pitcher,17,Offspeed_Top,0.125
49,0.1,7,range_scaled,Pitcher,17,Offspeed_Chase,0.125
50,0.1,8,range_scaled,Batter,1,Swing,0.9291898500680276
50,0.1,8,range_scaled,Batter,1,Take,0.07081014993197246
50,0.1,8,range_scaled,Batter,2,Swing,1.0
50,0.1,8,range_scaled,Batter,2,Take,0.0
50,0.1,8,range_scaled,Batter,3,Swing,1.0
50,0.1,8,range_scaled,Batter,3,Take,0.0
50,0.1,8,range_scaled,Batter,4,Swing,1.0
50,0.1,8,range_scaled,Batter,4,Take,0.0
50,0.1,8,range_scaled,Batter,5,Swing,1.0
50,0.1,8,range_scaled,Batter,5,Take,0.0
50,0.1,8,range_scaled,Batter,6,Swing,1.0
50,0.1,8,range_scaled,Batter,6,Take,0.0
50,0.1,8,range_scaled,Batter,7,Swing,0.362608677407308
50,0.1,8,range_scaled,Batter,7,Take,0.6373913225926919
50,0.1,8,range_scaled,Batter,8,Swing,1.0
50,0.1,8,range_scaled,Batter,8,Take,0.0
50,0.1,8,range_scaled,Batter,9,Swing,1.0
50,0.1,8,range_scaled,Batter,9,Take,0.0
50,0.1,8,range_scaled,Batter,10,Swing,1.0
50,0.1,8,range_scaled,Batter,10,Take,0.0
50,0.1,8,range_scaled,Batter,11,Swing,1.0
50,0.1,8,range_scaled,Batter,11,Take,0.0
50,0.1,8,range_scaled,Batter,12,Swing,1.0
50,0.1,8,range_scaled,Batter,12,Take,0.0
50,0.1,8,range_scaled,Batter,13,Swing,1.0
50,0.1,8,range_scaled,Batter,13,Take,0.0
50,0.1,8,range_scaled,Batter,14,Swing,1.0
50,0.1,8,range_scaled,Batter,14,Take,0.0
50,0.1,8,range_scaled,Batter,15,Swing,1.0
50,0.1,8,range_scaled,Batter,15,Take,0.0
50,0.1,8,range_scaled,Batter,16,Swing,1.0
50,0.1,8,range_scaled,Batter,16,Take,0.0
50,0.1,8,range_scaled,Batter,17,Swing,0.9387750339795614
50,0.1,8,range_scaled,Batter,17,Take,0.061224966020438594
50,0.1,8,range_scaled,Pitcher,1,Fastball_Bottom,0.0
50,0.1,8,range_scaled,Pitcher,1,Fastball_Middle,0.0
50,0.1,8,range_scaled,Pitcher,1,Fastball_Top,0.0373484387896047
50,0.1,8,range_scaled,Pitcher,1,Fastball_Chase,0.0
50,0.1,8,range_scaled,Pitcher,1,Offspeed_Bottom,0.0
50,0.1,8,range_scaled,Pitcher,1,Offspeed_Middle,0.0
50,0.1,8,range_scaled,Pitcher,1,Offspeed_Top,0.0
50,0.1,8,range_scaled,Pitcher,1,Offspeed_Chase,0.9626515612103953
50,0.1,8,range_scaled,Pitcher,2,Fastball_Bottom,0.125
50,0.1,8,range_scaled,Pitcher,2,Fastball_Middle,0.125
50,0.1,8,range_scaled,Pitcher,2,Fastball_Top,0.125
50,0.1,8,range_scaled,Pitcher,2,Fastball_Chase,0.125
50,0.1,8,range_scaled,Pitcher,2,Offspeed_Bottom,0.125
50,0.1,8,range_scaled,Pitcher,2,Offspeed_Middle,0.125
50,0.1,8,range_scaled,Pitcher,2,Offspeed_Top,0.125
50,0.1,8,range_scaled,Pitcher,2,Offspeed_Chase,0.125
50,0.1,8,range_scaled,Pitcher,3,Fastball_Bottom,0.125
50,0.1,8,range_scaled,Pitcher,3,Fastball_Middle,0.125
50,0.1,8,range_scaled,Pitcher,3,Fastball_Top,0.125
50,0.1,8,range_scaled,Pitcher,3,Fastball_Chase,0.125
50,0.1,8,range_scaled,Pitcher,3,Offspeed_Bottom,0.125
50,0.1,8,range_scaled,Pitcher,3,Offspeed_Middle,0.125
50,0.1,8,range_scaled,Pitcher,3,Offspeed_Top,0.125
50,0.1,8,range_scaled,Pitcher,3,Offspeed_Chase,0.125
50,0.1,8,range_scaled,Pitcher,4,Fastball_Bottom,0.125
50,0.1,8,range_scaled,Pitcher,4,Fastball_Middle,0.125
50,0.1,8,range_scaled,Pitcher,4,Fastball_Top,0.125
50,0.1,8,range_scaled,Pitcher,4,Fastball_Chase,0.125
50,0.1,8,range_scaled,Pitcher,4,Offspeed_Bottom,0.125
50,0.1,8,range_scaled,Pitcher,4,Offspeed_Middle,0.125
50,0.1,8,range_scaled,Pitcher,4,Offspeed_Top,0.125
50,0.1,8,range_scaled,Pitcher,4,Offspeed_Chase,0.125
50,0.1,8,range_scaled,Pitcher,5,Fastball_Bottom,0.125
50,0.1,8,range_scaled,Pitcher,5,Fastball_Middle,0.125
50,0.1,8,range_scaled,Pitcher,5,Fastball_Top,0.125
50,0.1,8,range_scaled,Pitcher,5,Fastball_Chase,0.125
50,0.1,8,range_scaled,Pitcher,5,Offspeed_Bottom,0.125
50,0.1,8,range_scaled,Pitcher,5,Offspeed_Middle,0.125
50,0.1,8,range_scaled,Pitcher,5,Offspeed_Top,0.125
50,0.1,8,range_scaled,Pitcher,5,Offspeed_Chase,0.125
50,0.1,8,range_scaled,Pitcher,6,Fastball_Bottom,1.0
50,0.1,8,range_scaled,Pitcher,6,Fastball_Middle,0.0
50,0.1,8,range_scaled,Pitcher,6,Fastball_Top,0.0
50,0.1,8,range_scaled,Pitcher,6,Fastball_Chase,0.0
50,0.1,8,range_scaled,Pitcher,6,Offspeed_Bottom,0.0
50,0.1,8,range_scaled,Pitcher,6,Offspeed_Middle,0.0
50,0.1,8,range_scaled,Pitcher,6,Offspeed_Top,0.0
50,0.1,8,range_scaled,Pitcher,6,Offspeed_Chase,0.0
50,0.1,8,range_scaled,Pitcher,7,Fastball_Bottom,0.563048312539878
50,0.1,8,range_scaled,Pitcher,7,Fastball_Middle,0.0
50,0.1,8,range_scaled,Pitcher,7,Fastball_Top,0.43695168746012675
50,0.1,8,range_scaled,Pitcher,7,Fastball_Chase,0.0
50,0.1,8,range_scaled,Pitcher,7,Offspeed_Bottom,0.0
50,0.1,8,range_scaled,Pitcher,7,Offspeed_Middle,0.0
50,0.1,8,range_scaled,Pitcher,7,Offspeed_Top,0.0
50,0.1,8,range_scaled,Pitcher,7,Offspeed_Chase,0.0
50,0.1,8,range_scaled,Pitcher,8,Fastball_Bottom,0.125
50,0.1,8,range_scaled,Pitcher,8,Fastball_Middle,0.125
50,0.1,8,range_scaled,Pitcher,8,Fastball_Top,0.125
50,0.1,8,range_scaled,Pitcher,8,Fastball_Chase,0.125
50,0.1,8,range_scaled,Pitcher,8,Offspeed_Bottom,0.125
50,0.1,8,range_scaled,Pitcher,8,Offspeed_Middle,0.125
50,0.1,8,range_scaled,Pitcher,8,Offspeed_Top,0.125
50,0.1,8,range_scaled,Pitcher,8,Offspeed_Chase,0.125
50,0.1,8,range_scaled,Pitcher,9,Fastball_Bottom,0.125
50,0.1,8,range_scaled,Pitcher,9,Fastball_Middle,0.125
50,0.1,8,range_scaled,Pitcher,9,Fastball_Top,0.125
50,0.1,8,range_scaled,Pitcher,9,Fastball_Chase,0.125
50,0.1,8,range_scaled,Pitcher,9,Offspeed_Bottom,0.125
50,0.1,8,range_scaled,Pitcher,9,Offspeed_Middle,0.125
50,0.1,8,range_scaled,Pitcher,9,Offspeed_Top,0.125
50,0.1,8,range_scaled,Pitcher,9,Offspeed_Chase,0.125
50,0.1,8,range_scaled,Pitcher,10,Fastball_Bottom,0.125
50,0.1,8,range_scaled,Pitcher,10,Fastball_Middle,0.125
50,0.1,8,range_scaled,Pitcher,10,Fastball_Top,0.125
50,0.1,8,range_scaled,Pitcher,10,Fastball_Chase,0.125
50,0.1,8,range_scaled,Pitcher,10,Offspeed_Bottom,0.125
50,0.1,8,range_scaled,Pitcher,10,Offspeed_Middle,0.125
50,0.1,8,range_scaled,Pitcher,10,Offspeed_Top,0.125
50,0.1,8,range_scaled,Pitcher,10,Offspeed_Chase,0.125
50,0.1,8,range_scaled,Pitcher,11,Fastball_Bottom,0.125
50,0.1,8,range_scaled,Pitcher,11,Fastball_Middle,0.125
50,0.1,8,range_scaled,Pitcher,11,Fastball_Top,0.125
50,0.1,8,range_scaled,Pitcher,11,Fastball_Chase,0.125
50,0.1,8,range_scaled,Pitcher,11,Offspeed_Bottom,0.125
50,0.1,8,range_scaled,Pitcher,11,Offspeed_Middle,0.125
50,0.1,8,range_scaled,Pitcher,11,Offspeed_Top,0.125
50,0.1,8,range_scaled,Pitcher,11,Offspeed_Chase,0.125
50,0.1,8,range_scaled,Pitcher,12,Fastball_Bottom,0.125
50,0.1,8,range_scaled,Pitcher,12,Fastball_Middle,0.125
50,0.1,8,range_scaled,Pitcher,12,Fastball_Top,0.125
50,0.1,8,range_scaled,Pitcher,12,Fastball_Chase,0.125
50,0.1,8,range_scaled,Pitcher,12,Offspeed_Bottom,0.125
50,0.1,8,range_scaled,Pitcher,12,Offspeed_Middle,0.125
50,0.1,8,range_scaled,Pitcher,12,Offspeed_Top,0.125
50,0.1,8,range_scaled,Pitcher,12,Offspeed_Chase,0.125
50,0.1,8,range_scaled,Pitcher,13,Fastball_Bottom,0.125
50,0.1,8,range_scaled,Pitcher,13,Fastball_Middle,0.125
50,0.1,8,range_scaled,Pitcher,13,Fastball_Top,0.125
50,0.1,8,range_scaled,Pitcher,13,Fastball_Chase,0.125
50,0.1,8,range_scaled,Pitcher,13,Offspeed_Bottom,0.125
50,0.1,8,range_scaled,Pitcher,13,Offspeed_Middle,0.125
50,0.1,8,range_scaled,Pitcher,13,Offspeed_Top,0.125
50,0.1,8,range_scaled,Pitcher,13,Offspeed_Chase,0.125
50,0.1,8,range_scaled,Pitcher,14,Fastball_Bottom,0.125
50,0.1,8,range_scaled,Pitcher,14,Fastball_Middle,0.125
50,0.1,8,range_scaled,Pitcher,14,Fastball_Top,0.125
50,0.1,8,range_scaled,Pitcher,14,Fastball_Chase,0.125
50,0.1,8,range_scaled,Pitcher,14,Offspeed_Bottom,0.125
50,0.1,8,range_scaled,Pitcher,14,Offspeed_Middle,0.125
50,0.1,8,range_scaled,Pitcher,14,Offspeed_Top,0.125
50,0.1,8,range_scaled,Pitcher,14,Offspeed_Chase,0.125
50,0.1,8,range_scaled,Pitcher,15,Fastball_Bottom,0.125
50,0.1,8,range_scaled,Pitcher,15,Fastball_Middle,0.125
50,0.1,8,range_scaled,Pitcher,15,Fastball_Top,0.125
50,0.1,8,range_scaled,Pitcher,15,Fastball_Chase,0.125
50,0.1,8,range_scaled,Pitcher,15,Offspeed_Bottom,0.125
50,0.1,8,range_scaled,Pitcher,15,Offspeed_Middle,0.125
50,0.1,8,range_scaled,Pitcher,15,Offspeed_Top,0.125
50,0.1,8,range_scaled,Pitcher,15,Offspeed_Chase,0.125
50,0.1,8,range_scaled,Pitcher,16,Fastball_Bottom,1.0
50,0.1,8,range_scaled,Pitcher,16,Fastball_Middle,0.0
50,0.1,8,range_scaled,Pitcher,16,Fastball_Top,0.0
50,0.1,8,range_scaled,Pitcher,16,Fastball_Chase,0.0
50,0.1,8,range_scaled,Pitcher,16,Offspeed_Bottom,0.0
50,0.1,8,range_scaled,Pitcher,16,Offspeed_Middle,0.0
50,0.1,8,range_scaled,Pitcher,16,Offspeed_Top,0.0
50,0.1,8,range_scaled,Pitcher,16,Offspeed_Chase,0.0
50,0.1,8,range_scaled,Pitcher,17,Fastball_Bottom,0.0
50,0.1,8,range_scaled,Pitcher,17,Fastball_Middle,0.0
50,0.1,8,range_scaled,Pitcher,17,Fastball_Top,0.47591315510959104
50,0.1,8,range_scaled,Pitcher,17,Fastball_Chase,0.0
50,0.1,8,range_scaled,Pitcher,17,Offspeed_Bottom,0.0
50,0.1,8,range_scaled,Pitcher,17,Offspeed_Middle,0.0
50,0.1,8,range_scaled,Pitcher,17,Offspeed_Top,0.5240868448904089
50,0.1,8,range_scaled,Pitcher,17,Offspeed_Chase,0.0
51,0.1,9,range_scaled,Batter,1,Swing,0.37735651944173976
51,0.1,9,range_scaled,Batter,1,Take,0.6226434805582602
51,0.1,9,range_scaled,Batter,2,Swing,1.0
51,0.1,9,range_scaled,Batter,2,Take,0.0
51,0.1,9,range_scaled,Batter,3,Swing,0.5880181484486493
51,0.1,9,range_scaled,Batter,3,Take,0.4119818515513508
51,0.1,9,range_scaled,Batter,4,Swing,1.0
51,0.1,9,range_scaled,Batter,4,Take,0.0
51,0.1,9,range_scaled,Batter,5,Swing,1.0
51,0.1,9,range_scaled,Batter,5,Take,0.0
51,0.1,9,range_scaled,Batter,6,Swing,1.0
51,0.1,9,range_scaled,Batter,6,Take,0.0
51,0.1,9,range_scaled,Batter,7,Swing,0.0
51,0.1,9,range_scaled,Batter,7,Take,1.0
51,0.1,9,range_scaled,Batter,8,Swing,1.0
51,0.1,9,range_scaled,Batter,8,Take,0.0
51,0.1,9,range_scaled,Batter,9,Swing,1.0
51,0.1,9,range_scaled,Batter,9,Take,0.0
51,0.1,9,range_scaled,Batter,10,Swing,1.0
51,0.1,9,range_scaled,Batter,10,Take,0.0
51,0.1,9,range_scaled,Batter,11,Swing,1.0
51,0.1,9,range_scaled,Batter,11,Take,0.0
51,0.1,9,range_scaled,Batter,12,Swing,1.0
51,0.1,9,range_scaled,Batter,12,Take,0.0
51,0.1,9,range_scaled,Batter,13,Swing,1.0
51,0.1,9,range_scaled,Batter,13,Take,0.0
51,0.1,9,range_scaled,Batter,14,Swing,1.0
51,0.1,9,range_scaled,Batter,14,Take,0.0
51,0.1,9,range_scaled,Batter,15,Swing,1.0
51,0.1,9,range_scaled,Batter,15,Take,0.0
51,0.1,9,range_scaled,Batter,16,Swing,1.0
51,0.1,9,range_scaled,Batter,16,Take,0.0
51,0.1,9,range_scaled,Batter,17,Swing,0.39872737103010036
51,0.1,9,range_scaled,Batter,17,Take,0.6012726289698999
51,0.1,9,range_scaled,Pitcher,1,Fastball_Bottom,0.18843989436569097
51,0.1,9,range_scaled,Pitcher,1,Fastball_Middle,0.0
51,0.1,9,range_scaled,Pitcher,1,Fastball_Top,0.0
51,0.1,9,range_scaled,Pitcher,1,Fastball_Chase,0.0
51,0.1,9,range_scaled,Pitcher,1,Offspeed_Bottom,0.0
51,0.1,9,range_scaled,Pitcher,1,Offspeed_Middle,0.0
51,0.1,9,range_scaled,Pitcher,1,Offspeed_Top,0.0
51,0.1,9,range_scaled,Pitcher,1,Offspeed_Chase,0.811560105634309
51,0.1,9,range_scaled,Pitcher,2,Fastball_Bottom,1.0
51,0.1,9,range_scaled,Pitcher,2,Fastball_Middle,0.0
51,0.1,9,range_scaled,Pitcher,2,Fastball_Top,0.0
51,0.1,9,range_scaled,Pitcher,2,Fastball_Chase,0.0
51,0.1,9,range_scaled,Pitcher,2,Offspeed_Bottom,0.0
51,0.1,9,range_scaled,Pitcher,2,Offspeed_Middle,0.0
51,0.1,9,range_scaled,Pitcher,2,Offspeed_Top,0.0
51,0.1,9,range_scaled,Pitcher,2,Offspeed_Chase,0.0
51,0.1,9,range_scaled,Pitcher,3,Fastball_Bottom,0.0
51,0.1,9,range_scaled,Pitcher,3,Fastball_Middle,0.0
51,0.1,9,range_scaled,Pitcher,3,Fastball_Top,0.5383523623060388
51,0.1,9,range_scaled,Pitcher,3,Fastball_Chase,0.0
51,0.1,9,range_scaled,Pitcher,3,Offspeed_Bottom,0.0
51,0.1,9,range_scaled,Pitcher,3,Offspeed_Middle,0.4616476376939604
51,0.1,9,range_scaled,Pitcher,3,Offspeed_Top,0.0
51,0.1,9,range_scaled,Pitcher,3,Offspeed_Chase,0.0
51,0.1,9,range_scaled,Pitcher,4,Fastball_Bottom,0.125
51,0.1,9,range_scaled,Pitcher,4,Fastball_Middle,0.125
51,0.1,9,range_scaled,Pitcher,4,Fastball_Top,0.125
51,0.1,9,range_scaled,Pitcher,4,Fastball_Chase,0.125
51,0.1,9,range_scaled,Pitcher,4,Offspeed_Bottom,0.125
51,0.1,9,range_scaled,Pitcher,4,Offspeed_Middle,0.125
51,0.1,9,range_scaled,Pitcher,4,Offspeed_Top,0.125
51,0.1,9,range_scaled,Pitcher,4,Offspeed_Chase,0.125
51,0.1,9,range_scaled,Pitcher,5,Fastball_Bottom,0.125
51,0.1,9,range_scaled,Pitcher,5,Fastball_Middle,0.125
51,0.1,9,range_scaled,Pitcher,5,Fastball_Top,0.125
51,0.1,9,range_scaled,Pitcher,5,Fastball_Chase,0.125
51,0.1,9,range_scaled,Pitcher,5,Offspeed_Bottom,0.125
51,0.1,9,range_scaled,Pitcher,5,Offspeed_Middle,0.125
51,0.1,9,range_scaled,Pitcher,5,Offspeed_Top,0.125
51,0.1,9,range_scaled,Pitcher,5,Offspeed_Chase,0.125
51,0.1,9,range_scaled,Pitcher,6,Fastball_Bottom,0.125
51,0.1,9,range_scaled,Pitcher,6,Fastball_Middle,0.125
51,0.1,9,range_scaled,Pitcher,6,Fastball_Top,0.125
51,0.1,9,range_scaled,Pitcher,6,Fastball_Chase,0.125
51,0.1,9,range_scaled,Pitcher,6,Offspeed_Bottom,0.125
51,0.1,9,range_scaled,Pitcher,6,Offspeed_Middle,0.125
51,0.1,9,range_scaled,Pitcher,6,Offspeed_Top,0.125
51,0.1,9,range_scaled,Pitcher,6,Offspeed_Chase,0.125
51,0.1,9,range_scaled,Pitcher,7,Fastball_Bottom,0.125
51,0.1,9,range_scaled,Pitcher,7,Fastball_Middle,0.125
51,0.1,9,range_scaled,Pitcher,7,Fastball_Top,0.125
51,0.1,9,range_scaled,Pitcher,7,Fastball_Chase,0.125
51,0.1,9,range_scaled,Pitcher,7,Offspeed_Bottom,0.125
51,0.1,9,range_scaled,Pitcher,7,Offspeed_Middle,0.125
51,0.1,9,range_scaled,Pitcher,7,Offspeed_Top,0.125
51,0.1,9,range_scaled,Pitcher,7,Offspeed_Chase,0.125
51,0.1,9,range_scaled,Pitcher,8,Fastball_Bottom,0.125
51,0.1,9,range_scaled,Pitcher,8,Fastball_Middle,0.125
51,0.1,9,range_scaled,Pitcher,8,Fastball_Top,0.125
51,0.1,9,range_scaled,Pitcher,8,Fastball_Chase,0.125
51,0.1,9,range_scaled,Pitcher,8,Offspeed_Bottom,0.125
51,0.1,9,range_scaled,Pitcher,8,Offspeed_Middle,0.125
51,0.1,9,range_scaled,Pitcher,8,Offspeed_Top,0.125
51,0.1,9,range_scaled,Pitcher,8,Offspeed_Chase,0.125
51,0.1,9,range_scaled,Pitcher,9,Fastball_Bottom,0.125
51,0.1,9,range_scaled,Pitcher,9,Fastball_Middle,0.125
51,0.1,9,range_scaled,Pitcher,9,Fastball_Top,0.125
51,0.1,9,range_scaled,Pitcher,9,Fastball_Chase,0.125
51,0.1,9,range_scaled,Pitcher,9,Offspeed_Bottom,0.125
51,0.1,9,range_scaled,Pitcher,9,Offspeed_Middle,0.125
51,0.1,9,range_scaled,Pitcher,9,Offspeed_Top,0.125
51,0.1,9,range_scaled,Pitcher,9,Offspeed_Chase,0.125
51,0.1,9,range_scaled,Pitcher,10,Fastball_Bottom,0.125
51,0.1,9,range_scaled,Pitcher,10,Fastball_Middle,0.125
51,0.1,9,range_scaled,Pitcher,10,Fastball_Top,0.125
51,0.1,9,range_scaled,Pitcher,10,Fastball_Chase,0.125
51,0.1,9,range_scaled,Pitcher,10,Offspeed_Bottom,0.125
51,0.1,9,range_scaled,Pitcher,10,Offspeed_Middle,0.125
51,0.1,9,range_scaled,Pitcher,10,Offspeed_Top,0.125
51,0.1,9,range_scaled,Pitcher,10,Offspeed_Chase,0.125
51,0.1,9,range_scaled,Pitcher,11,Fastball_Bottom,0.125
51,0.1,9,range_scaled,Pitcher,11,Fastball_Middle,0.125
51,0.1,9,range_scaled,Pitcher,11,Fastball_Top,0.125
51,0.1,9,range_scaled,Pitcher,11,Fastball_Chase,0.125
51,0.1,9,range_scaled,Pitcher,11,Offspeed_Bottom,0.125
51,0.1,9,range_scaled,Pitcher,11,Offspeed_Middle,0.125
51,0.1,9,range_scaled,Pitcher,11,Offspeed_Top,0.125
51,0.1,9,range_scaled,Pitcher,11,Offspeed_Chase,0.125
51,0.1,9,range_scaled,Pitcher,12,Fastball_Bottom,0.125
51,0.1,9,range_scaled,Pitcher,12,Fastball_Middle,0.125
51,0.1,9,range_scaled,Pitcher,12,Fastball_Top,0.125
51,0.1,9,range_scaled,Pitcher,12,Fastball_Chase,0.125
51,0.1,9,range_scaled,Pitcher,12,Offspeed_Bottom,0.125
51,0.1,9,range_scaled,Pitcher,12,Offspeed_Middle,0.125
51,0.1,9,range_scaled,Pitcher,12,Offspeed_Top,0.125
51,0.1,9,range_scaled,Pitcher,12,Offspeed_Chase,0.125
51,0.1,9,range_scaled,Pitcher,13,Fastball_Bottom,0.125
51,0.1,9,range_scaled,Pitcher,13,Fastball_Middle,0.125
51,0.1,9,range_scaled,Pitcher,13,Fastball_Top,0.125
51,0.1,9,range_scaled,Pitcher,13,Fastball_Chase,0.125
51,0.1,9,range_scaled,Pitcher,13,Offspeed_Bottom,0.125
51,0.1,9,range_scaled,Pitcher,13,Offspeed_Middle,0.125
51,0.1,9,range_scaled,Pitcher,13,Offspeed_Top,0.125
51,0.1,9,range_scaled,Pitcher,13,Offspeed_Chase,0.125
51,0.1,9,range_scaled,Pitcher,14,Fastball_Bottom,0.125
51,0.1,9,range_scaled,Pitcher,14,Fastball_Middle,0.125
51,0.1,9,range_scaled,Pitcher,14,Fastball_Top,0.125
51,0.1,9,range_scaled,Pitcher,14,Fastball_Chase,0.125
51,0.1,9,range_scaled,Pitcher,14,Offspeed_Bottom,0.125
51,0.1,9,range_scaled,Pitcher,14,Offspeed_Middle,0.125
51,0.1,9,range_scaled,Pitcher,14,Offspeed_Top,0.125
51,0.1,9,range_scaled,Pitcher,14,Offspeed_Chase,0.125
51,0.1,9,range_scaled,Pitcher,15,Fastball_Bottom,0.125
51,0.1,9,range_scaled,Pitcher,15,Fastball_Middle,0.125
51,0.1,9,range_scaled,Pitcher,15,Fastball_Top,0.125
51,0.1,9,range_scaled,Pitcher,15,Fastball_Chase,0.125
51,0.1,9,range_scaled,Pitcher,15,Offspeed_Bottom,0.125
51,0.1,9,range_scaled,Pitcher,15,Offspeed_Middle,0.125
51,0.1,9,range_scaled,Pitcher,15,Offspeed_Top,0.125
51,0.1,9,range_scaled,Pitcher,15,Offspeed_Chase,0.125
51,0.1,9,range_scaled,Pitcher,16,Fastball_Bottom,1.0
51,0.1,9,range_scaled,Pitcher,16,Fastball_Middle,0.0
51,0.1,9,range_scaled,Pitcher,16,Fastball_Top,0.0
51,0.1,9,range_scaled,Pitcher,16,Fastball_Chase,0.0
51,0.1,9,range_scaled,Pitcher,16,Offspeed_Bottom,0.0
51,0.1,9,range_scaled,Pitcher,16,Offspeed_Middle,0.0
51,0.1,9,range_scaled,Pitcher,16,Offspeed_Top,0.0
51,0.1,9,range_scaled,Pitcher,16,Offspeed_Chase,0.0
51,0.1,9,range_scaled,Pitcher,17,Fastball_Bottom,0.0
51,0.1,9,range_scaled,Pitcher,17,Fastball_Middle,0.0
51,0.1,9,range_scaled,Pitcher,17,Fastball_Top,0.0
51,0.1,9,range_scaled,Pitcher,17,Fastball_Chase,0.0
51,0.1,9,range_scaled,Pitcher,17,Offspeed_Bottom,0.0
51,0.1,9,range_scaled,Pitcher,17,Offspeed_Middle,0.05738883707824834
51,0.1,9,range_scaled,Pitcher,17,Offspeed_Top,0.9426111629217516
51,0.1,9,range_scaled,Pitcher,17,Offspeed_Chase,0.0
52,0.1,10,range_scaled,Batter,1,Swing,0.35742233744867136
52,0.1,10,range_scaled,Batter,1,Take,0.6425776625513286
52,0.1,10,range_scaled,Batter,2,Swing,1.0
52,0.1,10,range_scaled,Batter,2,Take,0.0
52,0.1,10,range_scaled,Batter,3,Swing,1.0
52,0.1,10,range_scaled,Batter,3,Take,0.0
52,0.1,10,range_scaled,Batter,4,Swing,1.0
52,0.1,10,range_scaled,Batter,4,Take,0.0
52,0.1,10,range_scaled,Batter,5,Swing,1.0
52,0.1,10,range_scaled,Batter,5,Take,0.0
52,0.1,10,range_scaled,Batter,6,Swing,1.0
52,0.1,10,range_scaled,Batter,6,Take,0.0
52,0.1,10,range_scaled,Batter,7,Swing,0.7535055094791608
52,0.1,10,range_scaled,Batter,7,Take,0.24649449052083902
52,0.1,10,range_scaled,Batter,8,Swing,1.0
52,0.1,10,range_scaled,Batter,8,Take,0.0
52,0.1,10,range_scaled,Batter,9,Swing,0.3303979742123933
52,0.1,10,range_scaled,Batter,9,Take,0.6696020257876066
52,0.1,10,range_scaled,Batter,10,Swing,1.0
52,0.1,10,range_scaled,Batter,10,Take,0.0
52,0.1,10,range_scaled,Batter,11,Swing,0.17795909244281016
52,0.1,10,range_scaled,Batter,11,Take,0.8220409075571898
52,0.1,10,range_scaled,Batter,12,Swing,1.0
52,0.1,10,range_scaled,Batter,12,Take,0.0
52,0.1,10,range_scaled,Batter,13,Swing,1.0
52,0.1,10,range_scaled,Batter,13,Take,0.0
52,0.1,10,range_scaled,Batter,14,Swing,1.0
52,0.1,10,range_scaled,Batter,14,Take,0.0
52,0.1,10,range_scaled,Batter,15,Swing,1.0
52,0.1,10,range_scaled,Batter,15,Take,0.0
52,0.1,10,range_scaled,Batter,16,Swing,1.0
52,0.1,10,range_scaled,Batter,16,Take,0.0
52,0.1,10,range_scaled,Batter,17,Swing,1.0
52,0.1,10,range_scaled,Batter,17,Take,0.0
52,0.1,10,range_scaled,Pitcher,1,Fastball_Bottom,0.0
52,0.1,10,range_scaled,Pitcher,1,Fastball_Middle,0.0
52,0.1,10,range_scaled,Pitcher,1,Fastball_Top,0.4236702278801121
52,0.1,10,range_scaled,Pitcher,1,Fastball_Chase,-0.0
52,0.1,10,range_scaled,Pitcher,1,Offspeed_Bottom,0.0
52,0.1,10,range_scaled,Pitcher,1,Offspeed_Middle,0.0
52,0.1,10,range_scaled,Pitcher,1,Offspeed_Top,0.0
52,0.1,10,range_scaled,Pitcher,1,Offspeed_Chase,0.5763297721198879
52,0.1,10,range_scaled,Pitcher,2,Fastball_Bottom,0.125
52,0.1,10,range_scaled,Pitcher,2,Fastball_Middle,0.125
52,0.1,10,range_scaled,Pitcher,2,Fastball_Top,0.125
52,0.1,10,range_scaled,Pitcher,2,Fastball_Chase,0.125
52,0.1,10,range_scaled,Pitcher,2,Offspeed_Bottom,0.125
52,0.1,10,range_scaled,Pitcher,2,Offspeed_Middle,0.125
52,0.1,10,range_scaled,Pitcher,2,Offspeed_Top,0.125
52,0.1,10,range_scaled,Pitcher,2,Offspeed_Chase,0.125
52,0.1,10,range_scaled,Pitcher,3,Fastball_Bottom,0.125
52,0.1,10,range_scaled,Pitcher,3,Fastball_Middle,0.125
52,0.1,10,range_scaled,Pitcher,3,Fastball_Top,0.125
52,0.1,10,range_scaled,Pitcher,3,Fastball_Chase,0.125
52,0.1,10,range_scaled,Pitcher,3,Offspeed_Bottom,0.125
52,0.1,10,range_scaled,Pitcher,3,Offspeed_Middle,0.125
52,0.1,10,range_scaled,Pitcher,3,Offspeed_Top,0.125
52,0.1,10,range_scaled,Pitcher,3,Offspeed_Chase,0.125
52,0.1,10,range_scaled,Pitcher,4,Fastball_Bottom,0.125
52,0.1,10,range_scaled,Pitcher,4,Fastball_Middle,0.125
52,0.1,10,range_scaled,Pitcher,4,Fastball_Top,0.125
52,0.1,10,range_scaled,Pitcher,4,Fastball_Chase,0.125
52,0.1,10,range_scaled,Pitcher,4,Offspeed_Bottom,0.125
52,0.1,10,range_scaled,Pitcher,4,Offspeed_Middle,0.125
52,0.1,10,range_scaled,Pitcher,4,Offspeed_Top,0.125
52,0.1,10,range_scaled,Pitcher,4,Offspeed_Chase,0.125
52,0.1,10,range_scaled,Pitcher,5,Fastball_Bottom,0.125
52,0.1,10,range_scaled,Pitcher,5,Fastball_Middle,0.125
52,0.1,10,range_scaled,Pitcher,5,Fastball_Top,0.125
52,0.1,10,range_scaled,Pitcher,5,Fastball_Chase,0.125
52,0.1,10,range_scaled,Pitcher,5,Offspeed_Bottom,0.125
52,0.1,10,range_scaled,Pitcher,5,Offspeed_Middle,0.125
52,0.1,10,range_scaled,Pitcher,5,Offspeed_Top,0.125
52,0.1,10,range_scaled,Pitcher,5,Offspeed_Chase,0.125
52,0.1,10,range_scaled,Pitcher,6,Fastball_Bottom,1.0
52,0.1,10,range_scaled,Pitcher,6,Fastball_Middle,0.0
52,0.1,10,range_scaled,Pitcher,6,Fastball_Top,0.0
52,0.1,10,range_scaled,Pitcher,6,Fastball_Chase,0.0
52,0.1,10,range_scaled,Pitcher,6,Offspeed_Bottom,0.0
52,0.1,10,range_scaled,Pitcher,6,Offspeed_Middle,0.0
52,0.1,10,range_scaled,Pitcher,6,Offspeed_Top,0.0
52,0.1,10,range_scaled,Pitcher,6,Offspeed_Chase,0.0
52,0.1,10,range_scaled,Pitcher,7,Fastball_Bottom,0.0
52,0.1,10,range_scaled,Pitcher,7,Fastball_Middle,0.0
52,0.1,10,range_scaled,Pitcher,7,Fastball_Top,0.0
52,0.1,10,range_scaled,Pitcher,7,Fastball_Chase,0.0
52,0.1,10,range_scaled,Pitcher,7,Offspeed_Bottom,0.12925611523617817
52,0.1,10,range_scaled,Pitcher,7,Offspeed_Middle,0.0
52,0.1,10,range_scaled,Pitcher,7,Offspeed_Top,0.0
52,0.1,10,range_scaled,Pitcher,7,Offspeed_Chase,0.8707438847638217
52,0.1,10,range_scaled,Pitcher,8,Fastball_Bottom,0.125
52,0.1,10,range_scaled,Pitcher,8,Fastball_Middle,0.125
52,0.1,10,range_scaled,Pitcher,8,Fastball_Top,0.125
52,0.1,10,range_scaled,Pitcher,8,Fastball_Chase,0.125
52,0.1,10,range_scaled,Pitcher,8,Offspeed_Bottom,0.125
52,0.1,10,range_scaled,Pitcher,8,Offspeed_Middle,0.125
52,0.1,10,range_scaled,Pitcher,8,Offspeed_Top,0.125
52,0.1,10,range_scaled,Pitcher,8,Offspeed_Chase,0.125
52,0.1,10,range_scaled,Pitcher,9,Fastball_Bottom,0.125
52,0.1,10,range_scaled,Pitcher,9,Fastball_Middle,0.125
52,0.1,10,range_scaled,Pitcher,9,Fastball_Top,0.125
52,0.1,10,range_scaled,Pitcher,9,Fastball_Chase,0.125
52,0.1,10,range_scaled,Pitcher,9,Offspeed_Bottom,0.125
52,0.1,10,range_scaled,Pitcher,9,Offspeed_Middle,0.125
52,0.1,10,range_scaled,Pitcher,9,Offspeed_Top,0.125
52,0.1,10,range_scaled,Pitcher,9,Offspeed_Chase,0.125
52,0.1,10,range_scaled,Pitcher,10,Fastball_Bottom,0.125
52,0.1,10,range_scaled,Pitcher,10,Fastball_Middle,0.125
52,0.1,10,range_scaled,Pitcher,10,Fastball_Top,0.125
52,0.1,10,range_scaled,Pitcher,10,Fastball_Chase,0.125
52,0.1,10,range_scaled,Pitcher,10,Offspeed_Bottom,0.125
52,0.1,10,range_scaled,Pitcher,10,Offspeed_Middle,0.125
52,0.1,10,range_scaled,Pitcher,10,Offspeed_Top,0.125
52,0.1,10,range_scaled,Pitcher,10,Offspeed_Chase,0.125
52,0.1,10,range_scaled,Pitcher,11,Fastball_Bottom,0.125
52,0.1,10,range_scaled,Pitcher,11,Fastball_Middle,0.125
52,0.1,10,range_scaled,Pitcher,11,Fastball_Top,0.125
52,0.1,10,range_scaled,Pitcher,11,Fastball_Chase,0.125
52,0.1,10,range_scaled,Pitcher,11,Offspeed_Bottom,0.125
52,0.1,10,range_scaled,Pitcher,11,Offspeed_Middle,0.125
52,0.1,10,range_scaled,Pitcher,11,Offspeed_Top,0.125
52,0.1,10,range_scaled,Pitcher,11,Offspeed_Chase,0.125
52,0.1,10,range_scaled,Pitcher,12,Fastball_Bottom,0.125
52,0.1,10,range_scaled,Pitcher,12,Fastball_Middle,0.125
52,0.1,10,range_scaled,Pitcher,12,Fastball_Top,0.125
52,0.1,10,range_scaled,Pitcher,12,Fastball_Chase,0.125
52,0.1,10,range_scaled,Pitcher,12,Offspeed_Bottom,0.125
52,0.1,10,range_scaled,Pitcher,12,Offspeed_Middle,0.125
52,0.1,10,range_scaled,Pitcher,12,Offspeed_Top,0.125
52,0.1,10,range_scaled,Pitcher,12,Offspeed_Chase,0.125
52,0.1,10,range_scaled,Pitcher,13,Fastball_Bottom,0.125
52,0.1,10,range_scaled,Pitcher,13,Fastball_Middle,0.125
52,0.1,10,range_scaled,Pitcher,13,Fastball_Top,0.125
52,0.1,10,range_scaled,Pitcher,13,Fastball_Chase,0.125
52,0.1,10,range_scaled,Pitcher,13,Offspeed_Bottom,0.125
52,0.1,10,range_scaled,Pitcher,13,Offspeed_Middle,0.125
52,0.1,10,range_scaled,Pitcher,13,Offspeed_Top,0.125
52,0.1,10,range_scaled,Pitcher,13,Offspeed_Chase,0.125
52,0.1,10,range_scaled,Pitcher,14,Fastball_Bottom,0.125
52,0.1,10,range_scaled,Pitcher,14,Fastball_Middle,0.125
52,0.1,10,range_scaled,Pitcher,14,Fastball_Top,0.125
52,0.1,10,range_scaled,Pitcher,14,Fastball_Chase,0.125
52,0.1,10,range_scaled,Pitcher,14,Offspeed_Bottom,0.125
52,0.1,10,range_scaled,Pitcher,14,Offspeed_Middle,0.125
52,0.1,10,range_scaled,Pitcher,14,Offspeed_Top,0.125
52,0.1,10,range_scaled,Pitcher,14,Offspeed_Chase,0.125
52,0.1,10,range_scaled,Pitcher,15,Fastball_Bottom,0.125
52,0.1,10,range_scaled,Pitcher,15,Fastball_Middle,0.125
52,0.1,10,range_scaled,Pitcher,15,Fastball_Top,0.125
52,0.1,10,range_scaled,Pitcher,15,Fastball_Chase,0.125
52,0.1,10,range_scaled,Pitcher,15,Offspeed_Bottom,0.125
52,0.1,10,range_scaled,Pitcher,15,Offspeed_Middle,0.125
52,0.1,10,range_scaled,Pitcher,15,Offspeed_Top,0.125
52,0.1,10,range_scaled,Pitcher,15,Offspeed_Chase,0.125
52,0.1,10,range_scaled,Pitcher,16,Fastball_Bottom,1.0
52,0.1,10,range_scaled,Pitcher,16,Fastball_Middle,0.0
52,0.1,10,range_scaled,Pitcher,16,Fastball_Top,0.0
52,0.1,10,range_scaled,Pitcher,16,Fastball_Chase,0.0
52,0.1,10,range_scaled,Pitcher,16,Offspeed_Bottom,0.0
52,0.1,10,range_scaled,Pitcher,16,Offspeed_Middle,0.0
52,0.1,10,range_scaled,Pitcher,16,Offspeed_Top,0.0
52,0.1,10,range_scaled,Pitcher,16,Offspeed_Chase,0.0
52,0.1,10,range_scaled,Pitcher,17,Fastball_Bottom,0.0
52,0.1,10,range_scaled,Pitcher,17,Fastball_Middle,0.0
52,0.1,10,range_scaled,Pitcher,17,Fastball_Top,0.0
52,0.1,10,range_scaled,Pitcher,17,Fastball_Chase,0.0
52,0.1,10,range_scaled,Pitcher,17,Offspeed_Bottom,0.0
52,0.1,10,range_scaled,Pitcher,17,Offspeed_Middle,0.0
52,0.1,10,range_scaled,Pitcher,17,Offspeed_Top,0.9999999999999998
52,0.1,10,range_scaled,Pitcher,17,Offspeed_Chase,0.0
53,0.1,11,range_scaled,Batter,1,Swing,1.0
53,0.1,11,range_scaled,Batter,1,Take,0.0
53,0.1,11,range_scaled,Batter,2,Swing,1.0
53,0.1,11,range_scaled,Batter,2,Take,0.0
53,0.1,11,range_scaled,Batter,3,Swing,0.5
53,0.1,11,range_scaled,Batter,3,Take,0.5
53,0.1,11,range_scaled,Batter,4,Swing,1.0
53,0.1,11,range_scaled,Batter,4,Take,0.0
53,0.1,11,range_scaled,Batter,5,Swing,0.5
53,0.1,11,range_scaled,Batter,5,Take,0.5
53,0.1,11,range_scaled,Batter,6,Swing,1.0
53,0.1,11,range_scaled,Batter,6,Take,0.0
53,0.1,11,range_scaled,Batter,7,Swing,0.5
53,0.1,11,range_scaled,Batter,7,Take,0.5
53,0.1,11,range_scaled,Batter,8,Swing,1.0
53,0.1,11,range_scaled,Batter,8,Take,0.0
53,0.1,11,range_scaled,Batter,9,Swing,0.5
53,0.1,11,range_scaled,Batter,9,Take,0.5
53,0.1,11,range_scaled,Batter,10,Swing,1.0
53,0.1,11,range_scaled,Batter,10,Take,0.0
53,0.1,11,range_scaled,Batter,11,Swing,0.5
53,0.1,11,range_scaled,Batter,11,Take,0.5
53,0.1,11,range_scaled,Batter,12,Swing,1.0
53,0.1,11,range_scaled,Batter,12,Take,0.0
53,0.1,11,range_scaled,Batter,13,Swing,0.5
53,0.1,11,range_scaled,Batter,13,Take,0.5
53,0.1,11,range_scaled,Batter,14,Swing,1.0
53,0.1,11,range_scaled,Batter,14,Take,0.0
53,0.1,11,range_scaled,Batter,15,Swing,0.5
53,0.1,11,range_scaled,Batter,15,Take,0.5
53,0.1,11,range_scaled,Batter,16,Swing,1.0
53,0.1,11,range_scaled,Batter,16,Take,0.0
53,0.1,11,range_scaled,Batter,17,Swing,0.5
53,0.1,11,range_scaled,Batter,17,Take,0.5
53,0.1,11,range_scaled,Pitcher,1,Fastball_Bottom,-0.0
53,0.1,11,range_scaled,Pitcher,1,Fastball_Middle,1.0
53,0.1,11,range_scaled,Pitcher,1,Fastball_Top,-0.0
53,0.1,11,range_scaled,Pitcher,1,Fastball_Chase,-0.0
53,0.1,11,range_scaled,Pitcher,1,Offspeed_Bottom,-0.0
53,0.1,11,range_scaled,Pitcher,1,Offspeed_Middle,-0.0
53,0.1,11,range_scaled,Pitcher,1,Offspeed_Top,-0.0
53,0.1,11,range_scaled,Pitcher,1,Offspeed_Chase,-0.0
53,0.1,11,range_scaled,Pitcher,2,Fastball_Bottom,0.125
53,0.1,11,range_scaled,Pitcher,2,Fastball_Middle,0.125
53,0.1,11,range_scaled,Pitcher,2,Fastball_Top,0.125
53,0.1,11,range_scaled,Pitcher,2,Fastball_Chase,0.125
53,0.1,11,range_scaled,Pitcher,2,Offspeed_Bottom,0.125
53,0.1,11,range_scaled,Pitcher,2,Offspeed_Middle,0.125
53,0.1,11,range_scaled,Pitcher,2,Offspeed_Top,0.125
53,0.1,11,range_scaled,Pitcher,2,Offspeed_Chase,0.125
53,0.1,11,range_scaled,Pitcher,3,Fastball_Bottom,0.125
53,0.1,11,range_scaled,Pitcher,3,Fastball_Middle,0.125
53,0.1,11,range_scaled,Pitcher,3,Fastball_Top,0.125
53,0.1,11,range_scaled,Pitcher,3,Fastball_Chase,0.125
53,0.1,11,range_scaled,Pitcher,3,Offspeed_Bottom,0.125
53,0.1,11,range_scaled,Pitcher,3,Offspeed_Middle,0.125
53,0.1,11,range_scaled,Pitcher,3,Offspeed_Top,0.125
53,0.1,11,range_scaled,Pitcher,3,Offspeed_Chase,0.125
53,0.1,11,range_scaled,Pitcher,4,Fastball_Bottom,1.0
53,0.1,11,range_scaled,Pitcher,4,Fastball_Middle,0.0
53,0.1,11,range_scaled,Pitcher,4,Fastball_Top,0.0
53,0.1,11,range_scaled,Pitcher,4,Fastball_Chase,0.0
53,0.1,11,range_scaled,Pitcher,4,Offspeed_Bottom,0.0
53,0.1,11,range_scaled,Pitcher,4,Offspeed_Middle,0.0
53,0.1,11,range_scaled,Pitcher,4,Offspeed_Top,0.0
53,0.1,11,range_scaled,Pitcher,4,Offspeed_Chase,0.0
53,0.1,11,range_scaled,Pitcher,5,Fastball_Bottom,1.0
53,0.1,11,range_scaled,Pitcher,5,Fastball_Middle,0.0
53,0.1,11,range_scaled,Pitcher,5,Fastball_Top,0.0
53,0.1,11,range_scaled,Pitcher,5,Fastball_Chase,0.0
53,0.1,11,range_scaled,Pitcher,5,Offspeed_Bottom,0.0
53,0.1,11,range_scaled,Pitcher,5,Offspeed_Middle,0.0
53,0.1,11,range_scaled,Pitcher,5,Offspeed_Top,0.0
53,0.1,11,range_scaled,Pitcher,5,Offspeed_Chase,0.0
53,0.1,11,range_scaled,Pitcher,6,Fastball_Bottom,0.125
53,0.1,11,range_scaled,Pitcher,6,Fastball_Middle,0.125
53,0.1,11,range_scaled,Pitcher,6,Fastball_Top,0.125
53,0.1,11,range_scaled,Pitcher,6,Fastball_Chase,0.125
53,0.1,11,range_scaled,Pitcher,6,Offspeed_Bottom,0.125
53,0.1,11,range_scaled,Pitcher,6,Offspeed_Middle,0.125
53,0.1,11,range_scaled,Pitcher,6,Offspeed_Top,0.125
53,0.1,11,range_scaled,Pitcher,6,Offspeed_Chase,0.125
53,0.1,11,range_scaled,Pitcher,7,Fastball_Bottom,0.125
53,0.1,11,range_scaled,Pitcher,7,Fastball_Middle,0.125
53,0.1,11,range_scaled,Pitcher,7,Fastball_Top,0.125
53,0.1,11,range_scaled,Pitcher,7,Fastball_Chase,0.125
53,0.1,11,range_scaled,Pitcher,7,Offspeed_Bottom,0.125
53,0.1,11,range_scaled,Pitcher,7,Offspeed_Middle,0.125
53,0.1,11,range_scaled,Pitcher,7,Offspeed_Top,0.125
53,0.1,11,range_scaled,Pitcher,7,Offspeed_Chase,0.125
53,0.1,11,range_scaled,Pitcher,8,Fastball_Bottom,0.125
53,0.1,11,range_scaled,Pitcher,8,Fastball_Middle,0.125
53,0.1,11,range_scaled,Pitcher,8,Fastball_Top,0.125
53,0.1,11,range_scaled,Pitcher,8,Fastball_Chase,0.125
53,0.1,11,range_scaled,Pitcher,8,Offspeed_Bottom,0.125
53,0.1,11,range_scaled,Pitcher,8,Offspeed_Middle,0.125
53,0.1,11,range_scaled,Pitcher,8,Offspeed_Top,0.125
53,0.1,11,range_scaled,Pitcher,8,Offspeed_Chase,0.125
53,0.1,11,range_scaled,Pitcher,9,Fastball_Bottom,0.125
53,0.1,11,range_scaled,Pitcher,9,Fastball_Middle,0.125
53,0.1,11,range_scaled,Pitcher,9,Fastball_Top,0.125
53,0.1,11,range_scaled,Pitcher,9,Fastball_Chase,0.125
53,0.1,11,range_scaled,Pitcher,9,Offspeed_Bottom,0.125
53,0.1,11,range_scaled,Pitcher,9,Offspeed_Middle,0.125
53,0.1,11,range_scaled,Pitcher,9,Offspeed_Top,0.125
53,0.1,11,range_scaled,Pitcher,9,Offspeed_Chase,0.125
53,0.1,11,range_scaled,Pitcher,10,Fastball_Bottom,0.125
53,0.1,11,range_scaled,Pitcher,10,Fastball_Middle,0.125
53,0.1,11,range_scaled,Pitcher,10,Fastball_Top,0.125
53,0.1,11,range_scaled,Pitcher,10,Fastball_Chase,0.125
53,0.1,11,range_scaled,Pitcher,10,Offspeed_Bottom,0.125
53,0.1,11,range_scaled,Pitcher,10,Offspeed_Middle,0.125
53,0.1,11,range_scaled,Pitcher,10,Offspeed_Top,0.125
53,0.1,11,range_scaled,Pitcher,10,Offspeed_Chase,0.125
53,0.1,11,range_scaled,Pitcher,11,Fastball_Bottom,0.125
53,0.1,11,range_scaled,Pitcher,11,Fastball_Middle,0.125
53,0.1,11,range_scaled,Pitcher,11,Fastball_Top,0.125
53,0.1,11,range_scaled,Pitcher,11,Fastball_Chase,0.125
53,0.1,11,range_scaled,Pitcher,11,Offspeed_Bottom,0.125
53,0.1,11,range_scaled,Pitcher,11,Offspeed_Middle,0.125
53,0.1,11,range_scaled,Pitcher,11,Offspeed_Top,0.125
53,0.1,11,range_scaled,Pitcher,11,Offspeed_Chase,0.125
53,0.1,11,range_scaled,Pitcher,12,Fastball_Bottom,0.125
53,0.1,11,range_scaled,Pitcher,12,Fastball_Middle,0.125
53,0.1,11,range_scaled,Pitcher,12,Fastball_Top,0.125
53,0.1,11,range_scaled,Pitcher,12,Fastball_Chase,0.125
53,0.1,11,range_scaled,Pitcher,12,Offspeed_Bottom,0.125
53,0.1,11,range_scaled,Pitcher,12,Offspeed_Middle,0.125
53,0.1,11,range_scaled,Pitcher,12,Offspeed_Top,0.125
53,0.1,11,range_scaled,Pitcher,12,Offspeed_Chase,0.125
53,0.1,11,range_scaled,Pitcher,13,Fastball_Bottom,0.125
53,0.1,11,range_scaled,Pitcher,13,Fastball_Middle,0.125
53,0.1,11,range_scaled,Pitcher,13,Fastball_Top,0.125
53,0.1,11,range_scaled,Pitcher,13,Fastball_Chase,0.125
53,0.1,11,range_scaled,Pitcher,13,Offspeed_Bottom,0.125
53,0.1,11,range_scaled,Pitcher,13,Offspeed_Middle,0.125
53,0.1,11,range_scaled,Pitcher,13,Offspeed_Top,0.125
53,0.1,11,range_scaled,Pitcher,13,Offspeed_Chase,0.125
53,0.1,11,range_scaled,Pitcher,14,Fastball_Bottom,0.125
53,0.1,11,range_scaled,Pitcher,14,Fastball_Middle,0.125
53,0.1,11,range_scaled,Pitcher,14,Fastball_Top,0.125
53,0.1,11,range_scaled,Pitcher,14,Fastball_Chase,0.125
53,0.1,11,range_scaled,Pitcher,14,Offspeed_Bottom,0.125
53,0.1,11,range_scaled,Pitcher,14,Offspeed_Middle,0.125
53,0.1,11,range_scaled,Pitcher,14,Offspeed_Top,0.125
53,0.1,11,range_scaled,Pitcher,14,Offspeed_Chase,0.125
53,0.1,11,range_scaled,Pitcher,15,Fastball_Bottom,0.125
53,0.1,11,range_scaled,Pitcher,15,Fastball_Middle,0.125
53,0.1,11,range_scaled,Pitcher,15,Fastball_Top,0.125
53,0.1,11,range_scaled,Pitcher,15,Fastball_Chase,0.125
53,0.1,11,range_scaled,Pitcher,15,Offspeed_Bottom,0.125
53,0.1,11,range_scaled,Pitcher,15,Offspeed_Middle,0.125
53,0.1,11,range_scaled,Pitcher,15,Offspeed_Top,0.125
53,0.1,11,range_scaled,Pitcher,15,Offspeed_Chase,0.125
53,0.1,11,range_scaled,Pitcher,16,Fastball_Bottom,0.125
53,0.1,11,range_scaled,Pitcher,16,Fastball_Middle,0.125
53,0.1,11,range_scaled,Pitcher,16,Fastball_Top,0.125
53,0.1,11,range_scaled,Pitcher,16,Fastball_Chase,0.125
53,0.1,11,range_scaled,Pitcher,16,Offspeed_Bottom,0.125
53,0.1,11,range_scaled,Pitcher,16,Offspeed_Middle,0.125
53,0.1,11,range_scaled,Pitcher,16,Offspeed_Top,0.125
53,0.1,11,range_scaled,Pitcher,16,Offspeed_Chase,0.125
53,0.1,11,range_scaled,Pitcher,17,Fastball_Bottom,0.125
53,0.1,11,range_scaled,Pitcher,17,Fastball_Middle,0.125
53,0.1,11,range_scaled,Pitcher,17,Fastball_Top,0.125
53,0.1,11,range_scaled,Pitcher,17,Fastball_Chase,0.125
53,0.1,11,range_scaled,Pitcher,17,Offspeed_Bottom,0.125
53,0.1,11,range_scaled,Pitcher,17,Offspeed_Middle,0.125
53,0.1,11,range_scaled,Pitcher,17,Offspeed_Top,0.125
53,0.1,11,range_scaled,Pitcher,17,Offspeed_Chase,0.125
54,0.1,12,range_scaled,Batter,1,Swing,0.07526786092095006
54,0.1,12,range_scaled,Batter,1,Take,0.9247321390790499
54,0.1,12,range_scaled,Batter,2,Swing,1.0
54,0.1,12,range_scaled,Batter,2,Take,0.0
54,0.1,12,range_scaled,Batter,3,Swing,1.0
54,0.1,12,range_scaled,Batter,3,Take,0.0
54,0.1,12,range_scaled,Batter,4,Swing,1.0
54,0.1,12,range_scaled,Batter,4,Take,0.0
54,0.1,12,range_scaled,Batter,5,Swing,1.0
54,0.1,12,range_scaled,Batter,5,Take,0.0
54,0.1,12,range_scaled,Batter,6,Swing,1.0
54,0.1,12,range_scaled,Batter,6,Take,0.0
54,0.1,12,range_scaled,Batter,7,Swing,0.0
54,0.1,12,range_scaled,Batter,7,Take,1.0
54,0.1,12,range_scaled,Batter,8,Swing,1.0
54,0.1,12,range_scaled,Batter,8,Take,0.0
54,0.1,12,range_scaled,Batter,9,Swing,0.8084552696583379
54,0.1,12,range_scaled,Batter,9,Take,0.19154473034166217
54,0.1,12,range_scaled,Batter,10,Swing,1.0
54,0.1,12,range_scaled,Batter,10,Take,0.0
54,0.1,12,range_scaled,Batter,11,Swing,1.0
54,0.1,12,range_scaled,Batter,11,Take,0.0
54,0.1,12,range_scaled,Batter,12,Swing,1.0
54,0.1,12,range_scaled,Batter,12,Take,0.0
54,0.1,12,range_scaled,Batter,13,Swing,0.4617738128830582
54,0.1,12,range_scaled,Batter,13,Take,0.5382261871169417
54,0.1,12,range_scaled,Batter,14,Swing,1.0
54,0.1,12,range_scaled,Batter,14,Take,0.0
54,0.1,12,range_scaled,Batter,15,Swing,0.0
54,0.1,12,range_scaled,Batter,15,Take,1.0
54,0.1,12,range_scaled,Batter,16,Swing,1.0
54,0.1,12,range_scaled,Batter,16,Take,0.0
54,0.1,12,range_scaled,Batter,17,Swing,0.35844089577471394
54,0.1,12,range_scaled,Batter,17,Take,0.641559104225286
54,0.1,12,range_scaled,Pitcher,1,Fastball_Bottom,0.0
54,0.1,12,range_scaled,Pitcher,1,Fastball_Middle,0.0
54,0.1,12,range_scaled,Pitcher,1,Fastball_Top,0.0
54,0.1,12,range_scaled,Pitcher,1,Fastball_Chase,0.5883826122845988
54,0.1,12,range_scaled,Pitcher,1,Offspeed_Bottom,0.0
54,0.1,12,range_scaled,Pitcher,1,Offspeed_Middle,0.41161738771540124
54,0.1,12,range_scaled,Pitcher,1,Offspeed_Top,0.0
54,0.1,12,range_scaled,Pitcher,1,Offspeed_Chase,0.0
54,0.1,12,range_scaled,Pitcher,2,Fastball_Bottom,0.125
54,0.1,12,range_scaled,Pitcher,2,Fastball_Middle,0.125
54,0.1,12,range_scaled,Pitcher,2,Fastball_Top,0.125
54,0.1,12,range_scaled,Pitcher,2,Fastball_Chase,0.125
54,0.1,12,range_scaled,Pitcher,2,Offspeed_Bottom,0.125
54,0.1,12,range_scaled,Pitcher,2,Offspeed_Middle,0.125
54,0.1,12,range_scaled,Pitcher,2,Offspeed_Top,0.125
54,0.1,12,range_scaled,Pitcher,2,Offspeed_Chase,0.125
54,0.1,12,range_scaled,Pitcher,3,Fastball_Bottom,0.125
54,0.1,12,range_scaled,Pitcher,3,Fastball_Middle,0.125
54,0.1,12,range_scaled,Pitcher,3,Fastball_Top,0.125
54,0.1,12,range_scaled,Pitcher,3,Fastball_Chase,0.125
54,0.1,12,range_scaled,Pitcher,3,Offspeed_Bottom,0.125
54,0.1,12,range_scaled,Pitcher,3,Offspeed_Middle,0.125
54,0.1,12,range_scaled,Pitcher,3,Offspeed_Top,0.125
54,0.1,12,range_scaled,Pitcher,3,Offspeed_Chase,0.125
54,0.1,12,range_scaled,Pitcher,4,Fastball_Bottom,0.125
54,0.1,12,range_scaled,Pitcher,4,Fastball_Middle,0.125
54,0.1,12,range_scaled,Pitcher,4,Fastball_Top,0.125
54,0.1,12,range_scaled,Pitcher,4,Fastball_Chase,0.125
54,0.1,12,range_scaled,Pitcher,4,Offspeed_Bottom,0.125
54,0.1,12,range_scaled,Pitcher,4,Offspeed_Middle,0.125
54,0.1,12,range_scaled,Pitcher,4,Offspeed_Top,0.125
54,0.1,12,range_scaled,Pitcher,4,Offspeed_Chase,0.125
54,0.1,12,range_scaled,Pitcher,5,Fastball_Bottom,0.125
54,0.1,12,range_scaled,Pitcher,5,Fastball_Middle,0.125
54,0.1,12,range_scaled,Pitcher,5,Fastball_Top,0.125
54,0.1,12,range_scaled,Pitcher,5,Fastball_Chase,0.125
54,0.1,12,range_scaled,Pitcher,5,Offspeed_Bottom,0.125
54,0.1,12,range_scaled,Pitcher,5,Offspeed_Middle,0.125
54,0.1,12,range_scaled,Pitcher,5,Offspeed_Top,0.125
54,0.1,12,range_scaled,Pitcher,5,Offspeed_Chase,0.125
54,0.1,12,range_scaled,Pitcher,6,Fastball_Bottom,0.125
54,0.1,12,range_scaled,Pitcher,6,Fastball_Middle,0.125
54,0.1,12,range_scaled,Pitcher,6,Fastball_Top,0.125
54,0.1,12,range_scaled,Pitcher,6,Fastball_Chase,0.125
54,0.1,12,range_scaled,Pitcher,6,Offspeed_Bottom,0.125
54,0.1,12,range_scaled,Pitcher,6,Offspeed_Middle,0.125
54,0.1,12,range_scaled,Pitcher,6,Offspeed_Top,0.125
54,0.1,12,range_scaled,Pitcher,6,Offspeed_Chase,0.125
54,0.1,12,range_scaled,Pitcher,7,Fastball_Bottom,0.125
54,0.1,12,range_scaled,Pitcher,7,Fastball_Middle,0.125
54,0.1,12,range_scaled,Pitcher,7,Fastball_Top,0.125
54,0.1,12,range_scaled,Pitcher,7,Fastball_Chase,0.125
54,0.1,12,range_scaled,Pitcher,7,Offspeed_Bottom,0.125
54,0.1,12,range_scaled,Pitcher,7,Offspeed_Middle,0.125
54,0.1,12,range_scaled,Pitcher,7,Offspeed_Top,0.125
54,0.1,12,range_scaled,Pitcher,7,Offspeed_Chase,0.125
54,0.1,12,range_scaled,Pitcher,8,Fastball_Bottom,1.0
54,0.1,12,range_scaled,Pitcher,8,Fastball_Middle,0.0
54,0.1,12,range_scaled,Pitcher,8,Fastball_Top,0.0
54,0.1,12,range_scaled,Pitcher,8,Fastball_Chase,0.0
54,0.1,12,range_scaled,Pitcher,8,Offspeed_Bottom,0.0
54,0.1,12,range_scaled,Pitcher,8,Offspeed_Middle,0.0
54,0.1,12,range_scaled,Pitcher,8,Offspeed_Top,0.0
54,0.1,12,range_scaled,Pitcher,8,Offspeed_Chase,0.0
54,0.1,12,range_scaled,Pitcher,9,Fastball_Bottom,0.0
54,0.1,12,range_scaled,Pitcher,9,Fastball_Middle,0.0
54,0.1,12,range_scaled,Pitcher,9,Fastball_Top,0.8926200164835817
54,0.1,12,range_scaled,Pitcher,9,Fastball_Chase,0.0
54,0.1,12,range_scaled,Pitcher,9,Offspeed_Bottom,0.0
54,0.1,12,range_scaled,Pitcher,9,Offspeed_Middle,0.1073799835164181
54,0.1,12,range_scaled,Pitcher,9,Offspeed_Top,0.0
54,0.1,12,range_scaled,Pitcher,9,Offspeed_Chase,0.0
54,0.1,12,range_scaled,Pitcher,10,Fastball_Bottom,0.125
54,0.1,12,range_scaled,Pitcher,10,Fastball_Middle,0.125
54,0.1,12,range_scaled,Pitcher,10,Fastball_Top,0.125
54,0.1,12,range_scaled,Pitcher,10,Fastball_Chase,0.125
54,0.1,12,range_scaled,Pitcher,10,Offspeed_Bottom,0.125
54,0.1,12,range_scaled,Pitcher,10,Offspeed_Middle,0.125
54,0.1,12,range_scaled,Pitcher,10,Offspeed_Top,0.125
54,0.1,12,range_scaled,Pitcher,10,Offspeed_Chase,0.125
54,0.1,12,range_scaled,Pitcher,11,Fastball_Bottom,0.125
54,0.1,12,range_scaled,Pitcher,11,Fastball_Middle,0.125
54,0.1,12,range_scaled,Pitcher,11,Fastball_Top,0.125
54,0.1,12,range_scaled,Pitcher,11,Fastball_Chase,0.125
54,0.1,12,range_scaled,Pitcher,11,Offspeed_Bottom,0.125
54,0.1,12,range_scaled,Pitcher,11,Offspeed_Middle,0.125
54,0.1,12,range_scaled,Pitcher,11,Offspeed_Top,0.125
54,0.1,12,range_scaled,Pitcher,11,Offspeed_Chase,0.125
54,0.1,12,range_scaled,Pitcher,12,Fastball_Bottom,1.0
54,0.1,12,range_scaled,Pitcher,12,Fastball_Middle,0.0
54,0.1,12,range_scaled,Pitcher,12,Fastball_Top,0.0
54,0.1,12,range_scaled,Pitcher,12,Fastball_Chase,0.0
54,0.1,12,range_scaled,Pitcher,12,Offspeed_Bottom,0.0
54,0.1,12,range_scaled,Pitcher,12,Offspeed_Middle,0.0
54,0.1,12,range_scaled,Pitcher,12,Offspeed_Top,0.0
54,0.1,12,range_scaled,Pitcher,12,Offspeed_Chase,0.0
54,0.1,12,range_scaled,Pitcher,13,Fastball_Bottom,0.0
54,0.1,12,range_scaled,Pitcher,13,Fastball_Middle,0.0
54,0.1,12,range_scaled,Pitcher,13,Fastball_Top,0.0
54,0.1,12,range_scaled,Pitcher,13,Fastball_Chase,0.0
54,0.1,12,range_scaled,Pitcher,13,Offspeed_Bottom,0.2181921808988054
54,0.1,12,range_scaled,Pitcher,13,Offspeed_Middle,0.0
54,0.1,12,range_scaled,Pitcher,13,Offspeed_Top,0.0
54,0.1,12,range_scaled,Pitcher,13,Offspeed_Chase,0.7818078191011948
54,0.1,12,range_scaled,Pitcher,14,Fastball_Bottom,0.125
54,0.1,12,range_scaled,Pitcher,14,Fastball_Middle,0.125
54,0.1,12,range_scaled,Pitcher,14,Fastball_Top,0.125
54,0.1,12,range_scaled,Pitcher,14,Fastball_Chase,0.125
54,0.1,12,range_scaled,Pitcher,14,Offspeed_Bottom,0.125
54,0.1,12,range_scaled,Pitcher,14,Offspeed_Middle,0.125
54,0.1,12,range_scaled,Pitcher,14,Offspeed_Top,0.125
54,0.1,12,range_scaled,Pitcher,14,Offspeed_Chase,0.125
54,0.1,12,range_scaled,Pitcher,15,Fastball_Bottom,0.125
54,0.1,12,range_scaled,Pitcher,15,Fastball_Middle,0.125
54,0.1,12,range_scaled,Pitcher,15,Fastball_Top,0.125
54,0.1,12,range_scaled,Pitcher,15,Fastball_Chase,0.125
54,0.1,12,range_scaled,Pitcher,15,Offspeed_Bottom,0.125
54,0.1,12,range_scaled,Pitcher,15,Offspeed_Middle,0.125
54,0.1,12,range_scaled,Pitcher,15,Offspeed_Top,0.125
54,0.1,12,range_scaled,Pitcher,15,Offspeed_Chase,0.125
54,0.1,12,range_scaled,Pitcher,16,Fastball_Bottom,0.125
54,0.1,12,range_scaled,Pitcher,16,Fastball_Middle,0.125
54,0.1,12,range_scaled,Pitcher,16,Fastball_Top,0.125
54,0.1,12,range_scaled,Pitcher,16,Fastball_Chase,0.125
54,0.1,12,range_scaled,Pitcher,16,Offspeed_Bottom,0.125
54,0.1,12,range_scaled,Pitcher,16,Offspeed_Middle,0.125
54,0.1,12,range_scaled,Pitcher,16,Offspeed_Top,0.125
54,0.1,12,range_scaled,Pitcher,16,Offspeed_Chase,0.125
54,0.1,12,range_scaled,Pitcher,17,Fastball_Bottom,0.125
54,0.1,12,range_scaled,Pitcher,17,Fastball_Middle,0.125
54,0.1,12,range_scaled,Pitcher,17,Fastball_Top,0.125
54,0.1,12,range_scaled,Pitcher,17,Fastball_Chase,0.125
54,0.1,12,range_scaled,Pitcher,17,Offspeed_Bottom,0.125
54,0.1,12,range_scaled,Pitcher,17,Offspeed_Middle,0.125
54,0.1,12,range_scaled,Pitcher,17,Offspeed_Top,0.125
54,0.1,12,range_scaled,Pitcher,17,Offspeed_Chase,0.125
55,0.1,13,range_scaled,Batter,1,Swing,1.0
55,0.1,13,range_scaled,Batter,1,Take,-0.0
55,0.1,13,range_scaled,Batter,2,Swing,1.0
55,0.1,13,range_scaled,Batter,2,Take,0.0
55,0.1,13,range_scaled,Batter,3,Swing,0.5
55,0.1,13,range_scaled,Batter,3,Take,0.5
55,0.1,13,range_scaled,Batter,4,Swing,1.0
55,0.1,13,range_scaled,Batter,4,Take,0.0
55,0.1,13,range_scaled,Batter,5,Swing,0.5
55,0.1,13,range_scaled,Batter,5,Take,0.5
55,0.1,13,range_scaled,Batter,6,Swing,1.0
55,0.1,13,range_scaled,Batter,6,Take,0.0
55,0.1,13,range_scaled,Batter,7,Swing,0.5
55,0.1,13,range_scaled,Batter,7,Take,0.5
55,0.1,13,range_scaled,Batter,8,Swing,1.0
55,0.1,13,range_scaled,Batter,8,Take,0.0
55,0.1,13,range_scaled,Batter,9,Swing,0.5
55,0.1,13,range_scaled,Batter,9,Take,0.5
55,0.1,13,range_scaled,Batter,10,Swing,1.0
55,0.1,13,range_scaled,Batter,10,Take,0.0
55,0.1,13,range_scaled,Batter,11,Swing,0.5
55,0.1,13,range_scaled,Batter,11,Take,0.5
55,0.1,13,range_scaled,Batter,12,Swing,1.0
55,0.1,13,range_scaled,Batter,12,Take,0.0
55,0.1,13,range_scaled,Batter,13,Swing,0.5
55,0.1,13,range_scaled,Batter,13,Take,0.5
55,0.1,13,range_scaled,Batter,14,Swing,1.0
55,0.1,13,range_scaled,Batter,14,Take,0.0
55,0.1,13,range_scaled,Batter,15,Swing,0.5
55,0.1,13,range_scaled,Batter,15,Take,0.5
55,0.1,13,range_scaled,Batter,16,Swing,1.0
55,0.1,13,range_scaled,Batter,16,Take,0.0
55,0.1,13,range_scaled,Batter,17,Swing,0.5
55,0.1,13,range_scaled,Batter,17,Take,0.5
55,0.1,13,range_scaled,Pitcher,1,Fastball_Bottom,0.0
55,0.1,13,range_scaled,Pitcher,1,Fastball_Middle,0.0
55,0.1,13,range_scaled,Pitcher,1,Fastball_Top,0.0
55,0.1,13,range_scaled,Pitcher,1,Fastball_Chase,0.0
55,0.1,13,range_scaled,Pitcher,1,Offspeed_Bottom,0.0
55,0.1,13,range_scaled,Pitcher,1,Offspeed_Middle,0.0
55,0.1,13,range_scaled,Pitcher,1,Offspeed_Top,0.0
55,0.1,13,range_scaled,Pitcher,1,Offspeed_Chase,1.0
55,0.1,13,range_scaled,Pitcher,2,Fastball_Bottom,0.125
55,0.1,13,range_scaled,Pitcher,2,Fastball_Middle,0.125
55,0.1,13,range_scaled,Pitcher,2,Fastball_Top,0.125
55,0.1,13,range_scaled,Pitcher,2,Fastball_Chase,0.125
55,0.1,13,range_scaled,Pitcher,2,Offspeed_Bottom,0.125
55,0.1,13,range_scaled,Pitcher,2,Offspeed_Middle,0.125
55,0.1,13,range_scaled,Pitcher,2,Offspeed_Top,0.125
55,0.1,13,range_scaled,Pitcher,2,Offspeed_Chase,0.125
55,0.1,13,range_scaled,Pitcher,3,Fastball_Bottom,0.125
55,0.1,13,range_scaled,Pitcher,3,Fastball_Middle,0.125
55,0.1,13,range_scaled,Pitcher,3,Fastball_Top,0.125
55,0.1,13,range_scaled,Pitcher,3,Fastball_Chase,0.125
55,0.1,13,range_scaled,Pitcher,3,Offspeed_Bottom,0.125
55,0.1,13,range_scaled,Pitcher,3,Offspeed_Middle,0.125
55,0.1,13,range_scaled,Pitcher,3,Offspeed_Top,0.125
55,0.1,13,range_scaled,Pitcher,3,Offspeed_Chase,0.125
55,0.1,13,range_scaled,Pitcher,4,Fastball_Bottom,0.125
55,0.1,13,range_scaled,Pitcher,4,Fastball_Middle,0.125
55,0.1,13,range_scaled,Pitcher,4,Fastball_Top,0.125
55,0.1,13,range_scaled,Pitcher,4,Fastball_Chase,0.125
55,0.1,13,range_scaled,Pitcher,4,Offspeed_Bottom,0.125
55,0.1,13,range_scaled,Pitcher,4,Offspeed_Middle,0.125
55,0.1,13,range_scaled,Pitcher,4,Offspeed_Top,0.125
55,0.1,13,range_scaled,Pitcher,4,Offspeed_Chase,0.125
55,0.1,13,range_scaled,Pitcher,5,Fastball_Bottom,0.125
55,0.1,13,range_scaled,Pitcher,5,Fastball_Middle,0.125
55,0.1,13,range_scaled,Pitcher,5,Fastball_Top,0.125
55,0.1,13,range_scaled,Pitcher,5,Fastball_Chase,0.125
55,0.1,13,range_scaled,Pitcher,5,Offspeed_Bottom,0.125
55,0.1,13,range_scaled,Pitcher,5,Offspeed_Middle,0.125
55,0.1,13,range_scaled,Pitcher,5,Offspeed_Top,0.125
55,0.1,13,range_scaled,Pitcher,5,Offspeed_Chase,0.125
55,0.1,13,range_scaled,Pitcher,6,Fastball_Bottom,0.125
55,0.1,13,range_scaled,Pitcher,6,Fastball_Middle,0.125
55,0.1,13,range_scaled,Pitcher,6,Fastball_Top,0.125
55,0.1,13,range_scaled,Pitcher,6,Fastball_Chase,0.125
55,0.1,13,range_scaled,Pitcher,6,Offspeed_Bottom,0.125
55,0.1,13,range_scaled,Pitcher,6,Offspeed_Middle,0.125
55,0.1,13,range_scaled,Pitcher,6,Offspeed_Top,0.125
55,0.1,13,range_scaled,Pitcher,6,Offspeed_Chase,0.125
55,0.1,13,range_scaled,Pitcher,7,Fastball_Bottom,0.125
55,0.1,13,range_scaled,Pitcher,7,Fastball_Middle,0.125
55,0.1,13,range_scaled,Pitcher,7,Fastball_Top,0.125
55,0.1,13,range_scaled,Pitcher,7,Fastball_Chase,0.125
55,0.1,13,range_scaled,Pitcher,7,Offspeed_Bottom,0.125
55,0.1,13,range_scaled,Pitcher,7,Offspeed_Middle,0.125
55,0.1,13,range_scaled,Pitcher,7,Offspeed_Top,0.125
55,0.1,13,range_scaled,Pitcher,7,Offspeed_Chase,0.125
55,0.1,13,range_scaled,Pitcher,8,Fastball_Bottom,0.125
55,0.1,13,range_scaled,Pitcher,8,Fastball_Middle,0.125
55,0.1,13,range_scaled,Pitcher,8,Fastball_Top,0.125
55,0.1,13,range_scaled,Pitcher,8,Fastball_Chase,0.125
55,0.1,13,range_scaled,Pitcher,8,Offspeed_Bottom,0.125
55,0.1,13,range_scaled,Pitcher,8,Offspeed_Middle,0.125
55,0.1,13,range_scaled,Pitcher,8,Offspeed_Top,0.125
55,0.1,13,range_scaled,Pitcher,8,Offspeed_Chase,0.125
55,0.1,13,range_scaled,Pitcher,9,Fastball_Bottom,0.125
55,0.1,13,range_scaled,Pitcher,9,Fastball_Middle,0.125
55,0.1,13,range_scaled,Pitcher,9,Fastball_Top,0.125
55,0.1,13,range_scaled,Pitcher,9,Fastball_Chase,0.125
55,0.1,13,range_scaled,Pitcher,9,Offspeed_Bottom,0.125
55,0.1,13,range_scaled,Pitcher,9,Offspeed_Middle,0.125
55,0.1,13,range_scaled,Pitcher,9,Offspeed_Top,0.125
55,0.1,13,range_scaled,Pitcher,9,Offspeed_Chase,0.125
55,0.1,13,range_scaled,Pitcher,10,Fastball_Bottom,0.125
55,0.1,13,range_scaled,Pitcher,10,Fastball_Middle,0.125
55,0.1,13,range_scaled,Pitcher,10,Fastball_Top,0.125
55,0.1,13,range_scaled,Pitcher,10,Fastball_Chase,0.125
55,0.1,13,range_scaled,Pitcher,10,Offspeed_Bottom,0.125
55,0.1,13,range_scaled,Pitcher,10,Offspeed_Middle,0.125
55,0.1,13,range_scaled,Pitcher,10,Offspeed_Top,0.125
55,0.1,13,range_scaled,Pitcher,10,Offspeed_Chase,0.125
55,0.1,13,range_scaled,Pitcher,11,Fastball_Bottom,0.125
55,0.1,13,range_scaled,Pitcher,11,Fastball_Middle,0.125
55,0.1,13,range_scaled,Pitcher,11,Fastball_Top,0.125
55,0.1,13,range_scaled,Pitcher,11,Fastball_Chase,0.125
55,0.1,13,range_scaled,Pitcher,11,Offspeed_Bottom,0.125
55,0.1,13,range_scaled,Pitcher,11,Offspeed_Middle,0.125
55,0.1,13,range_scaled,Pitcher,11,Offspeed_Top,0.125
55,0.1,13,range_scaled,Pitcher,11,Offspeed_Chase,0.125
55,0.1,13,range_scaled,Pitcher,12,Fastball_Bottom,0.125
55,0.1,13,range_scaled,Pitcher,12,Fastball_Middle,0.125
55,0.1,13,range_scaled,Pitcher,12,Fastball_Top,0.125
55,0.1,13,range_scaled,Pitcher,12,Fastball_Chase,0.125
55,0.1,13,range_scaled,Pitcher,12,Offspeed_Bottom,0.125
55,0.1,13,range_scaled,Pitcher,12,Offspeed_Middle,0.125
55,0.1,13,range_scaled,Pitcher,12,Offspeed_Top,0.125
55,0.1,13,range_scaled,Pitcher,12,Offspeed_Chase,0.125
55,0.1,13,range_scaled,Pitcher,13,Fastball_Bottom,0.125
55,0.1,13,range_scaled,Pitcher,13,Fastball_Middle,0.125
55,0.1,13,range_scaled,Pitcher,13,Fastball_Top,0.125
55,0.1,13,range_scaled,Pitcher,13,Fastball_Chase,0.125
55,0.1,13,range_scaled,Pitcher,13,Offspeed_Bottom,0.125
55,0.1,13,range_scaled,Pitcher,13,Offspeed_Middle,0.125
55,0.1,13,range_scaled,Pitcher,13,Offspeed_Top,0.125
55,0.1,13,range_scaled,Pitcher,13,Offspeed_Chase,0.125
55,0.1,13,range_scaled,Pitcher,14,Fastball_Bottom,0.125
55,0.1,13,range_scaled,Pitcher,14,Fastball_Middle,0.125
55,0.1,13,range_scaled,Pitcher,14,Fastball_Top,0.125
55,0.1,13,range_scaled,Pitcher,14,Fastball_Chase,0.125
55,0.1,13,range_scaled,Pitcher,14,Offspeed_Bottom,0.125
55,0.1,13,range_scaled,Pitcher,14,Offspeed_Middle,0.125
55,0.1,13,range_scaled,Pitcher,14,Offspeed_Top,0.125
55,0.1,13,range_scaled,Pitcher,14,Offspeed_Chase,0.125
55,0.1,13,range_scaled,Pitcher,15,Fastball_Bottom,0.125
55,0.1,13,range_scaled,Pitcher,15,Fastball_Middle,0.125
55,0.1,13,range_scaled,Pitcher,15,Fastball_Top,0.125
55,0.1,13,range_scaled,Pitcher,15,Fastball_Chase,0.125
55,0.1,13,range_scaled,Pitcher,15,Offspeed_Bottom,0.125
55,0.1,13,range_scaled,Pitcher,15,Offspeed_Middle,0.125
55,0.1,13,range_scaled,Pitcher,15,Offspeed_Top,0.125
55,0.1,13,range_scaled,Pitcher,15,Offspeed_Chase,0.125
55,0.1,13,range_scaled,Pitcher,16,Fastball_Bottom,1.0
55,0.1,13,range_scaled,Pitcher,16,Fastball_Middle,0.0
55,0.1,13,range_scaled,Pitcher,16,Fastball_Top,0.0
55,0.1,13,range_scaled,Pitcher,16,Fastball_Chase,0.0
55,0.1,13,range_scaled,Pitcher,16,Offspeed_Bottom,0.0
55,0.1,13,range_scaled,Pitcher,16,Offspeed_Middle,0.0
55,0.1,13,range_scaled,Pitcher,16,Offspeed_Top,0.0
55,0.1,13,range_scaled,Pitcher,16,Offspeed_Chase,0.0
55,0.1,13,range_scaled,Pitcher,17,Fastball_Bottom,0.0
55,0.1,13,range_scaled,Pitcher,17,Fastball_Middle,0.0
55,0.1,13,range_scaled,Pitcher,17,Fastball_Top,0.5435055388264969
55,0.1,13,range_scaled,Pitcher,17,Fastball_Chase,0.0
55,0.1,13,range_scaled,Pitcher,17,Offspeed_Bottom,0.3544924575126885
55,0.1,13,range_scaled,Pitcher,17,Offspeed_Middle,0.0
55,0.1,13,range_scaled,Pitcher,17,Offspeed_Top,0.10200200366081466
55,0.1,13,range_scaled,Pitcher,17,Offspeed_Chase,0.0
56,0.1,14,range_scaled,Batter,1,Swing,0.8818707837568718
56,0.1,14,range_scaled,Batter,1,Take,0.11812921624312828
56,0.1,14,range_scaled,Batter,2,Swing,1.0
56,0.1,14,range_scaled,Batter,2,Take,0.0
56,0.1,14,range_scaled,Batter,3,Swing,1.0
56,0.1,14,range_scaled,Batter,3,Take,0.0
56,0.1,14,range_scaled,Batter,4,Swing,1.0
56,0.1,14,range_scaled,Batter,4,Take,0.0
56,0.1,14,range_scaled,Batter,5,Swing,1.0
56,0.1,14,range_scaled,Batter,5,Take,0.0
56,0.1,14,range_scaled,Batter,6,Swing,1.0
56,0.1,14,range_scaled,Batter,6,Take,0.0
56,0.1,14,range_scaled,Batter,7,Swing,0.0
56,0.1,14,range_scaled,Batter,7,Take,1.0
56,0.1,14,range_scaled,Batter,8,Swing,1.0
56,0.1,14,range_scaled,Batter,8,Take,0.0
56,0.1,14,range_scaled,Batter,9,Swing,1.0
56,0.1,14,range_scaled,Batter,9,Take,0.0
56,0.1,14,range_scaled,Batter,10,Swing,1.0
56,0.1,14,range_scaled,Batter,10,Take,0.0
56,0.1,14,range_scaled,Batter,11,Swing,0.6781200422494998
56,0.1,14,range_scaled,Batter,11,Take,0.32187995775050016
56,0.1,14,range_scaled,Batter,12,Swing,1.0
56,0.1,14,range_scaled,Batter,12,Take,0.0
56,0.1,14,range_scaled,Batter,13,Swing,1.0
56,0.1,14,range_scaled,Batter,13,Take,0.0
56,0.1,14,range_scaled,Batter,14,Swing,1.0
56,0.1,14,range_scaled,Batter,14,Take,0.0
56,0.1,14,range_scaled,Batter,15,Swing,0.0
56,0.1,14,range_scaled,Batter,15,Take,1.0
56,0.1,14,range_scaled,Batter,16,Swing,1.0
56,0.1,14,range_scaled,Batter,16,Take,0.0
56,0.1,14,range_scaled,Batter,17,Swing,0.0
56,0.1,14,range_scaled,Batter,17,Take,1.0
56,0.1,14,range_scaled,Pitcher,1,Fastball_Bottom,0.07416276950825196
56,0.1,14,range_scaled,Pitcher,1,Fastball_Middle,0.0
56,0.1,14,range_scaled,Pitcher,1,Fastball_Top,0.0
56,0.1,14,range_scaled,Pitcher,1,Fastball_Chase,0.0
56,0.1,14,range_scaled,Pitcher,1,Offspeed_Bottom,0.925837230491748
56,0.1,14,range_scaled,Pitcher,1,Offspeed_Middle,0.0
56,0.1,14,range_scaled,Pitcher,1,Offspeed_Top,0.0
56,0.1,14,range_scaled,Pitcher,1,Offspeed_Chase,0.0
56,0.1,14,range_scaled,Pitcher,2,Fastball_Bottom,1.0
56,0.1,14,range_scaled,Pitcher,2,Fastball_Middle,0.0
56,0.1,14,range_scaled,Pitcher,2,Fastball_Top,0.0
56,0.1,14,range_scaled,Pitcher,2,Fastball_Chase,0.0
56,0.1,14,range_scaled,Pitcher,2,Offspeed_Bottom,0.0
56,0.1,14,range_scaled,Pitcher,2,Offspeed_Middle,0.0
56,0.1,14,range_scaled,Pitcher,2,Offspeed_Top,0.0
56,0.1,14,range_scaled,Pitcher,2,Offspeed_Chase,0.0
56,0.1,14,range_scaled,Pitcher,3,Fastball_Bottom,0.0
56,0.1,14,range_scaled,Pitcher,3,Fastball_Middle,0.0
56,0.1,14,range_scaled,Pitcher,3,Fastball_Top,0.0
56,0.1,14,range_scaled,Pitcher,3,Fastball_Chase,0.0
56,0.1,14,range_scaled,Pitcher,3,Offspeed_Bottom,0.0
56,0.1,14,range_scaled,Pitcher,3,Offspeed_Middle,1.0
56,0.1,14,range_scaled,Pitcher,3,Offspeed_Top,0.0
56,0.1,14,range_scaled,Pitcher,3,Offspeed_Chase,0.0
56,0.1,14,range_scaled,Pitcher,4,Fastball_Bottom,0.125
56,0.1,14,range_scaled,Pitcher,4,Fastball_Middle,0.125
56,0.1,14,range_scaled,Pitcher,4,Fastball_Top,0.125
56,0.1,14,range_scaled,Pitcher,4,Fastball_Chase,0.125
56,0.1,14,range_scaled,Pitcher,4,Offspeed_Bottom,0.125
56,0.1,14,range_scaled,Pitcher,4,Offspeed_Middle,0.125
56,0.1,14,range_scaled,Pitcher,4,Offspeed_Top,0.125
56,0.1,14,range_scaled,Pitcher,4,Offspeed_Chase,0.125
56,0.1,14,range_scaled,Pitcher,5,Fastball_Bottom,0.125
56,0.1,14,range_scaled,Pitcher,5,Fastball_Middle,0.125
56,0.1,14,range_scaled,Pitcher,5,Fastball_Top,0.125
56,0.1,14,range_scaled,Pitcher,5,Fastball_Chase,0.125
56,0.1,14,range_scaled,Pitcher,5,Offspeed_Bottom,0.125
56,0.1,14,range_scaled,Pitcher,5,Offspeed_Middle,0.125
56,0.1,14,range_scaled,Pitcher,5,Offspeed_Top,0.125
56,0.1,14,range_scaled,Pitcher,5,Offspeed_Chase,0.125
56,0.1,14,range_scaled,Pitcher,6,Fastball_Bottom,0.125
56,0.1,14,range_scaled,Pitcher,6,Fastball_Middle,0.125
56,0.1,14,range_scaled,Pitcher,6,Fastball_Top,0.125
56,0.1,14,range_scaled,Pitcher,6,Fastball_Chase,0.125
56,0.1,14,range_scaled,Pitcher,6,Offspeed_Bottom,0.125
56,0.1,14,range_scaled,Pitcher,6,Offspeed_Middle,0.125
56,0.1,14,range_scaled,Pitcher,6,Offspeed_Top,0.125
56,0.1,14,range_scaled,Pitcher,6,Offspeed_Chase,0.125
56,0.1,14,range_scaled,Pitcher,7,Fastball_Bottom,0.125
56,0.1,14,range_scaled,Pitcher,7,Fastball_Middle,0.125
56,0.1,14,range_scaled,Pitcher,7,Fastball_Top,0.125
56,0.1,14,range_scaled,Pitcher,7,Fastball_Chase,0.125
56,0.1,14,range_scaled,Pitcher,7,Offspeed_Bottom,0.125
56,0.1,14,range_scaled,Pitcher,7,Offspeed_Middle,0.125
56,0.1,14,range_scaled,Pitcher,7,Offspeed_Top,0.125
56,0.1,14,range_scaled,Pitcher,7,Offspeed_Chase,0.125
56,0.1,14,range_scaled,Pitcher,8,Fastball_Bottom,0.125
56,0.1,14,range_scaled,Pitcher,8,Fastball_Middle,0.125
56,0.1,14,range_scaled,Pitcher,8,Fastball_Top,0.125
56,0.1,14,range_scaled,Pitcher,8,Fastball_Chase,0.125
56,0.1,14,range_scaled,Pitcher,8,Offspeed_Bottom,0.125
56,0.1,14,range_scaled,Pitcher,8,Offspeed_Middle,0.125
56,0.1,14,range_scaled,Pitcher,8,Offspeed_Top,0.125
56,0.1,14,range_scaled,Pitcher,8,Offspeed_Chase,0.125
56,0.1,14,range_scaled,Pitcher,9,Fastball_Bottom,0.125
56,0.1,14,range_scaled,Pitcher,9,Fastball_Middle,0.125
56,0.1,14,range_scaled,Pitcher,9,Fastball_Top,0.125
56,0.1,14,range_scaled,Pitcher,9,Fastball_Chase,0.125
56,0.1,14,range_scaled,Pitcher,9,Offspeed_Bottom,0.125
56,0.1,14,range_scaled,Pitcher,9,Offspeed_Middle,0.125
56,0.1,14,range_scaled,Pitcher,9,Offspeed_Top,0.125
56,0.1,14,range_scaled,Pitcher,9,Offspeed_Chase,0.125
56,0.1,14,range_scaled,Pitcher,10,Fastball_Bottom,1.0
56,0.1,14,range_scaled,Pitcher,10,Fastball_Middle,0.0
56,0.1,14,range_scaled,Pitcher,10,Fastball_Top,0.0
56,0.1,14,range_scaled,Pitcher,10,Fastball_Chase,0.0
56,0.1,14,range_scaled,Pitcher,10,Offspeed_Bottom,0.0
56,0.1,14,range_scaled,Pitcher,10,Offspeed_Middle,0.0
56,0.1,14,range_scaled,Pitcher,10,Offspeed_Top,0.0
56,0.1,14,range_scaled,Pitcher,10,Offspeed_Chase,0.0
56,0.1,14,range_scaled,Pitcher,11,Fastball_Bottom,0.9239619856398995
56,0.1,14,range_scaled,Pitcher,11,Fastball_Middle,0.0
56,0.1,14,range_scaled,Pitcher,11,Fastball_Top,0.07603801436010049
56,0.1,14,range_scaled,Pitcher,11,Fastball_Chase,0.0
56,0.1,14,range_scaled,Pitcher,11,Offspeed_Bottom,0.0
56,0.1,14,range_scaled,Pitcher,11,Offspeed_Middle,0.0
56,0.1,14,range_scaled,Pitcher,11,Offspeed_Top,0.0
56,0.1,14,range_scaled,Pitcher,11,Offspeed_Chase,0.0
56,0.1,14,range_scaled,Pitcher,12,Fastball_Bottom,0.125
56,0.1,14,range_scaled,Pitcher,12,Fastball_Middle,0.125
56,0.1,14,range_scaled,Pitcher,12,Fastball_Top,0.125
56,0.1,14,range_scaled,Pitcher,12,Fastball_Chase,0.125
56,0.1,14,range_scaled,Pitcher,12,Offspeed_Bottom,0.125
56,0.1,14,range_scaled,Pitcher,12,Offspeed_Middle,0.125
56,0.1,14,range_scaled,Pitcher,12,Offspeed_Top,0.125
56,0.1,14,range_scaled,Pitcher,12,Offspeed_Chase,0.125
56,0.1,14,range_scaled,Pitcher,13,Fastball_Bottom,0.125
56,0.1,14,range_scaled,Pitcher,13,Fastball_Middle,0.125
56,0.1,14,range_scaled,Pitcher,13,Fastball_Top,0.125
56,0.1,14,range_scaled,Pitcher,13,Fastball_Chase,0.125
56,0.1,14,range_scaled,Pitcher,13,Offspeed_Bottom,0.125
56,0.1,14,range_scaled,Pitcher,13,Offspeed_Middle,0.125
56,0.1,14,range_scaled,Pitcher,13,Offspeed_Top,0.125
56,0.1,14,range_scaled,Pitcher,13,Offspeed_Chase,0.125
56,0.1,14,range_scaled,Pitcher,14,Fastball_Bottom,0.125
56,0.1,14,range_scaled,Pitcher,14,Fastball_Middle,0.125
56,0.1,14,range_scaled,Pitcher,14,Fastball_Top,0.125
56,0.1,14,range_scaled,Pitcher,14,Fastball_Chase,0.125
56,0.1,14,range_scaled,Pitcher,14,Offspeed_Bottom,0.125
56,0.1,14,range_scaled,Pitcher,14,Offspeed_Middle,0.125
56,0.1,14,range_scaled,Pitcher,14,Offspeed_Top,0.125
56,0.1,14,range_scaled,Pitcher,14,Offspeed_Chase,0.125
56,0.1,14,range_scaled,Pitcher,15,Fastball_Bottom,0.125
56,0.1,14,range_scaled,Pitcher,15,Fastball_Middle,0.125
56,0.1,14,range_scaled,Pitcher,15,Fastball_Top,0.125
56,0.1,14,range_scaled,Pitcher,15,Fastball_Chase,0.125
56,0.1,14,range_scaled,Pitcher,15,Offspeed_Bottom,0.125
56,0.1,14,range_scaled,Pitcher,15,Offspeed_Middle,0.125
56,0.1,14,range_scaled,Pitcher,15,Offspeed_Top,0.125
56,0.1,14,range_scaled,Pitcher,15,Offspeed_Chase,0.125
56,0.1,14,range_scaled,Pitcher,16,Fastball_Bottom,0.125
56,0.1,14,range_scaled,Pitcher,16,Fastball_Middle,0.125
56,0.1,14,range_scaled,Pitcher,16,Fastball_Top,0.125
56,0.1,14,range_scaled,Pitcher,16,Fastball_Chase,0.125
56,0.1,14,range_scaled,Pitcher,16,Offspeed_Bottom,0.125
56,0.1,14,range_scaled,Pitcher,16,Offspeed_Middle,0.125
56,0.1,14,range_scaled,Pitcher,16,Offspeed_Top,0.125
56,0.1,14,range_scaled,Pitcher,16,Offspeed_Chase,0.125
56,0.1,14,range_scaled,Pitcher,17,Fastball_Bottom,0.125
56,0.1,14,range_scaled,Pitcher,17,Fastball_Middle,0.125
56,0.1,14,range_scaled,Pitcher,17,Fastball_Top,0.125
56,0.1,14,range_scaled,Pitcher,17,Fastball_Chase,0.125
56,0.1,14,range_scaled,Pitcher,17,Offspeed_Bottom,0.125
56,0.1,14,range_scaled,Pitcher,17,Offspeed_Middle,0.125
56,0.1,14,range_scaled,Pitcher,17,Offspeed_Top,0.125
56,0.1,14,range_scaled,Pitcher,17,Offspeed_Chase,0.125
57,0.1,15,range_scaled,Batter,1,Swing,0.0
57,0.1,15,range_scaled,Batter,1,Take,1.0
57,0.1,15,range_scaled,Batter,2,Swing,0.5
57,0.1,15,range_scaled,Batter,2,Take,0.5
57,0.1,15,range_scaled,Batter,3,Swing,1.0
57,0.1,15,range_scaled,Batter,3,Take,0.0
57,0.1,15,range_scaled,Batter,4,Swing,0.5
57,0.1,15,range_scaled,Batter,4,Take,0.5
57,0.1,15,range_scaled,Batter,5,Swing,1.0
57,0.1,15,range_scaled,Batter,5,Take,0.0
57,0.1,15,range_scaled,Batter,6,Swing,0.5
57,0.1,15,range_scaled,Batter,6,Take,0.5
57,0.1,15,range_scaled,Batter,7,Swing,1.0
57,0.1,15,range_scaled,Batter,7,Take,0.0
57,0.1,15,range_scaled,Batter,8,Swing,0.5
57,0.1,15,range_scaled,Batter,8,Take,0.5
57,0.1,15,range_scaled,Batter,9,Swing,0.65996275358504
57,0.1,15,range_scaled,Batter,9,Take,0.34003724641496
57,0.1,15,range_scaled,Batter,10,Swing,0.5
57,0.1,15,range_scaled,Batter,10,Take,0.5
57,0.1,15,range_scaled,Batter,11,Swing,0.0
57,0.1,15,range_scaled,Batter,11,Take,1.0
57,0.1,15,range_scaled,Batter,12,Swing,0.5
57,0.1,15,range_scaled,Batter,12,Take,0.5
57,0.1,15,range_scaled,Batter,13,Swing,1.0
57,0.1,15,range_scaled,Batter,13,Take,0.0
57,0.1,15,range_scaled,Batter,14,Swing,0.5
57,0.1,15,range_scaled,Batter,14,Take,0.5
57,0.1,15,range_scaled,Batter,15,Swing,1.0
57,0.1,15,range_scaled,Batter,15,Take,0.0
57,0.1,15,range_scaled,Batter,16,Swing,0.5
57,0.1,15,range_scaled,Batter,16,Take,0.5
57,0.1,15,range_scaled,Batter,17,Swing,1.0
57,0.1,15,range_scaled,Batter,17,Take,0.0
57,0.1,15,range_scaled,Pitcher,1,Fastball_Bottom,0.0
57,0.1,15,range_scaled,Pitcher,1,Fastball_Middle,0.0
57,0.1,15,range_scaled,Pitcher,1,Fastball_Top,0.0
57,0.1,15,range_scaled,Pitcher,1,Fastball_Chase,1.0
57,0.1,15,range_scaled,Pitcher,1,Offspeed_Bottom,0.0
57,0.1,15,range_scaled,Pitcher,1,Offspeed_Middle,0.0
57,0.1,15,range_scaled,Pitcher,1,Offspeed_Top,0.0
57,0.1,15,range_scaled,Pitcher,1,Offspeed_Chase,0.0
57,0.1,15,range_scaled,Pitcher,2,Fastball_Bottom,0.125
57,0.1,15,range_scaled,Pitcher,2,Fastball_Middle,0.125
57,0.1,15,range_scaled,Pitcher,2,Fastball_Top,0.125
57,0.1,15,range_scaled,Pitcher,2,Fastball_Chase,0.125
57,0.1,15,range_scaled,Pitcher,2,Offspeed_Bottom,0.125
57,0.1,15,range_scaled,Pitcher,2,Offspeed_Middle,0.125
57,0.1,15,range_scaled,Pitcher,2,Offspeed_Top,0.125
57,0.1,15,range_scaled,Pitcher,2,Offspeed_Chase,0.125
57,0.1,15,range_scaled,Pitcher,3,Fastball_Bottom,0.125
57,0.1,15,range_scaled,Pitcher,3,Fastball_Middle,0.125
57,0.1,15,range_scaled,Pitcher,3,Fastball_Top,0.125
57,0.1,15,range_scaled,Pitcher,3,Fastball_Chase,0.125
57,0.1,15,range_scaled,Pitcher,3,Offspeed_Bottom,0.125
57,0.1,15,range_scaled,Pitcher,3,Offspeed_Middle,0.125
57,0.1,15,range_scaled,Pitcher,3,Offspeed_Top,0.125
57,0.1,15,range_scaled,Pitcher,3,Offspeed_Chase,0.125
57,0.1,15,range_scaled,Pitcher,4,Fastball_Bottom,0.125
57,0.1,15,range_scaled,Pitcher,4,Fastball_Middle,0.125
57,0.1,15,range_scaled,Pitcher,4,Fastball_Top,0.125
57,0.1,15,range_scaled,Pitcher,4,Fastball_Chase,0.125
57,0.1,15,range_scaled,Pitcher,4,Offspeed_Bottom,0.125
57,0.1,15,range_scaled,Pitcher,4,Offspeed_Middle,0.125
57,0.1,15,range_scaled,Pitcher,4,Offspeed_Top,0.125
57,0.1,15,range_scaled,Pitcher,4,Offspeed_Chase,0.125
57,0.1,15,range_scaled,Pitcher,5,Fastball_Bottom,0.125
57,0.1,15,range_scaled,Pitcher,5,Fastball_Middle,0.125
57,0.1,15,range_scaled,Pitcher,5,Fastball_Top,0.125
57,0.1,15,range_scaled,Pitcher,5,Fastball_Chase,0.125
57,0.1,15,range_scaled,Pitcher,5,Offspeed_Bottom,0.125
57,0.1,15,range_scaled,Pitcher,5,Offspeed_Middle,0.125
57,0.1,15,range_scaled,Pitcher,5,Offspeed_Top,0.125
57,0.1,15,range_scaled,Pitcher,5,Offspeed_Chase,0.125
57,0.1,15,range_scaled,Pitcher,6,Fastball_Bottom,0.125
57,0.1,15,range_scaled,Pitcher,6,Fastball_Middle,0.125
57,0.1,15,range_scaled,Pitcher,6,Fastball_Top,0.125
57,0.1,15,range_scaled,Pitcher,6,Fastball_Chase,0.125
57,0.1,15,range_scaled,Pitcher,6,Offspeed_Bottom,0.125
57,0.1,15,range_scaled,Pitcher,6,Offspeed_Middle,0.125
57,0.1,15,range_scaled,Pitcher,6,Offspeed_Top,0.125
57,0.1,15,range_scaled,Pitcher,6,Offspeed_Chase,0.125
57,0.1,15,range_scaled,Pitcher,7,Fastball_Bottom,0.125
57,0.1,15,range_scaled,Pitcher,7,Fastball_Middle,0.125
57,0.1,15,range_scaled,Pitcher,7,Fastball_Top,0.125
57,0.1,15,range_scaled,Pitcher,7,Fastball_Chase,0.125
57,0.1,15,range_scaled,Pitcher,7,Offspeed_Bottom,0.125
57,0.1,15,range_scaled,Pitcher,7,Offspeed_Middle,0.125
57,0.1,15,range_scaled,Pitcher,7,Offspeed_Top,0.125
57,0.1,15,range_scaled,Pitcher,7,Offspeed_Chase,0.125
57,0.1,15,range_scaled,Pitcher,8,Fastball_Bottom,1.0
57,0.1,15,range_scaled,Pitcher,8,Fastball_Middle,0.0
57,0.1,15,range_scaled,Pitcher,8,Fastball_Top,0.0
57,0.1,15,range_scaled,Pitcher,8,Fastball_Chase,0.0
57,0.1,15,range_scaled,Pitcher,8,Offspeed_Bottom,0.0
57,0.1,15,range_scaled,Pitcher,8,Offspeed_Middle,0.0
57,0.1,15,range_scaled,Pitcher,8,Offspeed_Top,0.0
57,0.1,15,range_scaled,Pitcher,8,Offspeed_Chase,0.0
57,0.1,15,range_scaled,Pitcher,9,Fastball_Bottom,0.0
57,0.1,15,range_scaled,Pitcher,9,Fastball_Middle,0.6988830885769864
57,0.1,15,range_scaled,Pitcher,9,Fastball_Top,0.0
57,0.1,15,range_scaled,Pitcher,9,Fastball_Chase,0.0
57,0.1,15,range_scaled,Pitcher,9,Offspeed_Bottom,0.0
57,0.1,15,range_scaled,Pitcher,9,Offspeed_Middle,0.0
57,0.1,15,range_scaled,Pitcher,9,Offspeed_Top,0.0
57,0.1,15,range_scaled,Pitcher,9,Offspeed_Chase,0.30111691142301356
57,0.1,15,range_scaled,Pitcher,10,Fastball_Bottom,0.125
57,0.1,15,range_scaled,Pitcher,10,Fastball_Middle,0.125
57,0.1,15,range_scaled,Pitcher,10,Fastball_Top,0.125
57,0.1,15,range_scaled,Pitcher,10,Fastball_Chase,0.125
57,0.1,15,range_scaled,Pitcher,10,Offspeed_Bottom,0.125
57,0.1,15,range_scaled,Pitcher,10,Offspeed_Middle,0.125
57,0.1,15,range_scaled,Pitcher,10,Offspeed_Top,0.125
57,0.1,15,range_scaled,Pitcher,10,Offspeed_Chase,0.125
57,0.1,15,range_scaled,Pitcher,11,Fastball_Bottom,0.125
57,0.1,15,range_scaled,Pitcher,11,Fastball_Middle,0.125
57,0.1,15,range_scaled,Pitcher,11,Fastball_Top,0.125
57,0.1,15,range_scaled,Pitcher,11,Fastball_Chase,0.125
57,0.1,15,range_scaled,Pitcher,11,Offspeed_Bottom,0.125
57,0.1,15,range_scaled,Pitcher,11,Offspeed_Middle,0.125
57,0.1,15,range_scaled,Pitcher,11,Offspeed_Top,0.125
57,0.1,15,range_scaled,Pitcher,11,Offspeed_Chase,0.125
57,0.1,15,range_scaled,Pitcher,12,Fastball_Bottom,0.125
57,0.1,15,range_scaled,Pitcher,12,Fastball_Middle,0.125
57,0.1,15,range_scaled,Pitcher,12,Fastball_Top,0.125
57,0.1,15,range_scaled,Pitcher,12,Fastball_Chase,0.125
57,0.1,15,range_scaled,Pitcher,12,Offspeed_Bottom,0.125
57,0.1,15,range_scaled,Pitcher,12,Offspeed_Middle,0.125
57,0.1,15,range_scaled,Pitcher,12,Offspeed_Top,0.125
57,0.1,15,range_scaled,Pitcher,12,Offspeed_Chase,0.125
57,0.1,15,range_scaled,Pitcher,13,Fastball_Bottom,0.125
57,0.1,15,range_scaled,Pitcher,13,Fastball_Middle,0.125
57,0.1,15,range_scaled,Pitcher,13,Fastball_Top,0.125
57,0.1,15,range_scaled,Pitcher,13,Fastball_Chase,0.125
57,0.1,15,range_scaled,Pitcher,13,Offspeed_Bottom,0.125
57,0.1,15,range_scaled,Pitcher,13,Offspeed_Middle,0.125
57,0.1,15,range_scaled,Pitcher,13,Offspeed_Top,0.125
57,0.1,15,range_scaled,Pitcher,13,Offspeed_Chase,0.125
57,0.1,15,range_scaled,Pitcher,14,Fastball_Bottom,0.125
57,0.1,15,range_scaled,Pitcher,14,Fastball_Middle,0.125
57,0.1,15,range_scaled,Pitcher,14,Fastball_Top,0.125
57,0.1,15,range_scaled,Pitcher,14,Fastball_Chase,0.125
57,0.1,15,range_scaled,Pitcher,14,Offspeed_Bottom,0.125
57,0.1,15,range_scaled,Pitcher,14,Offspeed_Middle,0.125
57,0.1,15,range_scaled,Pitcher,14,Offspeed_Top,0.125
57,0.1,15,range_scaled,Pitcher,14,Offspeed_Chase,0.125
57,0.1,15,range_scaled,Pitcher,15,Fastball_Bottom,0.125
57,0.1,15,range_scaled,Pitcher,15,Fastball_Middle,0.125
57,0.1,15,range_scaled,Pitcher,15,Fastball_Top,0.125
57,0.1,15,range_scaled,Pitcher,15,Fastball_Chase,0.125
57,0.1,15,range_scaled,Pitcher,15,Offspeed_Bottom,0.125
57,0.1,15,range_scaled,Pitcher,15,Offspeed_Middle,0.125
57,0.1,15,range_scaled,Pitcher,15,Offspeed_Top,0.125
57,0.1,15,range_scaled,Pitcher,15,Offspeed_Chase,0.125
57,0.1,15,range_scaled,Pitcher,16,Fastball_Bottom,0.125
57,0.1,15,range_scaled,Pitcher,16,Fastball_Middle,0.125
57,0.1,15,range_scaled,Pitcher,16,Fastball_Top,0.125
57,0.1,15,range_scaled,Pitcher,16,Fastball_Chase,0.125
57,0.1,15,range_scaled,Pitcher,16,Offspeed_Bottom,0.125
57,0.1,15,range_scaled,Pitcher,16,Offspeed_Middle,0.125
57,0.1,15,range_scaled,Pitcher,16,Offspeed_Top,0.125
57,0.1,15,range_scaled,Pitcher,16,Offspeed_Chase,0.125
57,0.1,15,range_scaled,Pitcher,17,Fastball_Bottom,0.125
57,0.1,15,range_scaled,Pitcher,17,Fastball_Middle,0.125
57,0.1,15,range_scaled,Pitcher,17,Fastball_Top,0.125
57,0.1,15,range_scaled,Pitcher,17,Fastball_Chase,0.125
57,0.1,15,range_scaled,Pitcher,17,Offspeed_Bottom,0.125
57,0.1,15,range_scaled,Pitcher,17,Offspeed_Middle,0.125
57,0.1,15,range_scaled,Pitcher,17,Offspeed_Top,0.125
57,0.1,15,range_scaled,Pitcher,17,Offspeed_Chase,0.125
58,0.1,16,range_scaled,Batter,1,Swing,0.9623056033047385
58,0.1,16,range_scaled,Batter,1,Take,0.037694396695261576
58,0.1,16,range_scaled,Batter,2,Swing,1.0
58,0.1,16,range_scaled,Batter,2,Take,0.0
58,0.1,16,range_scaled,Batter,3,Swing,1.0
58,0.1,16,range_scaled,Batter,3,Take,0.0
58,0.1,16,range_scaled,Batter,4,Swing,1.0
58,0.1,16,range_scaled,Batter,4,Take,0.0
58,0.1,16,range_scaled,Batter,5,Swing,1.0
58,0.1,16,range_scaled,Batter,5,Take,0.0
58,0.1,16,range_scaled,Batter,6,Swing,1.0
58,0.1,16,range_scaled,Batter,6,Take,0.0
58,0.1,16,range_scaled,Batter,7,Swing,0.0
58,0.1,16,range_scaled,Batter,7,Take,1.0
58,0.1,16,range_scaled,Batter,8,Swing,1.0
58,0.1,16,range_scaled,Batter,8,Take,0.0
58,0.1,16,range_scaled,Batter,9,Swing,0.4272452976170259
58,0.1,16,range_scaled,Batter,9,Take,0.5727547023829742
58,0.1,16,range_scaled,Batter,10,Swing,1.0
58,0.1,16,range_scaled,Batter,10,Take,0.0
58,0.1,16,range_scaled,Batter,11,Swing,1.0
58,0.1,16,range_scaled,Batter,11,Take,0.0
58,0.1,16,range_scaled,Batter,12,Swing,1.0
58,0.1,16,range_scaled,Batter,12,Take,0.0
58,0.1,16,range_scaled,Batter,13,Swing,1.0
58,0.1,16,range_scaled,Batter,13,Take,0.0
58,0.1,16,range_scaled,Batter,14,Swing,1.0
58,0.1,16,range_scaled,Batter,14,Take,0.0
58,0.1,16,range_scaled,Batter,15,Swing,1.0
58,0.1,16,range_scaled,Batter,15,Take,0.0
58,0.1,16,range_scaled,Batter,16,Swing,1.0
58,0.1,16,range_scaled,Batter,16,Take,0.0
58,0.1,16,range_scaled,Batter,17,Swing,0.0
58,0.1,16,range_scaled,Batter,17,Take,1.0
58,0.1,16,range_scaled,Pitcher,1,Fastball_Bottom,-0.0
58,0.1,16,range_scaled,Pitcher,1,Fastball_Middle,-0.0
58,0.1,16,range_scaled,Pitcher,1,Fastball_Top,0.9514837772247883
58,0.1,16,range_scaled,Pitcher,1,Fastball_Chase,0.048516222775211726
58,0.1,16,range_scaled,Pitcher,1,Offspeed_Bottom,-0.0
58,0.1,16,range_scaled,Pitcher,1,Offspeed_Middle,-0.0
58,0.1,16,range_scaled,Pitcher,1,Offspeed_Top,-0.0
58,0.1,16,range_scaled,Pitcher,1,Offspeed_Chase,-0.0
58,0.1,16,range_scaled,Pitcher,2,Fastball_Bottom,0.125
58,0.1,16,range_scaled,Pitcher,2,Fastball_Middle,0.125
58,0.1,16,range_scaled,Pitcher,2,Fastball_Top,0.125
58,0.1,16,range_scaled,Pitcher,2,Fastball_Chase,0.125
58,0.1,16,range_scaled,Pitcher,2,Offspeed_Bottom,0.125
58,0.1,16,range_scaled,Pitcher,2,Offspeed_Middle,0.125
58,0.1,16,range_scaled,Pitcher,2,Offspeed_Top,0.125
58,0.1,16,range_scaled,Pitcher,2,Offspeed_Chase,0.125
58,0.1,16,range_scaled,Pitcher,3,Fastball_Bottom,0.125
58,0.1,16,range_scaled,Pitcher,3,Fastball_Middle,0.125
58,0.1,16,range_scaled,Pitcher,3,Fastball_Top,0.125
58,0.1,16,range_scaled,Pitcher,3,Fastball_Chase,0.125
58,0.1,16,range_scaled,Pitcher,3,Offspeed_Bottom,0.125
58,0.1,16,range_scaled,Pitcher,3,Offspeed_Middle,0.125
58,0.1,16,range_scaled,Pitcher,3,Offspeed_Top,0.125
58,0.1,16,range_scaled,Pitcher,3,Offspeed_Chase,0.125
58,0.1,16,range_scaled,Pitcher,4,Fastball_Bottom,0.125
58,0.1,16,range_scaled,Pitcher,4,Fastball_Middle,0.125
58,0.1,16,range_scaled,Pitcher,4,Fastball_Top,0.125
58,0.1,16,range_scaled,Pitcher,4,Fastball_Chase,0.125
58,0.1,16,range_scaled,Pitcher,4,Offspeed_Bottom,0.125
58,0.1,16,range_scaled,Pitcher,4,Offspeed_Middle,0.125
58,0.1,16,range_scaled,Pitcher,4,Offspeed_Top,0.125
58,0.1,16,range_scaled,Pitcher,4,Offspeed_Chase,0.125
58,0.1,16,range_scaled,Pitcher,5,Fastball_Bottom,0.125
58,0.1,16,range_scaled,Pitcher,5,Fastball_Middle,0.125
58,0.1,16,range_scaled,Pitcher,5,Fastball_Top,0.125
58,0.1,16,range_scaled,Pitcher,5,Fastball_Chase,0.125
58,0.1,16,range_scaled,Pitcher,5,Offspeed_Bottom,0.125
58,0.1,16,range_scaled,Pitcher,5,Offspeed_Middle,0.125
58,0.1,16,range_scaled,Pitcher,5,Offspeed_Top,0.125
58,0.1,16,range_scaled,Pitcher,5,Offspeed_Chase,0.125
58,0.1,16,range_scaled,Pitcher,6,Fastball_Bottom,1.0
58,0.1,16,range_scaled,Pitcher,6,Fastball_Middle,0.0
58,0.1,16,range_scaled,Pitcher,6,Fastball_Top,0.0
58,0.1,16,range_scaled,Pitcher,6,Fastball_Chase,0.0
58,0.1,16,range_scaled,Pitcher,6,Offspeed_Bottom,0.0
58,0.1,16,range_scaled,Pitcher,6,Offspeed_Middle,0.0
58,0.1,16,range_scaled,Pitcher,6,Offspeed_Top,0.0
58,0.1,16,range_scaled,Pitcher,6,Offspeed_Chase,0.0
58,0.1,16,range_scaled,Pitcher,7,Fastball_Bottom,1.0
58,0.1,16,range_scaled,Pitcher,7,Fastball_Middle,0.0
58,0.1,16,range_scaled,Pitcher,7,Fastball_Top,0.0
58,0.1,16,range_scaled,Pitcher,7,Fastball_Chase,0.0
58,0.1,16,range_scaled,Pitcher,7,Offspeed_Bottom,0.0
58,0.1,16,range_scaled,Pitcher,7,Offspeed_Middle,0.0
58,0.1,16,range_scaled,Pitcher,7,Offspeed_Top,0.0
58,0.1,16,range_scaled,Pitcher,7,Offspeed_Chase,0.0
58,0.1,16,range_scaled,Pitcher,8,Fastball_Bottom,1.0
58,0.1,16,range_scaled,Pitcher,8,Fastball_Middle,0.0
58,0.1,16,range_scaled,Pitcher,8,Fastball_Top,0.0
58,0.1,16,range_scaled,Pitcher,8,Fastball_Chase,0.0
58,0.1,16,range_scaled,Pitcher,8,Offspeed_Bottom,0.0
58,0.1,16,range_scaled,Pitcher,8,Offspeed_Middle,0.0
58,0.1,16,range_scaled,Pitcher,8,Offspeed_Top,0.0
58,0.1,16,range_scaled,Pitcher,8,Offspeed_Chase,0.0
58,0.1,16,range_scaled,Pitcher,9,Fastball_Bottom,0.0
58,0.1,16,range_scaled,Pitcher,9,Fastball_Middle,0.0
58,0.1,16,range_scaled,Pitcher,9,Fastball_Top,0.4274086486597873
58,0.1,16,range_scaled,Pitcher,9,Fastball_Chase,0.0
58,0.1,16,range_scaled,Pitcher,9,Offspeed_Bottom,0.0
58,0.1,16,range_scaled,Pitcher,9,Offspeed_Middle,0.0
58,0.1,16,range_scaled,Pitcher,9,Offspeed_Top,0.0
58,0.1,16,range_scaled,Pitcher,9,Offspeed_Chase,0.5725913513402129
58,0.1,16,range_scaled,Pitcher,10,Fastball_Bottom,0.125
58,0.1,16,range_scaled,Pitcher,10,Fastball_Middle,0.125
58,0.1,16,range_scaled,Pitcher,10,Fastball_Top,0.125
58,0.1,16,range_scaled,Pitcher,10,Fastball_Chase,0.125
58,0.1,16,range_scaled,Pitcher,10,Offspeed_Bottom,0.125
58,0.1,16,range_scaled,Pitcher,10,Offspeed_Middle,0.125
58,0.1,16,range_scaled,Pitcher,10,Offspeed_Top,0.125
58,0.1,16,range_scaled,Pitcher,10,Offspeed_Chase,0.125
58,0.1,16,range_scaled,Pitcher,11,Fastball_Bottom,0.125
58,0.1,16,range_scaled,Pitcher,11,Fastball_Middle,0.125
58,0.1,16,range_scaled,Pitcher,11,Fastball_Top,0.125
58,0.1,16,range_scaled,Pitcher,11,Fastball_Chase,0.125
58,0.1,16,range_scaled,Pitcher,11,Offspeed_Bottom,0.125
58,0.1,16,range_scaled,Pitcher,11,Offspeed_Middle,0.125
58,0.1,16,range_scaled,Pitcher,11,Offspeed_Top,0.125
58,0.1,16,range_scaled,Pitcher,11,Offspeed_Chase,0.125
58,0.1,16,range_scaled,Pitcher,12,Fastball_Bottom,0.125
58,0.1,16,range_scaled,Pitcher,12,Fastball_Middle,0.125
58,0.1,16,range_scaled,Pitcher,12,Fastball_Top,0.125
58,0.1,16,range_scaled,Pitcher,12,Fastball_Chase,0.125
58,0.1,16,range_scaled,Pitcher,12,Offspeed_Bottom,0.125
58,0.1,16,range_scaled,Pitcher,12,Offspeed_Middle,0.125
58,0.1,16,range_scaled,Pitcher,12,Offspeed_Top,0.125
58,0.1,16,range_scaled,Pitcher,12,Offspeed_Chase,0.125
58,0.1,16,range_scaled,Pitcher,13,Fastball_Bottom,0.125
58,0.1,16,range_scaled,Pitcher,13,Fastball_Middle,0.125
58,0.1,16,range_scaled,Pitcher,13,Fastball_Top,0.125
58,0.1,16,range_scaled,Pitcher,13,Fastball_Chase,0.125
58,0.1,16,range_scaled,Pitcher,13,Offspeed_Bottom,0.125
58,0.1,16,range_scaled,Pitcher,13,Offspeed_Middle,0.125
58,0.1,16,range_scaled,Pitcher,13,Offspeed_Top,0.125
58,0.1,16,range_scaled,Pitcher,13,Offspeed_Chase,0.125
58,0.1,16,range_scaled,Pitcher,14,Fastball_Bottom,0.125
58,0.1,16,range_scaled,Pitcher,14,Fastball_Middle,0.125
58,0.1,16,range_scaled,Pitcher,14,Fastball_Top,0.125
58,0.1,16,range_scaled,Pitcher,14,Fastball_Chase,0.125
58,0.1,16,range_scaled,Pitcher,14,Offspeed_Bottom,0.125
58,0.1,16,range_scaled,Pitcher,14,Offspeed_Middle,0.125
58,0.1,16,range_scaled,Pitcher,14,Offspeed_Top,0.125
58,0.1,16,range_scaled,Pitcher,14,Offspeed_Chase,0.125
58,0.1,16,range_scaled,Pitcher,15,Fastball_Bottom,0.125
58,0.1,16,range_scaled,Pitcher,15,Fastball_Middle,0.125
58,0.1,16,range_scaled,Pitcher,15,Fastball_Top,0.125
58,0.1,16,range_scaled,Pitcher,15,Fastball_Chase,0.125
58,0.1,16,range_scaled,Pitcher,15,Offspeed_Bottom,0.125
58,0.1,16,range_scaled,Pitcher,15,Offspeed_Middle,0.125
58,0.1,16,range_scaled,Pitcher,15,Offspeed_Top,0.125
58,0.1,16,range_scaled,Pitcher,15,Offspeed_Chase,0.125
58,0.1,16,range_scaled,Pitcher,16,Fastball_Bottom,0.125
58,0.1,16,range_scaled,Pitcher,16,Fastball_Middle,0.125
58,0.1,16,range_scaled,Pitcher,16,Fastball_Top,0.125
58,0.1,16,range_scaled,Pitcher,16,Fastball_Chase,0.125
58,0.1,16,range_scaled,Pitcher,16,Offspeed_Bottom,0.125
58,0.1,16,range_scaled,Pitcher,16,Offspeed_Middle,0.125
58,0.1,16,range_scaled,Pitcher,16,Offspeed_Top,0.125
58,0.1,16,range_scaled,Pitcher,16,Offspeed_Chase,0.125
58,0.1,16,range_scaled,Pitcher,17,Fastball_Bottom,0.125
58,0.1,16,range_scaled,Pitcher,17,Fastball_Middle,0.125
58,0.1,16,range_scaled,Pitcher,17,Fastball_Top,0.125
58,0.1,16,range_scaled,Pitcher,17,Fastball_Chase,0.125
58,0.1,16,range_scaled,Pitcher,17,Offspeed_Bottom,0.125
58,0.1,16,range_scaled,Pitcher,17,Offspeed_Middle,0.125
58,0.1,16,range_scaled,Pitcher,17,Offspeed_Top,0.125
58,0.1,16,range_scaled,Pitcher,17,Offspeed_Chase,0.125
59,0.1,17,range_scaled,Batter,1,Swing,0.7414940615019657
59,0.1,17,range_scaled,Batter,1,Take,0.25850593849803427
59,0.1,17,range_scaled,Batter,2,Swing,1.0
59,0.1,17,range_scaled,Batter,2,Take,0.0
59,0.1,17,range_scaled,Batter,3,Swing,1.0
59,0.1,17,range_scaled,Batter,3,Take,0.0
59,0.1,17,range_scaled,Batter,4,Swing,1.0
59,0.1,17,range_scaled,Batter,4,Take,0.0
59,0.1,17,range_scaled,Batter,5,Swing,1.0
59,0.1,17,range_scaled,Batter,5,Take,0.0
59,0.1,17,range_scaled,Batter,6,Swing,1.0
59,0.1,17,range_scaled,Batter,6,Take,0.0
59,0.1,17,range_scaled,Batter,7,Swing,1.0
59,0.1,17,range_scaled,Batter,7,Take,0.0
59,0.1,17,range_scaled,Batter,8,Swing,1.0
59,0.1,17,range_scaled,Batter,8,Take,0.0
59,0.1,17,range_scaled,Batter,9,Swing,0.6727370568311865
59,0.1,17,range_scaled,Batter,9,Take,0.32726294316881355
59,0.1,17,range_scaled,Batter,10,Swing,1.0
59,0.1,17,range_scaled,Batter,10,Take,0.0
59,0.1,17,range_scaled,Batter,11,Swing,1.0
59,0.1,17,range_scaled,Batter,11,Take,0.0
59,0.1,17,range_scaled,Batter,12,Swing,1.0
59,0.1,17,range_scaled,Batter,12,Take,0.0
59,0.1,17,range_scaled,Batter,13,Swing,1.0
59,0.1,17,range_scaled,Batter,13,Take,0.0
59,0.1,17,range_scaled,Batter,14,Swing,1.0
59,0.1,17,range_scaled,Batter,14,Take,0.0
59,0.1,17,range_scaled,Batter,15,Swing,1.0
59,0.1,17,range_scaled,Batter,15,Take,0.0
59,0.1,17,range_scaled,Batter,16,Swing,1.0
59,0.1,17,range_scaled,Batter,16,Take,0.0
59,0.1,17,range_scaled,Batter,17,Swing,1.0
59,0.1,17,range_scaled,Batter,17,Take,0.0
59,0.1,17,range_scaled,Pitcher,1,Fastball_Bottom,-0.0
59,0.1,17,range_scaled,Pitcher,1,Fastball_Middle,-0.0
59,0.1,17,range_scaled,Pitcher,1,Fastball_Top,-0.0
59,0.1,17,range_scaled,Pitcher,1,Fastball_Chase,-0.0
59,0.1,17,range_scaled,Pitcher,1,Offspeed_Bottom,0.14371089808137816
59,0.1,17,range_scaled,Pitcher,1,Offspeed_Middle,-0.0
59,0.1,17,range_scaled,Pitcher,1,Offspeed_Top,-0.0
59,0.1,17,range_scaled,Pitcher,1,Offspeed_Chase,0.8562891019186218
59,0.1,17,range_scaled,Pitcher,2,Fastball_Bottom,0.125
59,0.1,17,range_scaled,Pitcher,2,Fastball_Middle,0.125
59,0.1,17,range_scaled,Pitcher,2,Fastball_Top,0.125
59,0.1,17,range_scaled,Pitcher,2,Fastball_Chase,0.125
59,0.1,17,range_scaled,Pitcher,2,Offspeed_Bottom,0.125
59,0.1,17,range_scaled,Pitcher,2,Offspeed_Middle,0.125
59,0.1,17,range_scaled,Pitcher,2,Offspeed_Top,0.125
59,0.1,17,range_scaled,Pitcher,2,Offspeed_Chase,0.125
59,0.1,17,range_scaled,Pitcher,3,Fastball_Bottom,0.125
59,0.1,17,range_scaled,Pitcher,3,Fastball_Middle,0.125
59,0.1,17,range_scaled,Pitcher,3,Fastball_Top,0.125
59,0.1,17,range_scaled,Pitcher,3,Fastball_Chase,0.125
59,0.1,17,range_scaled,Pitcher,3,Offspeed_Bottom,0.125
59,0.1,17,range_scaled,Pitcher,3,Offspeed_Middle,0.125
59,0.1,17,range_scaled,Pitcher,3,Offspeed_Top,0.125
59,0.1,17,range_scaled,Pitcher,3,Offspeed_Chase,0.125
59,0.1,17,range_scaled,Pitcher,4,Fastball_Bottom,0.125
59,0.1,17,range_scaled,Pitcher,4,Fastball_Middle,0.125
59,0.1,17,range_scaled,Pitcher,4,Fastball_Top,0.125
59,0.1,17,range_scaled,Pitcher,4,Fastball_Chase,0.125
59,0.1,17,range_scaled,Pitcher,4,Offspeed_Bottom,0.125
59,0.1,17,range_scaled,Pitcher,4,Offspeed_Middle,0.125
59,0.1,17,range_scaled,Pitcher,4,Offspeed_Top,0.125
59,0.1,17,range_scaled,Pitcher,4,Offspeed_Chase,0.125
59,0.1,17,range_scaled,Pitcher,5,Fastball_Bottom,0.125
59,0.1,17,range_scaled,Pitcher,5,Fastball_Middle,0.125
59,0.1,17,range_scaled,Pitcher,5,Fastball_Top,0.125
59,0.1,17,range_scaled,Pitcher,5,Fastball_Chase,0.125
59,0.1,17,range_scaled,Pitcher,5,Offspeed_Bottom,0.125
59,0.1,17,range_scaled,Pitcher,5,Offspeed_Middle,0.125
59,0.1,17,range_scaled,Pitcher,5,Offspeed_Top,0.125
59,0.1,17,range_scaled,Pitcher,5,Offspeed_Chase,0.125
59,0.1,17,range_scaled,Pitcher,6,Fastball_Bottom,0.125
59,0.1,17,range_scaled,Pitcher,6,Fastball_Middle,0.125
59,0.1,17,range_scaled,Pitcher,6,Fastball_Top,0.125
59,0.1,17,range_scaled,Pitcher,6,Fastball_Chase,0.125
59,0.1,17,range_scaled,Pitcher,6,Offspeed_Bottom,0.125
59,0.1,17,range_scaled,Pitcher,6,Offspeed_Middle,0.125
59,0.1,17,range_scaled,Pitcher,6,Offspeed_Top,0.125
59,0.1,17,range_scaled,Pitcher,6,Offspeed_Chase,0.125
59,0.1,17,range_scaled,Pitcher,7,Fastball_Bottom,0.125
59,0.1,17,range_scaled,Pitcher,7,Fastball_Middle,0.125
59,0.1,17,range_scaled,Pitcher,7,Fastball_Top,0.125
59,0.1,17,range_scaled,Pitcher,7,Fastball_Chase,0.125
59,0.1,17,range_scaled,Pitcher,7,Offspeed_Bottom,0.125
59,0.1,17,range_scaled,Pitcher,7,Offspeed_Middle,0.125
59,0.1,17,range_scaled,Pitcher,7,Offspeed_Top,0.125
59,0.1,17,range_scaled,Pitcher,7,Offspeed_Chase,0.125
59,0.1,17,range_scaled,Pitcher,8,Fastball_Bottom,0.125
59,0.1,17,range_scaled,Pitcher,8,Fastball_Middle,0.125
59,0.1,17,range_scaled,Pitcher,8,Fastball_Top,0.125
59,0.1,17,range_scaled,Pitcher,8,Fastball_Chase,0.125
59,0.1,17,range_scaled,Pitcher,8,Offspeed_Bottom,0.125
59,0.1,17,range_scaled,Pitcher,8,Offspeed_Middle,0.125
59,0.1,17,range_scaled,Pitcher,8,Offspeed_Top,0.125
59,0.1,17,range_scaled,Pitcher,8,Offspeed_Chase,0.125
59,0.1,17,range_scaled,Pitcher,9,Fastball_Bottom,0.125
59,0.1,17,range_scaled,Pitcher,9,Fastball_Middle,0.125
59,0.1,17,range_scaled,Pitcher,9,Fastball_Top,0.125
59,0.1,17,range_scaled,Pitcher,9,Fastball_Chase,0.125
59,0.1,17,range_scaled,Pitcher,9,Offspeed_Bottom,0.125
59,0.1,17,range_scaled,Pitcher,9,Offspeed_Middle,0.125
59,0.1,17,range_scaled,Pitcher,9,Offspeed_Top,0.125
59,0.1,17,range_scaled,Pitcher,9,Offspeed_Chase,0.125
59,0.1,17,range_scaled,Pitcher,10,Fastball_Bottom,1.0
59,0.1,17,range_scaled,Pitcher,10,Fastball_Middle,0.0
59,0.1,17,range_scaled,Pitcher,10,Fastball_Top,0.0
59,0.1,17,range_scaled,Pitcher,10,Fastball_Chase,0.0
59,0.1,17,range_scaled,Pitcher,10,Offspeed_Bottom,0.0
59,0.1,17,range_scaled,Pitcher,10,Offspeed_Middle,0.0
59,0.1,17,range_scaled,Pitcher,10,Offspeed_Top,0.0
59,0.1,17,range_scaled,Pitcher,10,Offspeed_Chase,0.0
59,0.1,17,range_scaled,Pitcher,11,Fastball_Bottom,0.0
59,0.1,17,range_scaled,Pitcher,11,Fastball_Middle,0.0
59,0.1,17,range_scaled,Pitcher,11,Fastball_Top,0.0
59,0.1,17,range_scaled,Pitcher,11,Fastball_Chase,0.0
59,0.1,17,range_scaled,Pitcher,11,Offspeed_Bottom,0.0
59,0.1,17,range_scaled,Pitcher,11,Offspeed_Middle,0.0
59,0.1,17,range_scaled,Pitcher,11,Offspeed_Top,1.0
59,0.1,17,range_scaled,Pitcher,11,Offspeed_Chase,0.0
59,0.1,17,range_scaled,Pitcher,12,Fastball_Bottom,0.125
59,0.1,17,range_scaled,Pitcher,12,Fastball_Middle,0.125
59,0.1,17,range_scaled,Pitcher,12,Fastball_Top,0.125
59,0.1,17,range_scaled,Pitcher,12,Fastball_Chase,0.125
59,0.1,17,range_scaled,Pitcher,12,Offspeed_Bottom,0.125
59,0.1,17,range_scaled,Pitcher,12,Offspeed_Middle,0.125
59,0.1,17,range_scaled,Pitcher,12,Offspeed_Top,0.125
59,0.1,17,range_scaled,Pitcher,12,Offspeed_Chase,0.125
59,0.1,17,range_scaled,Pitcher,13,Fastball_Bottom,0.125
59,0.1,17,range_scaled,Pitcher,13,Fastball_Middle,0.125
59,0.1,17,range_scaled,Pitcher,13,Fastball_Top,0.125
59,0.1,17,range_scaled,Pitcher,13,Fastball_Chase,0.125
59,0.1,17,range_scaled,Pitcher,13,Offspeed_Bottom,0.125
59,0.1,17,range_scaled,Pitcher,13,Offspeed_Middle,0.125
59,0.1,17,range_scaled,Pitcher,13,Offspeed_Top,0.125
59,0.1,17,range_scaled,Pitcher,13,Offspeed_Chase,0.125
59,0.1,17,range_scaled,Pitcher,14,Fastball_Bottom,0.125
59,0.1,17,range_scaled,Pitcher,14,Fastball_Middle,0.125
59,0.1,17,range_scaled,Pitcher,14,Fastball_Top,0.125
59,0.1,17,range_scaled,Pitcher,14,Fastball_Chase,0.125
59,0.1,17,range_scaled,Pitcher,14,Offspeed_Bottom,0.125
59,0.1,17,range_scaled,Pitcher,14,Offspeed_Middle,0.125
59,0.1,17,range_scaled,Pitcher,14,Offspeed_Top,0.125
59,0.1,17,range_scaled,Pitcher,14,Offspeed_Chase,0.125
59,0.1,17,range_scaled,Pitcher,15,Fastball_Bottom,0.125
59,0.1,17,range_scaled,Pitcher,15,Fastball_Middle,0.125
59,0.1,17,range_scaled,Pitcher,15,Fastball_Top,0.125
59,0.1,17,range_scaled,Pitcher,15,Fastball_Chase,0.125
59,0.1,17,range_scaled,Pitcher,15,Offspeed_Bottom,0.125
59,0.1,17,range_scaled,Pitcher,15,Offspeed_Middle,0.125
59,0.1,17,range_scaled,Pitcher,15,Offspeed_Top,0.125
59,0.1,17,range_scaled,Pitcher,15,Offspeed_Chase,0.125
59,0.1,17,range_scaled,Pitcher,16,Fastball_Bottom,1.0
59,0.1,17,range_scaled,Pitcher,16,Fastball_Middle,0.0
59,0.1,17,range_scaled,Pitcher,16,Fastball_Top,0.0
59,0.1,17,range_scaled,Pitcher,16,Fastball_Chase,0.0
59,0.1,17,range_scaled,Pitcher,16,Offspeed_Bottom,0.0
59,0.1,17,range_scaled,Pitcher,16,Offspeed_Middle,0.0
59,0.1,17,range_scaled,Pitcher,16,Offspeed_Top,0.0
59,0.1,17,range_scaled,Pitcher,16,Offspeed_Chase,0.0
59,0.1,17,range_scaled,Pitcher,17,Fastball_Bottom,0.0
59,0.1,17,range_scaled,Pitcher,17,Fastball_Middle,0.0
59,0.1,17,range_scaled,Pitcher,17,Fastball_Top,0.0
59,0.1,17,range_scaled,Pitcher,17,Fastball_Chase,0.0
59,0.1,17,range_scaled,Pitcher,17,Offspeed_Bottom,0.0
59,0.1,17,range_scaled,Pitcher,17,Offspeed_Middle,0.0
59,0.1,17,range_scaled,Pitcher,17,Offspeed_Top,0.0
59,0.1,17,range_scaled,Pitcher,17,Offspeed_Chase,1.0
60,0.1,18,range_scaled,Batter,1,Swing,0.46243165636240746
60,0.1,18,range_scaled,Batter,1,Take,0.5375683436375925
60,0.1,18,range_scaled,Batter,2,Swing,1.0
60,0.1,18,range_scaled,Batter,2,Take,0.0
60,0.1,18,range_scaled,Batter,3,Swing,1.0
60,0.1,18,range_scaled,Batter,3,Take,0.0
60,0.1,18,range_scaled,Batter,4,Swing,1.0
60,0.1,18,range_scaled,Batter,4,Take,0.0
60,0.1,18,range_scaled,Batter,5,Swing,1.0
60,0.1,18,range_scaled,Batter,5,Take,0.0
60,0.1,18,range_scaled,Batter,6,Swing,1.0
60,0.1,18,range_scaled,Batter,6,Take,0.0
60,0.1,18,range_scaled,Batter,7,Swing,0.329353044451675
60,0.1,18,range_scaled,Batter,7,Take,0.670646955548325
60,0.1,18,range_scaled,Batter,8,Swing,1.0
60,0.1,18,range_scaled,Batter,8,Take,0.0
60,0.1,18,range_scaled,Batter,9,Swing,0.0
60,0.1,18,range_scaled,Batter,9,Take,1.0
60,0.1,18,range_scaled,Batter,10,Swing,1.0
60,0.1,18,range_scaled,Batter,10,Take,0.0
60,0.1,18,range_scaled,Batter,11,Swing,1.0
60,0.1,18,range_scaled,Batter,11,Take,0.0
60,0.1,18,range_scaled,Batter,12,Swing,1.0
60,0.1,18,range_scaled,Batter,12,Take,0.0
60,0.1,18,range_scaled,Batter,13,Swing,0.0
60,0.1,18,range_scaled,Batter,13,Take,1.0
60,0.1,18,range_scaled,Batter,14,Swing,1.0
60,0.1,18,range_scaled,Batter,14,Take,0.0
60,0.1,18,range_scaled,Batter,15,Swing,0.0
60,0.1,18,range_scaled,Batter,15,Take,1.0
60,0.1,18,range_scaled,Batter,16,Swing,1.0
60,0.1,18,range_scaled,Batter,16,Take,0.0
60,0.1,18,range_scaled,Batter,17,Swing,0.0
60,0.1,18,range_scaled,Batter,17,Take,1.0
60,0.1,18,range_scaled,Pitcher,1,Fastball_Bottom,0.0
60,0.1,18,range_scaled,Pitcher,1,Fastball_Middle,0.06360612124875387
60,0.1,18,range_scaled,Pitcher,1,Fastball_Top,0.9363938787512461
60,0.1,18,range_scaled,Pitcher,1,Fastball_Chase,0.0
60,0.1,18,range_scaled,Pitcher,1,Offspeed_Bottom,0.0
60,0.1,18,range_scaled,Pitcher,1,Offspeed_Middle,0.0
60,0.1,18,range_scaled,Pitcher,1,Offspeed_Top,0.0
60,0.1,18,range_scaled,Pitcher,1,Offspeed_Chase,0.0
60,0.1,18,range_scaled,Pitcher,2,Fastball_Bottom,0.125
60,0.1,18,range_scaled,Pitcher,2,Fastball_Middle,0.125
60,0.1,18,range_scaled,Pitcher,2,Fastball_Top,0.125
60,0.1,18,range_scaled,Pitcher,2,Fastball_Chase,0.125
60,0.1,18,range_scaled,Pitcher,2,Offspeed_Bottom,0.125
60,0.1,18,range_scaled,Pitcher,2,Offspeed_Middle,0.125
60,0.1,18,range_scaled,Pitcher,2,Offspeed_Top,0.125
60,0.1,18,range_scaled,Pitcher,2,Offspeed_Chase,0.125
60,0.1,18,range_scaled,Pitcher,3,Fastball_Bottom,0.125
60,0.1,18,range_scaled,Pitcher,3,Fastball_Middle,0.125
60,0.1,18,range_scaled,Pitcher,3,Fastball_Top,0.125
60,0.1,18,range_scaled,Pitcher,3,Fastball_Chase,0.125
60,0.1,18,range_scaled,Pitcher,3,Offspeed_Bottom,0.125
60,0.1,18,range_scaled,Pitcher,3,Offspeed_Middle,0.125
60,0.1,18,range_scaled,Pitcher,3,Offspeed_Top,0.125
60,0.1,18,range_scaled,Pitcher,3,Offspeed_Chase,0.125
60,0.1,18,range_scaled,Pitcher,4,Fastball_Bottom,1.0
60,0.1,18,range_scaled,Pitcher,4,Fastball_Middle,0.0
60,0.1,18,range_scaled,Pitcher,4,Fastball_Top,0.0
60,0.1,18,range_scaled,Pitcher,4,Fastball_Chase,0.0
60,0.1,18,range_scaled,Pitcher,4,Offspeed_Bottom,0.0
60,0.1,18,range_scaled,Pitcher,4,Offspeed_Middle,0.0
60,0.1,18,range_scaled,Pitcher,4,Offspeed_Top,0.0
60,0.1,18,range_scaled,Pitcher,4,Offspeed_Chase,0.0
60,0.1,18,range_scaled,Pitcher,5,Fastball_Bottom,0.0
60,0.1,18,range_scaled,Pitcher,5,Fastball_Middle,0.0
60,0.1,18,range_scaled,Pitcher,5,Fastball_Top,1.0
60,0.1,18,range_scaled,Pitcher,5,Fastball_Chase,0.0
60,0.1,18,range_scaled,Pitcher,5,Offspeed_Bottom,0.0
60,0.1,18,range_scaled,Pitcher,5,Offspeed_Middle,0.0
60,0.1,18,range_scaled,Pitcher,5,Offspeed_Top,0.0
60,0.1,18,range_scaled,Pitcher,5,Offspeed_Chase,0.0
60,0.1,18,range_scaled,Pitcher,6,Fastball_Bottom,1.0
60,0.1,18,range_scaled,Pitcher,6,Fastball_Middle,0.0
60,0.1,18,range_scaled,Pitcher,6,Fastball_Top,0.0
60,0.1,18,range_scaled,Pitcher,6,Fastball_Chase,0.0
60,0.1,18,range_scaled,Pitcher,6,Offspeed_Bottom,0.0
60,0.1,18,range_scaled,Pitcher,6,Offspeed_Middle,0.0
60,0.1,18,range_scaled,Pitcher,6,Offspeed_Top,0.0
60,0.1,18,range_scaled,Pitcher,6,Offspeed_Chase,0.0
60,0.1,18,range_scaled,Pitcher,7,Fastball_Bottom,0.0
60,0.1,18,range_scaled,Pitcher,7,Fastball_Middle,0.17522547992238138
60,0.1,18,range_scaled,Pitcher,7,Fastball_Top,0.0
60,0.1,18,range_scaled,Pitcher,7,Fastball_Chase,0.8247745200776183
60,0.1,18,range_scaled,Pitcher,7,Offspeed_Bottom,0.0
60,0.1,18,range_scaled,Pitcher,7,Offspeed_Middle,0.0
60,0.1,18,range_scaled,Pitcher,7,Offspeed_Top,0.0
60,0.1,18,range_scaled,Pitcher,7,Offspeed_Chase,0.0
60,0.1,18,range_scaled,Pitcher,8,Fastball_Bottom,0.125
60,0.1,18,range_scaled,Pitcher,8,Fastball_Middle,0.125
60,0.1,18,range_scaled,Pitcher,8,Fastball_Top,0.125
60,0.1,18,range_scaled,Pitcher,8,Fastball_Chase,0.125
60,0.1,18,range_scaled,Pitcher,8,Offspeed_Bottom,0.125
60,0.1,18,range_scaled,Pitcher,8,Offspeed_Middle,0.125
60,0.1,18,range_scaled,Pitcher,8,Offspeed_Top,0.125
60,0.1,18,range_scaled,Pitcher,8,Offspeed_Chase,0.125
60,0.1,18,range_scaled,Pitcher,9,Fastball_Bottom,0.125
60,0.1,18,range_scaled,Pitcher,9,Fastball_Middle,0.125
60,0.1,18,range_scaled,Pitcher,9,Fastball_Top,0.125
60,0.1,18,range_scaled,Pitcher,9,Fastball_Chase,0.125
60,0.1,18,range_scaled,Pitcher,9,Offspeed_Bottom,0.125
60,0.1,18,range_scaled,Pitcher,9,Offspeed_Middle,0.125
60,0.1,18,range_scaled,Pitcher,9,Offspeed_Top,0.125
60,0.1,18,range_scaled,Pitcher,9,Offspeed_Chase,0.125
60,0.1,18,range_scaled,Pitcher,10,Fastball_Bottom,0.125
60,0.1,18,range_scaled,Pitcher,10,Fastball_Middle,0.125
60,0.1,18,range_scaled,Pitcher,10,Fastball_Top,0.125
60,0.1,18,range_scaled,Pitcher,10,Fastball_Chase,0.125
60,0.1,18,range_scaled,Pitcher,10,Offspeed_Bottom,0.125
60,0.1,18,range_scaled,Pitcher,10,Offspeed_Middle,0.125
60,0.1,18,range_scaled,Pitcher,10,Offspeed_Top,0.125
60,0.1,18,range_scaled,Pitcher,10,Offspeed_Chase,0.125
60,0.1,18,range_scaled,Pitcher,11,Fastball_Bottom,0.125
60,0.1,18,range_scaled,Pitcher,11,Fastball_Middle,0.125
60,0.1,18,range_scaled,Pitcher,11,Fastball_Top,0.125
60,0.1,18,range_scaled,Pitcher,11,Fastball_Chase,0.125
60,0.1,18,range_scaled,Pitcher,11,Offspeed_Bottom,0.125
60,0.1,18,range_scaled,Pitcher,11,Offspeed_Middle,0.125
60,0.1,18,range_scaled,Pitcher,11,Offspeed_Top,0.125
60,0.1,18,range_scaled,Pitcher,11,Offspeed_Chase,0.125
60,0.1,18,range_scaled,Pitcher,12,Fastball_Bottom,0.125
60,0.1,18,range_scaled,Pitcher,12,Fastball_Middle,0.125
60,0.1,18,range_scaled,Pitcher,12,Fastball_Top,0.125
60,0.1,18,range_scaled,Pitcher,12,Fastball_Chase,0.125
60,0.1,18,range_scaled,Pitcher,12,Offspeed_Bottom,0.125
60,0.1,18,range_scaled,Pitcher,12,Offspeed_Middle,0.125
60,0.1,18,range_scaled,Pitcher,12,Offspeed_Top,0.125
60,0.1,18,range_scaled,Pitcher,12,Offspeed_Chase,0.125
60,0.1,18,range_scaled,Pitcher,13,Fastball_Bottom,0.125
60,0.1,18,range_scaled,Pitcher,13,Fastball_Middle,0.125
60,0.1,18,range_scaled,Pitcher,13,Fastball_Top,0.125
60,0.1,18,range_scaled,Pitcher,13,Fastball_Chase,0.125
60,0.1,18,range_scaled,Pitcher,13,Offspeed_Bottom,0.125
60,0.1,18,range_scaled,Pitcher,13,Offspeed_Middle,0.125
60,0.1,18,range_scaled,Pitcher,13,Offspeed_Top,0.125
60,0.1,18,range_scaled,Pitcher,13,Offspeed_Chase,0.125
60,0.1,18,range_scaled,Pitcher,14,Fastball_Bottom,0.125
60,0.1,18,range_scaled,Pitcher,14,Fastball_Middle,0.125
60,0.1,18,range_scaled,Pitcher,14,Fastball_Top,0.125
60,0.1,18,range_scaled,Pitcher,14,Fastball_Chase,0.125
60,0.1,18,range_scaled,Pitcher,14,Offspeed_Bottom,0.125
60,0.1,18,range_scaled,Pitcher,14,Offspeed_Middle,0.125
60,0.1,18,range_scaled,Pitcher,14,Offspeed_Top,0.125
60,0.1,18,range_scaled,Pitcher,14,Offspeed_Chase,0.125
60,0.1,18,range_scaled,Pitcher,15,Fastball_Bottom,0.125
60,0.1,18,range_scaled,Pitcher,15,Fastball_Middle,0.125
60,0.1,18,range_scaled,Pitcher,15,Fastball_Top,0.125
60,0.1,18,range_scaled,Pitcher,15,Fastball_Chase,0.125
60,0.1,18,range_scaled,Pitcher,15,Offspeed_Bottom,0.125
60,0.1,18,range_scaled,Pitcher,15,Offspeed_Middle,0.125
60,0.1,18,range_scaled,Pitcher,15,Offspeed_Top,0.125
60,0.1,18,range_scaled,Pitcher,15,Offspeed_Chase,0.125
60,0.1,18,range_scaled,Pitcher,16,Fastball_Bottom,0.125
60,0.1,18,range_scaled,Pitcher,16,Fastball_Middle,0.125
60,0.1,18,range_scaled,Pitcher,16,Fastball_Top,0.125
60,0.1,18,range_scaled,Pitcher,16,Fastball_Chase,0.125
60,0.1,18,range_scaled,Pitcher,16,Offspeed_Bottom,0.125
60,0.1,18,range_scaled,Pitcher,16,Offspeed_Middle,0.125
60,0.1,18,range_scaled,Pitcher,16,Offspeed_Top,0.125
60,0.1,18,range_scaled,Pitcher,16,Offspeed_Chase,0.125
60,0.1,18,range_scaled,Pitcher,17,Fastball_Bottom,0.125
60,0.1,18,range_scaled,Pitcher,17,Fastball_Middle,0.125
60,0.1,18,range_scaled,Pitcher,17,Fastball_Top,0.125
60,0.1,18,range_scaled,Pitcher,17,Fastball_Chase,0.125
60,0.1,18,range_scaled,Pitcher,17,Offspeed_Bottom,0.125
60,0.1,18,range_scaled,Pitcher,17,Offspeed_Middle,0.125
60,0.1,18,range_scaled,Pitcher,17,Offspeed_Top,0.125
60,0.1,18,range_scaled,Pitcher,17,Offspeed_Chase,0.125
61,0.1,19,range_scaled,Batter,1,Swing,0.22261790289166672
61,0.1,19,range_scaled,Batter,1,Take,0.7773820971083333
61,0.1,19,range_scaled,Batter,2,Swing,1.0
61,0.1,19,range_scaled,Batter,2,Take,0.0
61,0.1,19,range_scaled,Batter,3,Swing,0.6117856532789342
61,0.1,19,range_scaled,Batter,3,Take,0.38821434672106575
61,0.1,19,range_scaled,Batter,4,Swing,1.0
61,0.1,19,range_scaled,Batter,4,Take,0.0
61,0.1,19,range_scaled,Batter,5,Swing,0.0
61,0.1,19,range_scaled,Batter,5,Take,1.0
61,0.1,19,range_scaled,Batter,6,Swing,1.0
61,0.1,19,range_scaled,Batter,6,Take,0.0
61,0.1,19,range_scaled,Batter,7,Swing,1.0
61,0.1,19,range_scaled,Batter,7,Take,0.0
61,0.1,19,range_scaled,Batter,8,Swing,1.0
61,0.1,19,range_scaled,Batter,8,Take,0.0
61,0.1,19,range_scaled,Batter,9,Swing,0.7060854646136189
61,0.1,19,range_scaled,Batter,9,Take,0.2939145353863809
61,0.1,19,range_scaled,Batter,10,Swing,1.0
61,0.1,19,range_scaled,Batter,10,Take,0.0
61,0.1,19,range_scaled,Batter,11,Swing,0.0
61,0.1,19,range_scaled,Batter,11,Take,1.0
61,0.1,19,range_scaled,Batter,12,Swing,1.0
61,0.1,19,range_scaled,Batter,12,Take,0.0
61,0.1,19,range_scaled,Batter,13,Swing,1.0
61,0.1,19,range_scaled,Batter,13,Take,0.0
61,0.1,19,range_scaled,Batter,14,Swing,1.0
61,0.1,19,range_scaled,Batter,14,Take,0.0
61,0.1,19,range_scaled,Batter,15,Swing,1.0
61,0.1,19,range_scaled,Batter,15,Take,0.0
61,0.1,19,range_scaled,Batter,16,Swing,1.0
61,0.1,19,range_scaled,Batter,16,Take,0.0
61,0.1,19,range_scaled,Batter,17,Swing,0.2023916627533331
61,0.1,19,range_scaled,Batter,17,Take,0.797608337246667
61,0.1,19,range_scaled,Pitcher,1,Fastball_Bottom,0.24912293873673796
61,0.1,19,range_scaled,Pitcher,1,Fastball_Middle,-0.0
61,0.1,19,range_scaled,Pitcher,1,Fastball_Top,-0.0
61,0.1,19,range_scaled,Pitcher,1,Fastball_Chase,0.750877061263262
61,0.1,19,range_scaled,Pitcher,1,Offspeed_Bottom,-0.0
61,0.1,19,range_scaled,Pitcher,1,Offspeed_Middle,-0.0
61,0.1,19,range_scaled,Pitcher,1,Offspeed_Top,-0.0
61,0.1,19,range_scaled,Pitcher,1,Offspeed_Chase,-0.0
61,0.1,19,range_scaled,Pitcher,2,Fastball_Bottom,1.0
61,0.1,19,range_scaled,Pitcher,2,Fastball_Middle,0.0
61,0.1,19,range_scaled,Pitcher,2,Fastball_Top,0.0
61,0.1,19,range_scaled,Pitcher,2,Fastball_Chase,0.0
61,0.1,19,range_scaled,Pitcher,2,Offspeed_Bottom,0.0
61,0.1,19,range_scaled,Pitcher,2,Offspeed_Middle,0.0
61,0.1,19,range_scaled,Pitcher,2,Offspeed_Top,0.0
61,0.1,19,range_scaled,Pitcher,2,Offspeed_Chase,0.0
61,0.1,19,range_scaled,Pitcher,3,Fastball_Bottom,0.0
61,0.1,19,range_scaled,Pitcher,3,Fastball_Middle,0.0
61,0.1,19,range_scaled,Pitcher,3,Fastball_Top,0.27670013830219214
61,0.1,19,range_scaled,Pitcher,3,Fastball_Chase,0.0
61,0.1,19,range_scaled,Pitcher,3,Offspeed_Bottom,0.0
61,0.1,19,range_scaled,Pitcher,3,Offspeed_Middle,0.0
61,0.1,19,range_scaled,Pitcher,3,Offspeed_Top,0.7232998616978078
61,0.1,19,range_scaled,Pitcher,3,Offspeed_Chase,0.0
61,0.1,19,range_scaled,Pitcher,4,Fastball_Bottom,0.125
61,0.1,19,range_scaled,Pitcher,4,Fastball_Middle,0.125
61,0.1,19,range_scaled,Pitcher,4,Fastball_Top,0.125
61,0.1,19,range_scaled,Pitcher,4,Fastball_Chase,0.125
61,0.1,19,range_scaled,Pitcher,4,Offspeed_Bottom,0.125
61,0.1,19,range_scaled,Pitcher,4,Offspeed_Middle,0.125
61,0.1,19,range_scaled,Pitcher,4,Offspeed_Top,0.125
61,0.1,19,range_scaled,Pitcher,4,Offspeed_Chase,0.125
61,0.1,19,range_scaled,Pitcher,5,Fastball_Bottom,0.125
61,0.1,19,range_scaled,Pitcher,5,Fastball_Middle,0.125
61,0.1,19,range_scaled,Pitcher,5,Fastball_Top,0.125
61,0.1,19,range_scaled,Pitcher,5,Fastball_Chase,0.125
61,0.1,19,range_scaled,Pitcher,5,Offspeed_Bottom,0.125
61,0.1,19,range_scaled,Pitcher,5,Offspeed_Middle,0.125
61,0.1,19,range_scaled,Pitcher,5,Offspeed_Top,0.125
61,0.1,19,range_scaled,Pitcher,5,Offspeed_Chase,0.125
61,0.1,19,range_scaled,Pitcher,6,Fastball_Bottom,0.125
61,0.1,19,range_scaled,Pitcher,6,Fastball_Middle,0.125
61,0.1,19,range_scaled,Pitcher,6,Fastball_Top,0.125
61,0.1,19,range_scaled,Pitcher,6,Fastball_Chase,0.125
61,0.1,19,range_scaled,Pitcher,6,Offspeed_Bottom,0.125
61,0.1,19,range_scaled,Pitcher,6,Offspeed_Middle,0.125
61,0.1,19,range_scaled,Pitcher,6,Offspeed_Top,0.125
61,0.1,19,range_scaled,Pitcher,6,Offspeed_Chase,0.125
61,0.1,19,range_scaled,Pitcher,7,Fastball_Bottom,0.125
61,0.1,19,range_scaled,Pitcher,7,Fastball_Middle,0.125
61,0.1,19,range_scaled,Pitcher,7,Fastball_Top,0.125
61,0.1,19,range_scaled,Pitcher,7,Fastball_Chase,0.125
61,0.1,19,range_scaled,Pitcher,7,Offspeed_Bottom,0.125
61,0.1,19,range_scaled,Pitcher,7,Offspeed_Middle,0.125
61,0.1,19,range_scaled,Pitcher,7,Offspeed_Top,0.125
61,0.1,19,range_scaled,Pitcher,7,Offspeed_Chase,0.125
61,0.1,19,range_scaled,Pitcher,8,Fastball_Bottom,1.0
61,0.1,19,range_scaled,Pitcher,8,Fastball_Middle,0.0
61,0.1,19,range_scaled,Pitcher,8,Fastball_Top,0.0
61,0.1,19,range_scaled,Pitcher,8,Fastball_Chase,0.0
61,0.1,19,range_scaled,Pitcher,8,Offspeed_Bottom,0.0
61,0.1,19,range_scaled,Pitcher,8,Offspeed_Middle,0.0
61,0.1,19,range_scaled,Pitcher,8,Offspeed_Top,0.0
61,0.1,19,range_scaled,Pitcher,8,Offspeed_Chase,0.0
61,0.1,19,range_scaled,Pitcher,9,Fastball_Bottom,0.0
61,0.1,19,range_scaled,Pitcher,9,Fastball_Middle,0.0
61,0.1,19,range_scaled,Pitcher,9,Fastball_Top,0.487493391118622
61,0.1,19,range_scaled,Pitcher,9,Fastball_Chase,0.0
61,0.1,19,range_scaled,Pitcher,9,Offspeed_Bottom,0.0
61,0.1,19,range_scaled,Pitcher,9,Offspeed_Middle,0.0
61,0.1,19,range_scaled,Pitcher,9,Offspeed_Top,0.0
61,0.1,19,range_scaled,Pitcher,9,Offspeed_Chase,0.512506608881378
61,0.1,19,range_scaled,Pitcher,10,Fastball_Bottom,0.125
61,0.1,19,range_scaled,Pitcher,10,Fastball_Middle,0.125
61,0.1,19,range_scaled,Pitcher,10,Fastball_Top,0.125
61,0.1,19,range_scaled,Pitcher,10,Fastball_Chase,0.125
61,0.1,19,range_scaled,Pitcher,10,Offspeed_Bottom,0.125
61,0.1,19,range_scaled,Pitcher,10,Offspeed_Middle,0.125
61,0.1,19,range_scaled,Pitcher,10,Offspeed_Top,0.125
61,0.1,19,range_scaled,Pitcher,10,Offspeed_Chase,0.125
61,0.1,19,range_scaled,Pitcher,11,Fastball_Bottom,0.125
61,0.1,19,range_scaled,Pitcher,11,Fastball_Middle,0.125
61,0.1,19,range_scaled,Pitcher,11,Fastball_Top,0.125
61,0.1,19,range_scaled,Pitcher,11,Fastball_Chase,0.125
61,0.1,19,range_scaled,Pitcher,11,Offspeed_Bottom,0.125
61,0.1,19,range_scaled,Pitcher,11,Offspeed_Middle,0.125
61,0.1,19,range_scaled,Pitcher,11,Offspeed_Top,0.125
61,0.1,19,range_scaled,Pitcher,11,Offspeed_Chase,0.125
61,0.1,19,range_scaled,Pitcher,12,Fastball_Bottom,0.125
61,0.1,19,range_scaled,Pitcher,12,Fastball_Middle,0.125
61,0.1,19,range_scaled,Pitcher,12,Fastball_Top,0.125
61,0.1,19,range_scaled,Pitcher,12,Fastball_Chase,0.125
61,0.1,19,range_scaled,Pitcher,12,Offspeed_Bottom,0.125
61,0.1,19,range_scaled,Pitcher,12,Offspeed_Middle,0.125
61,0.1,19,range_scaled,Pitcher,12,Offspeed_Top,0.125
61,0.1,19,range_scaled,Pitcher,12,Offspeed_Chase,0.125
61,0.1,19,range_scaled,Pitcher,13,Fastball_Bottom,0.125
61,0.1,19,range_scaled,Pitcher,13,Fastball_Middle,0.125
61,0.1,19,range_scaled,Pitcher,13,Fastball_Top,0.125
61,0.1,19,range_scaled,Pitcher,13,Fastball_Chase,0.125
61,0.1,19,range_scaled,Pitcher,13,Offspeed_Bottom,0.125
61,0.1,19,range_scaled,Pitcher,13,Offspeed_Middle,0.125
61,0.1,19,range_scaled,Pitcher,13,Offspeed_Top,0.125
61,0.1,19,range_scaled,Pitcher,13,Offspeed_Chase,0.125
61,0.1,19,range_scaled,Pitcher,14,Fastball_Bottom,0.125
61,0.1,19,range_scaled,Pitcher,14,Fastball_Middle,0.125
61,0.1,19,range_scaled,Pitcher,14,Fastball_Top,0.125
61,0.1,19,range_scaled,Pitcher,14,Fastball_Chase,0.125
61,0.1,19,range_scaled,Pitcher,14,Offspeed_Bottom,0.125
61,0.1,19,range_scaled,Pitcher,14,Offspeed_Middle,0.125
61,0.1,19,range_scaled,Pitcher,14,Offspeed_Top,0.125
61,0.1,19,range_scaled,Pitcher,14,Offspeed_Chase,0.125
61,0.1,19,range_scaled,Pitcher,15,Fastball_Bottom,0.125
61,0.1,19,range_scaled,Pitcher,15,Fastball_Middle,0.125
61,0.1,19,range_scaled,Pitcher,15,Fastball_Top,0.125
61,0.1,19,range_scaled,Pitcher,15,Fastball_Chase,0.125
61,0.1,19,range_scaled,Pitcher,15,Offspeed_Bottom,0.125
61,0.1,19,range_scaled,Pitcher,15,Offspeed_Middle,0.125
61,0.1,19,range_scaled,Pitcher,15,Offspeed_Top,0.125
61,0.1,19,range_scaled,Pitcher,15,Offspeed_Chase,0.125
61,0.1,19,range_scaled,Pitcher,16,Fastball_Bottom,0.125
61,0.1,19,range_scaled,Pitcher,16,Fastball_Middle,0.125
61,0.1,19,range_scaled,Pitcher,16,Fastball_Top,0.125
61,0.1,19,range_scaled,Pitcher,16,Fastball_Chase,0.125
61,0.1,19,range_scaled,Pitcher,16,Offspeed_Bottom,0.125
61,0.1,19,range_scaled,Pitcher,16,Offspeed_Middle,0.125
61,0.1,19,range_scaled,Pitcher,16,Offspeed_Top,0.125
61,0.1,19,range_scaled,Pitcher,16,Offspeed_Chase,0.125
61,0.1,19,range_scaled,Pitcher,17,Fastball_Bottom,0.125
61,0.1,19,range_scaled,Pitcher,17,Fastball_Middle,0.125
61,0.1,19,range_scaled,Pitcher,17,Fastball_Top,0.125
61,0.1,19,range_scaled,Pitcher,17,Fastball_Chase,0.125
61,0.1,19,range_scaled,Pitcher,17,Offspeed_Bottom,0.125
61,0.1,19,range_scaled,Pitcher,17,Offspeed_Middle,0.125
61,0.1,19,range_scaled,Pitcher,17,Offspeed_Top,0.125
61,0.1,19,range_scaled,Pitcher,17,Offspeed_Chase,0.125
